=== 5m 데이터 불러오기 ===
                            open         high          low        close     volume              close_time  quote_asset_volume  trades  taker_base_volume  taker_quote_volume ignore        EMA_5       EMA_20       SMA_60         VWAP    RSI_14        MACD  MACD_signal   MACD_hist          BBL          BBM          BBU     ATR_14    ADX_14   STOCH_K   STOCH_D      CCI_20          OBV    CMF_20
open_time                                                                                                                                                                                                                                                                                                                                                                                                 
2025-02-16 09:05:00 97138.380000 97154.810000 97117.500000 97124.360000  28.422520 2025-02-16 09:09:59.999      2760827.530525    5961          16.754250      1627432.475494      0 97134.430000 97248.291000 97189.652000 97132.223333 68.197499    7.844426     3.376220    4.468206 97085.478168 97248.291000 97411.103832  47.669286 13.560037 68.580245 61.620781   13.796772    28.422520 -0.026348
2025-02-16 09:10:00 97124.360000 97145.000000 97112.300000 97123.660000  26.157380 2025-02-16 09:14:59.999      2540496.105136    7702          12.191570      1184073.062662      0 97134.430000 97248.291000 97189.652000 97129.713664 68.197499    7.844426     3.376220    4.468206 97085.478168 97248.291000 97411.103832  47.669286 13.560037 68.580245 61.620781   13.796772     2.265140 -0.026348
2025-02-16 09:15:00 97123.650000 97123.660000 97061.580000 97092.990000  31.591120 2025-02-16 09:19:59.999      3067015.736623    7609          11.774360      1143066.777226      0 97134.430000 97248.291000 97189.652000 97116.159987 68.197499    7.844426     3.376220    4.468206 97085.478168 97248.291000 97411.103832  47.669286 13.560037 68.580245 61.620781   13.796772   -29.325980 -0.026348
2025-02-16 09:20:00 97092.990000 97143.850000 97092.990000 97143.840000   9.542970 2025-02-16 09:24:59.999       926656.244657    3340           5.907440       573651.201637      0 97134.430000 97248.291000 97189.652000 97117.230134 68.197499    7.844426     3.376220    4.468206 97085.478168 97248.291000 97411.103832  47.669286 13.560037 68.580245 61.620781   13.796772   -19.783010 -0.026348
2025-02-16 09:25:00 97143.850000 97187.300000 97143.840000 97187.300000  10.180160 2025-02-16 09:29:59.999       989217.202949    3579           7.143460       694125.185809      0 97134.430000 97248.291000 97189.652000 97122.573638 68.197499    7.844426     3.376220    4.468206 97085.478168 97248.291000 97411.103832  47.669286 13.560037 68.580245 61.620781   13.796772    -9.602850 -0.026348
2025-02-16 09:30:00 97187.300000 97197.650000 97174.640000 97186.190000  24.141150 2025-02-16 09:34:59.999      2346249.400498    5932           9.478310       921212.535538      0 97151.683333 97248.291000 97189.652000 97134.378494 68.197499    7.844426     3.376220    4.468206 97085.478168 97248.291000 97411.103832  47.669286 13.560037 68.580245 61.620781   13.796772   -33.744000 -0.026348
2025-02-16 09:35:00 97186.180000 97220.570000 97167.940000 97220.560000  14.627460 2025-02-16 09:39:59.999      1421614.300336    4623           8.446450       820941.678242      0 97174.642222 97248.291000 97189.652000 97141.319462 68.197499    7.844426     3.376220    4.468206 97085.478168 97248.291000 97411.103832  47.669286 13.560037 68.580245 61.620781   13.796772   -19.116540 -0.026348
2025-02-16 09:40:00 97220.570000 97309.740000 97220.560000 97302.630000  24.334510 2025-02-16 09:44:59.999      2367247.613766    7861          17.491960      1701583.024028      0 97217.304815 97248.291000 97189.652000 97160.949215 68.197499    7.844426     3.376220    4.468206 97085.478168 97248.291000 97411.103832  47.669286 13.560037 68.580245 61.620781   13.796772     5.217970 -0.026348
2025-02-16 09:45:00 97302.620000 97314.180000 97287.020000 97297.560000  10.680230 2025-02-16 09:49:59.999      1039136.406924    4160           5.270170       512750.575394      0 97244.056543 97248.291000 97189.652000 97169.189979 68.197499    7.844426     3.376220    4.468206 97085.478168 97248.291000 97411.103832  47.669286 13.560037 68.580245 61.620781   13.796772    -5.462260 -0.026348
2025-02-16 09:50:00 97297.560000 97361.750000 97297.560000 97360.260000  20.853610 2025-02-16 09:54:59.999      2029810.106344    6300          10.546050      1026498.556928      0 97282.791029 97248.291000 97189.652000 97186.937931 68.197499    7.844426     3.376220    4.468206 97085.478168 97248.291000 97411.103832  47.669286 13.560037 68.580245 61.620781   13.796772    15.391350 -0.026348
2025-02-16 09:55:00 97360.260000 97365.740000 97321.860000 97365.740000  19.828240 2025-02-16 09:59:59.999      1930253.404094    5512          11.806720      1149327.038214      0 97310.440686 97248.291000 97189.652000 97201.710661 68.197499    7.844426     3.376220    4.468206 97085.478168 97248.291000 97411.103832  47.669286 13.560037 68.580245 61.620781   13.796772    35.219590 -0.026348
2025-02-16 10:00:00 97365.730000 97388.890000 97336.430000 97371.480000  18.146300 2025-02-16 10:04:59.999      1766806.715482    4377           6.905750       672337.405725      0 97330.787124 97248.291000 97189.652000 97214.179905 68.197499    7.844426     3.376220    4.468206 97085.478168 97248.291000 97411.103832  47.669286 13.560037 68.580245 61.620781   13.796772    53.365890 -0.026348
2025-02-16 10:05:00 97371.470000 97371.480000 97306.690000 97316.220000  12.279930 2025-02-16 10:09:59.999      1195108.761982    4687           4.505190       438428.258232      0 97325.931416 97248.291000 97189.652000 97219.922788 68.197499    7.844426     3.376220    4.468206 97085.478168 97248.291000 97411.103832  47.669286 13.560037 68.580245 61.620781   13.796772    41.085960 -0.026348
2025-02-16 10:10:00 97316.210000 97323.230000 97312.330000 97315.060000  14.515180 2025-02-16 10:14:59.999      1412623.319821    2486           2.939870       286101.521071      0 97322.307611 97248.291000 97189.652000 97225.227163 68.197499    7.844426     3.376220    4.468206 97085.478168 97248.291000 97411.103832  47.669286 13.560037 68.580245 61.620781   13.796772    26.570780 -0.026348
2025-02-16 10:15:00 97315.070000 97315.070000 97265.000000 97276.280000  36.760660 2025-02-16 10:19:59.999      3576976.461973    4520           3.332050       324125.850983      0 97306.965074 97248.291000 97189.652000 97232.556239 68.197499    7.844426     3.376220    4.468206 97085.478168 97248.291000 97411.103832  47.669286 13.560037 68.580245 61.620781   13.796772   -10.189880 -0.026348
2025-02-16 10:20:00 97276.280000 97276.290000 97266.810000 97266.810000  13.632530 2025-02-16 10:24:59.999      1326011.711575    1785           1.126670       109590.757184      0 97293.580049 97248.291000 97189.652000 97234.171868 66.571027    7.844426     3.376220    4.468206 97085.478168 97248.291000 97411.103832  44.941480 13.560037 68.580245 61.620781   13.796772   -23.822410 -0.026348
2025-02-16 10:25:00 97266.810000 97286.280000 97266.810000 97267.900000  37.673730 2025-02-16 10:29:59.999      3664475.506584    2684          33.590000      3267224.669264      0 97285.020033 97248.291000 97189.652000 97238.382188 66.669559    7.844426     3.376220    4.468206 97085.478168 97248.291000 97411.103832  43.122088 13.560037 62.469506 61.620781   13.796772    13.851320 -0.026348
2025-02-16 10:30:00 97267.900000 97276.550000 97240.940000 97240.940000  13.403960 2025-02-16 10:34:59.999      1303712.796431    3786           2.512080       244339.689621      0 97270.326689 97248.291000 97189.652000 97238.909463 61.816248    7.844426     3.376220    4.468206 97085.478168 97248.291000 97411.103832  42.585510 13.560037 53.812593 61.620781   13.796772     0.447360 -0.026348
2025-02-16 10:35:00 97240.930000 97255.990000 97228.890000 97234.240000  15.142450 2025-02-16 10:39:59.999      1472491.854376    3934           8.536860       830128.638247      0 97258.297792 97248.291000 97189.652000 97238.941072 60.634913    7.844426     3.376220    4.468206 97085.478168 97248.291000 97411.103832  41.479403 13.560037 42.914180 53.065427   13.796772   -14.695090 -0.026348
2025-02-16 10:40:00 97234.250000 97271.810000 97234.250000 97271.800000  22.386840 2025-02-16 10:44:59.999      2177343.223660    3456           6.251950       608024.753701      0 97262.798528 97248.291000 97189.652000 97240.067642 64.706809    7.844426     3.376220    4.468206 97085.478168 97248.291000 97411.103832  41.200160 13.560037 38.879155 45.201976   13.796772     7.691750 -0.026348
2025-02-16 10:45:00 97271.810000 97281.020000 97271.230000 97281.020000  13.108610 2025-02-16 10:49:59.999      1275149.972623    5103           3.004380       292249.712213      0 97268.872352 97251.408048 97189.652000 97241.251254 65.646209    7.844426     3.376220    4.468206 97103.136897 97256.124000 97409.111103  38.956577 13.560037 37.643481 39.812272   27.235503    20.800360  0.052513
2025-02-16 10:50:00 97281.020000 97300.000000 97242.230000 97242.240000  14.073520 2025-02-16 10:54:59.999      1369080.866206    4430           3.431430       333840.950991      0 97259.994901 97250.534900 97189.652000 97241.911373 58.583140    7.844426     3.376220    4.468206 97121.363085 97262.053000 97402.742915  40.300393 13.560037 30.422468 35.648368    2.831994     6.726840  0.038050
2025-02-16 10:55:00 97242.230000 97242.240000 97166.660000 97180.980000  14.722520 2025-02-16 10:59:59.999      1431000.719672    7421           2.568300       249605.434770      0 97233.656601 97243.910624 97189.652000 97240.417208 49.519301    7.844426     3.376220    4.468206 97142.701393 97266.452500 97390.203607  42.820365 13.560037 16.901689 28.322546  -93.978937    -7.995680  0.013391
2025-02-16 11:00:00 97180.980000 97180.990000 97152.000000 97170.000000  36.773830 2025-02-16 11:04:59.999      3573136.565367    7263          11.037260      1072385.005158      0 97212.437734 97236.871517 97189.652000 97234.877761 48.083335    7.844426     3.376220    4.468206 97148.759051 97267.760500 97386.761949  41.832481 13.560037  7.461996 18.262051 -143.677151   -44.769510  0.010778
2025-02-16 11:05:00 97170.000000 97225.140000 97169.990000 97225.130000  45.333060 2025-02-16 11:09:59.999      4406033.533833    3336          41.579050      4041115.643731      0 97216.668489 97235.753277 97189.652000 97232.464480 55.120363    7.844426     3.376220    4.468206 97154.692323 97269.652000 97384.611677  42.783733 13.560037 14.971035 13.111574  -93.070991     0.563550  0.093061
2025-02-16 11:10:00 97225.140000 97236.940000 97204.620000 97204.890000  24.654660 2025-02-16 11:14:59.999      2397067.088243    8072           2.847790       276886.197160      0 97212.742326 97232.813918 97189.652000 97231.707357 52.316674    7.844426     3.376220    4.468206 97158.079788 97270.587000 97383.094212  42.036323 13.560037 20.855733 14.429588  -85.180285   -24.091110  0.035404
2025-02-16 11:15:00 97204.890000 97250.000000 97202.760000 97249.990000  28.197690 2025-02-16 11:19:59.999      2741194.848794    3867          13.079470      1271506.272455      0 97225.158217 97234.449735 97189.652000 97231.830724 57.503713    7.844426     3.376220    4.468206 97161.453262 97272.058500 97382.663738  42.408014 13.560037 37.398619 24.408463  -60.374385     4.106580  0.065377
2025-02-16 11:20:00 97249.990000 97288.890000 97249.990000 97266.690000  19.805690 2025-02-16 11:24:59.999      1926594.114220    3188           4.533730       440995.672505      0 97239.002145 97237.520236 97189.652000 97233.039972 59.270509    7.844426     3.376220    4.468206 97160.537106 97270.261500 97379.985894  42.157442 13.560037 50.552249 36.268867   -3.576104    23.912270  0.012229
2025-02-16 11:25:00 97266.690000 97284.740000 97266.690000 97284.730000  22.225550 2025-02-16 11:29:59.999      2161948.051872    2167          19.864590      1932279.084563      0 97254.244763 97242.016404 97189.652000 97234.669096 61.149551    7.844426     3.376220    4.468206 97160.392612 97269.620000 97378.847388  40.435482 13.436489 72.413771 53.454880   15.344260    46.137820  0.067358
2025-02-16 11:30:00 97284.740000 97284.740000 97257.020000 97264.890000  15.029210 2025-02-16 11:34:59.999      1461818.852337    3015           5.063970       492547.708917      0 97257.793176 97244.194842 97189.652000 97235.474788 57.981400    7.844426     3.376220    4.468206 97163.851398 97264.851500 97365.851602  39.527233 12.928912 78.763740 67.243253    5.133904    31.108610  0.007982
2025-02-16 11:35:00 97264.890000 97315.000000 97264.880000 97277.760000  50.490100 2025-02-16 11:39:59.999      4912618.078773    5111          41.779260      4065071.723660      0 97264.448784 97247.391524 97189.652000 97239.170022 59.449091    7.844426     3.376220    4.468206 97170.334556 97260.452500 97350.570444  40.283859 13.442169 81.037611 77.405041   46.327522    81.598710 -0.087272
2025-02-16 11:40:00 97277.770000 97277.770000 97215.150000 97243.120000  35.225250 2025-02-16 11:44:59.999      3425867.470978    5852           9.522560       925919.929172      0 97257.339189 97246.984712 97189.652000 97239.470563 53.983488    7.844426     3.376220    4.468206 97179.528508 97254.034500 97328.540492  41.879298 12.174919 69.777414 76.526255  -25.863363    46.373460 -0.104512
2025-02-16 11:45:00 97243.120000 97277.000000 97243.110000 97277.000000  44.533600 2025-02-16 11:49:59.999      4331556.058367    3724          37.422260      3639889.866892      0 97263.892793 97249.843311 97189.652000 97240.990770 58.046186    7.844426     3.376220    4.468206 97182.303618 97252.073500 97321.843382  41.308634 11.059068 69.914110 73.576379   30.061831    90.907060  0.004766
2025-02-16 11:50:00 97276.990000 97285.330000 97268.520000 97283.760000  30.732720 2025-02-16 11:54:59.999      2989489.206797    6674           8.852850       861176.941137      0 97270.515195 97253.073472 97189.652000 97242.460196 58.827271    7.844426     3.376220    4.468206 97185.198573 97250.508500 97315.818427  39.558731 10.275670 71.141104 70.277543   71.793174   121.639780  0.064999
2025-02-16 11:55:00 97283.750000 97336.030000 97283.750000 97336.000000  38.600520 2025-02-16 11:59:59.999      3756475.244761    4828          31.782060      3092898.867242      0 97292.343463 97260.971236 97189.652000 97245.967898 64.350815   13.170079     5.334992    7.835087 97178.938166 97253.494500 97328.050834  40.467393 11.006571 85.835057 75.630091  162.451762   160.240300  0.174443
2025-02-16 12:00:00 97335.990000 97336.000000 97285.320000 97288.700000  29.250130 2025-02-16 12:04:59.999      2846265.090054    8084           7.991740       777591.250516      0 97291.128976 97263.612071 97189.652000 97247.903342 56.906683   13.419293     6.951852    6.467441 97178.652973 97254.589000 97330.525027  41.196865 11.658855 85.033140 80.669767  114.628027   130.990170  0.148252
2025-02-16 12:05:00 97288.710000 97288.710000 97235.660000 97255.680000  16.051290 2025-02-16 12:09:59.999      1561060.107274    4736           6.888410       669892.148931      0 97279.312650 97262.856636 97189.652000 97248.123513 52.353584   10.827546     7.726991    3.100555 97178.283955 97253.978000 97329.672045  42.043518 10.643618 76.867902 82.578700   13.815224   114.938880  0.210027
2025-02-16 12:10:00 97255.670000 97255.680000 97232.600000 97232.600000  15.110640 2025-02-16 12:14:59.999      1469474.245749    3394           5.348150       520098.192008      0 97263.741767 97259.975051 97189.652000 97247.991786 49.379625    6.832445     7.548082   -0.715637 97177.493275 97253.561000 97329.628725  40.688981  9.819141 56.109263 72.670102  -31.494037    99.828240  0.206141
2025-02-16 12:15:00 97232.600000 97232.610000 97205.500000 97220.470000  12.766470 2025-02-16 12:19:59.999      1241102.301087    3392           5.540820       538651.019981      0 97249.317845 97256.212665 97189.652000 97247.592879 47.841461    2.656882     6.569842   -3.912960 97175.874154 97252.872500 97329.870846  39.719054  9.819508 35.778411 56.251859  -74.793853    87.061770  0.226906
2025-02-16 12:20:00 97220.470000 97272.710000 97220.470000 97263.780000  25.318480 2025-02-16 12:24:59.999      2462043.143481    4108          11.272730      1096274.942000      0 97254.138563 97256.933364 97189.652000 97247.720704 53.420527    2.810080     5.817889   -3.007810 97175.788733 97252.471500 97329.154267  40.613407  9.313953 32.261114 41.382929    0.003038   112.380250  0.214918
2025-02-16 12:25:00 97263.790000 97263.790000 97243.050000 97243.060000  24.828860 2025-02-16 12:29:59.999      2414646.010207    2601           6.793530       660669.394053      0 97250.445709 97255.612091 97189.652000 97247.778724 50.630341    1.245206     4.903353   -3.658147 97174.939189 97250.573500 97326.207811  39.193878  8.856235 29.283518 32.441015   -2.271768    87.551390  0.140556
2025-02-16 12:30:00 97243.050000 97243.060000 97189.870000 97199.990000  70.928500 2025-02-16 12:34:59.999      6894916.941103    4693          22.809070      2217074.184564      0 97233.627139 97250.314749 97189.652000 97245.249272 45.330254   -3.430809     3.236520   -6.667329 97169.717448 97248.461000 97327.204552  40.193601  9.180518 27.161887 29.568840  -83.536055    16.622890  0.077515
2025-02-16 12:35:00 97199.990000 97233.090000 97155.270000 97159.610000  71.855200 2025-02-16 12:39:59.999      6984235.639876    5787           7.753640       753690.111705      0 97208.954759 97241.676202 97189.652000 97241.175049 40.997124  -10.276452     0.533926  -10.810378 97164.542375 97247.392500 97330.242625  42.881201 10.185619 12.699962 23.048456 -141.533592   -55.232310 -0.012381
2025-02-16 12:40:00 97159.610000 97197.780000 97126.240000 97165.270000  43.017090 2025-02-16 12:44:59.999      4179244.493173    5689           7.084040       688344.807642      0 97194.393173 97234.399421 97189.652000 97238.246629 41.836390  -15.071228    -2.587105  -12.484123 97163.401473 97247.156000 97330.910527  44.928258 11.624861  9.309737 16.390529 -182.103187   -12.215220 -0.019752
2025-02-16 12:45:00 97165.260000 97165.270000 97143.850000 97143.860000   9.913430 2025-02-16 12:49:59.999       963063.433408    2522           2.678750       260229.649550      0 97177.548782 97225.776619 97189.652000 97237.498925 39.544981  -20.363986    -6.142481  -14.221505 97148.299271 97243.092500 97337.885729  43.249097 12.937437  9.801389 10.603696 -183.589300   -22.128650 -0.108722
2025-02-16 12:50:00 97143.850000 97143.860000 97120.000000 97120.010000  10.785770 2025-02-16 12:54:59.999      1047569.561226    2294           2.902810       281928.792154      0 97158.369188 97215.703607 97189.652000 97236.487051 37.106839  -26.181231   -10.150231  -16.030999 97130.905532 97238.848500 97346.791468  41.864161 14.553164  9.002608  9.371245 -190.715568   -32.914420 -0.089267
2025-02-16 12:55:00 97120.000000 97125.640000 97096.000000 97125.630000  19.532990 2025-02-16 12:59:59.999      1896771.170000    4296           8.067520       783394.771652      0 97147.456125 97207.125168 97189.652000 97234.500619 38.075700  -29.992220   -14.118629  -15.873591 97114.157341 97232.630500 97351.103659  40.991007 16.415528  6.915931  8.573309 -168.359343   -13.381430 -0.104844
2025-02-16 13:00:00 97125.640000 97125.640000 97089.970000 97089.970000  24.578540 2025-02-16 13:04:59.999      2386548.087333    3400           3.970190       385487.533452      0 97128.294084 97195.967533 97189.652000 97231.810190 34.449358  -35.480918   -18.391087  -17.089831 97091.272866 97223.794500 97356.316134  40.610935 18.214574  4.116306  6.678282 -154.581693   -37.959970 -0.139681
2025-02-16 13:05:00 97089.980000 97093.850000 97007.080000 97037.870000  48.986100 2025-02-16 13:09:59.999      4754226.359828    8593          14.548060      1412025.298568      0 97098.152722 97180.910625 97189.652000 97224.600838 29.959825  -43.532965   -23.419462  -20.113503 97059.387231 97211.451500 97363.515769  43.908011 20.913086  7.235076  6.089105 -182.028273   -86.946070 -0.190947
2025-02-16 13:10:00 97037.870000 97118.950000 97022.450000 97118.940000  38.230090 2025-02-16 13:14:59.999      3710950.375719    5364          19.760030      1918133.134612      0 97105.081815 97175.008661 97189.652000 97220.544594 42.514025  -42.878324   -27.311235  -15.567089 97049.069930 97204.154000 97359.238070  47.664582 22.585357 16.359906  9.237096 -118.443691   -48.715980 -0.116564
2025-02-16 13:15:00 97118.940000 97199.990000 97101.850000 97170.080000  30.803270 2025-02-16 13:19:59.999      2993211.604295    5901          19.699350      1914220.949730      0 97126.747877 97174.539265 97189.652000 97219.079722 48.754054  -37.797242   -29.408436   -8.388806 97046.836601 97198.770000 97350.703399  51.269969 22.028883 36.814423 20.136469  -42.176973   -17.912710 -0.063101
2025-02-16 13:20:00 97170.080000 97212.430000 97169.530000 97185.990000  82.557600 2025-02-16 13:24:59.999      8024426.790750    4287          59.835170      5815897.571851      0 97146.495251 97175.629811 97189.652000 97217.339916 50.552363  -32.116427   -29.950034   -2.166392 97045.280168 97195.913500 97346.546832  50.672114 21.247885 56.145139 36.439823   -7.073500    64.644890 -0.081203
2025-02-16 13:25:00 97185.990000 97186.000000 97108.750000 97108.760000  30.343850 2025-02-16 13:29:59.999      2947188.766369    4162           8.285760       804675.123907      0 97133.916834 97169.261258 97189.652000 97215.597599 42.716283  -33.460443   -30.652116   -2.808327 97037.130306 97187.501500 97337.872694  52.570534 21.459502 55.665148 49.541570  -58.383668    34.301040 -0.193963
2025-02-16 13:30:00 97108.760000 97178.810000 97066.880000 97143.400000  31.788220 2025-02-16 13:34:59.999      3087255.802478    5403           7.723600       750187.640742      0 97137.077889 97166.798281 97189.652000 97213.745633 46.706600  -31.368828   -30.795458   -0.573369 97035.741193 97180.483500 97325.225807  56.810496 22.190222 52.911539 54.907275  -57.569161    66.089260 -0.213381
2025-02-16 13:35:00 97143.410000 97143.410000 97067.800000 97068.250000  20.175840 2025-02-16 13:39:59.999      1959100.208487    4196           5.873740       570305.587983      0 97114.135260 97157.412730 97189.652000 97212.117771 40.169199  -35.367490   -31.709865   -3.657625 97033.246719 97167.096000 97300.945281  58.153318 22.863293 39.101073 49.225920  -90.593901    45.913420 -0.308420
2025-02-16 13:40:00 97068.250000 97068.260000 96899.990000 96918.500000 108.152510 2025-02-16 13:44:59.999     10486861.215079   12480          17.808470      1726303.620500      0 97048.923506 97134.659137 97189.652000 97195.257200 30.890710  -50.043165   -35.376525  -14.666640 96987.503296 97148.586000 97309.668704  66.018795 25.044739 28.193767 40.068793 -217.055235   -62.239090 -0.355550
2025-02-16 13:45:00 96918.500000 97007.010000 96869.350000 96897.250000 159.075060 2025-02-16 13:49:59.999     15418521.169115   11902          48.390780      4690439.973288      0 96998.365671 97112.048743 97189.652000 97170.814310 29.837480  -62.666066   -40.834433  -21.831633 96943.573483 97130.664500 97317.755517  71.136024 27.257558 13.203597 26.832813 -218.933267  -221.314150 -0.400849
2025-02-16 13:50:00 96897.250000 96917.600000 96788.210000 96846.480000  63.681050 2025-02-16 13:54:59.999      6167143.957991   12597          14.534010      1407533.221287      0 96947.737114 97086.756482 97189.652000 97159.649833 27.431064  -75.891688   -47.845884  -28.045804 96893.215980 97111.358500 97329.501020  75.297022 29.764230  9.141634 16.846333 -234.426536  -284.995200 -0.370378
2025-02-16 13:55:00 96846.470000 96888.620000 96802.980000 96842.370000  59.528370 2025-02-16 13:59:59.999      5764495.728590    8142          22.845970      2212186.307119      0 96912.614743 97063.481579 97189.652000 97149.702690 27.239538  -85.716643   -55.420036  -30.296607 96851.110463 97092.453500 97333.796537  76.035806 32.078119 11.544991 11.296741 -191.882269  -344.523570 -0.358861
2025-02-16 14:00:00 96842.370000 96842.380000 96691.030000 96778.580000  83.581000 2025-02-16 14:04:59.999      8085768.934530   17283          29.269180      2831239.057163      0 96867.936495 97036.348095 97189.652000 97133.610178 24.392832  -97.526091   -63.841247  -33.684844 96804.138521 97068.193500 97332.248479  81.415392 34.737066 14.431363 11.705996 -193.231393  -428.104570 -0.342044
2025-02-16 14:05:00 96778.580000 96878.480000 96645.350000 96878.480000 108.627160 2025-02-16 14:09:59.999     10505289.786186   15017          34.666770      3354307.392010      0 96871.450997 97021.313038 97185.554000 97116.204931 35.722107  -97.697868   -70.612571  -27.085297 96786.376886 97049.964500 97313.552114  92.252149 37.367146 23.556298 16.510884 -143.819559  -319.477410 -0.196816
2025-02-16 14:10:00 96878.480000 96940.000000 96826.320000 96848.450000  33.913370 2025-02-16 14:14:59.999      3285528.228025    9479          18.148610      1757999.026721      0 96863.783998 97004.849892 97180.967167 97112.275525 34.069465  -99.114641   -76.312985  -22.801656 96764.315280 97032.387500 97300.459720  93.782710 38.586859 31.238995 23.075552  -89.319686  -353.390780 -0.182041
2025-02-16 14:15:00 96848.460000 96848.460000 96726.000000 96765.640000  23.700180 2025-02-16 14:19:59.999      2293769.425223   11411           9.472310       916690.714697      0 96831.069332 96982.067997 97175.511333 97108.587183 29.954083 -105.701062   -82.190601  -23.510462 96727.549868 97012.689000 97297.828132  95.831088 40.204710 32.712610 29.169301 -119.123876  -377.090960 -0.136727
2025-02-16 14:20:00 96765.650000 96840.060000 96713.620000 96812.780000  29.407930 2025-02-16 14:24:59.999      2846160.487374   11928          17.223220      1666967.876641      0 96824.972888 96965.945331 97169.993667 97104.242264 34.783490 -105.896338   -86.931748  -18.964590 96706.276755 96995.064500 97283.852245  98.017439 41.755482 28.850721 30.934108 -100.756396  -347.683030 -0.125977
2025-02-16 14:25:00 96812.790000 96875.540000 96766.020000 96825.940000  26.575980 2025-02-16 14:29:59.999      2573071.541334    7862          11.997310      1161543.854523      0 96825.295259 96952.611490 97163.971000 97100.824641 36.107860 -103.792735   -90.303945  -13.488790 96689.893147 96979.168500 97268.443853  98.839050 42.539318 27.527568 29.696966  -75.901779  -321.107050 -0.111947
2025-02-16 14:30:00 96825.930000 96918.910000 96742.000000 96807.190000  45.392000 2025-02-16 14:34:59.999      4395370.281558   10408          20.558410      1990906.702681      0 96819.260172 96938.761824 97157.654333 97095.179229 35.016777 -102.457516   -92.734660   -9.722857 96672.581248 96963.527500 97254.473752 104.415547 42.511264 30.434956 28.937748  -68.978337  -366.499050 -0.109409
2025-02-16 14:35:00 96807.200000 96865.980000 96769.910000 96822.280000  26.281060 2025-02-16 14:39:59.999      2544836.164474    6053          10.318210       999101.703744      0 96820.266782 96927.668317 97151.016333 97091.975743 36.675228  -99.040037   -93.995735   -5.044302 96661.194131 96948.360000 97235.525869 103.819436 42.485298 31.648810 29.870445  -64.332034  -340.217990 -0.124669
2025-02-16 14:40:00 96822.270000 96904.490000 96785.050000 96904.480000  36.335960 2025-02-16 14:44:59.999      3519034.671565    6194          14.227890      1378031.384229      0 96848.337854 96925.459906 97144.380500 97088.383017 44.921386  -88.676599   -92.931908    4.255309 96658.916652 96939.085500 97219.254348 104.935191 41.787109 38.376235 33.486667  -37.754476  -303.882030 -0.067294
2025-02-16 14:45:00 96904.490000 97029.900000 96890.110000 96986.520000  53.216040 2025-02-16 14:49:59.999      5161233.926299    7321          22.786430      2209912.362422      0 96894.398570 96931.275153 97139.196500 97085.678440 51.683903  -73.002035   -88.945933   15.943899 96659.089548 96936.518000 97213.946452 107.424820 39.344009 55.288792 41.771279   18.524223  -250.665990 -0.035505
2025-02-16 14:50:00 96986.520000 96986.530000 96911.000000 96965.920000  43.257980 2025-02-16 14:54:59.999      4193604.979801    7779          21.957300      2128658.716628      0 96918.239046 96934.574662 97132.624167 97083.309174 50.023085  -61.532766   -83.463300   21.930534 96663.820338 96928.867000 97193.913662 105.146619 37.081221 72.020750 55.228592   15.365881  -293.923970 -0.052281
2025-02-16 14:55:00 96965.910000 96969.580000 96929.170000 96969.580000  19.738110 2025-02-16 14:59:59.999      1913572.445332    4766          11.762470      1140337.042282      0 96935.352698 96937.908504 97126.021500 97082.269598 50.328487  -51.553678   -77.081375   25.527697 96676.886430 96918.842000 97160.797570 100.522574 34.985047 82.782839 70.030794   24.400590  -274.185860 -0.045710
2025-02-16 15:00:00 96969.580000 97056.070000 96949.670000 97042.410000  22.997260 2025-02-16 15:04:59.999      2230799.411832    5253          12.414640      1204183.265091      0 96971.038465 96947.861027 97120.537000 97081.644983 56.079970  -37.337997   -69.132700   31.794703 96694.599541 96911.663000 97128.726459 100.942391 32.942352 88.116879 80.973489   74.446112  -251.188600 -0.012978
2025-02-16 15:05:00 97042.410000 97056.220000 97019.940000 97029.990000  13.455170 2025-02-16 15:09:59.999      1305687.421568    3719           5.567150       540246.746528      0 96990.688977 96955.682834 97115.766500 97081.391079 54.912253  -26.765621   -60.659284   33.893663 96702.577459 96907.724500 97112.871541  96.323648 31.051177 91.534751 87.478156   96.802920  -264.643770  0.010926
2025-02-16 15:10:00 97030.000000 97062.630000 96926.770000 96926.770000  82.035280 2025-02-16 15:14:59.999      7957201.059096    6681          23.919450      2320091.958381      0 96969.382651 96952.929231 97109.295000 97077.850920 46.286263  -26.411472   -53.809722   27.398249 96722.021674 96896.893000 97071.764326  99.147673 29.451216 85.910548 88.520726   61.924097  -346.679050 -0.078071
2025-02-16 15:15:00 96926.770000 97012.710000 96911.000000 96969.920000  34.519550 2025-02-16 15:19:59.999      3347030.954381    5788          17.727550      1718767.286142      0 96969.561767 96954.547399 97104.189000 97076.327878 49.833995  -22.390855   -47.525948   25.135093 96731.735316 96891.976500 97052.217684  99.330697 28.139959 78.164601 85.203300   66.812387  -312.159500 -0.053357
2025-02-16 15:20:00 96969.920000 97052.000000 96950.010000 97051.990000  19.570880 2025-02-16 15:24:59.999      1898274.911769    5546           8.433630       817996.583987      0 96997.037845 96963.827647 97100.608667 97075.886737 55.812022  -12.438738   -40.508506   28.069768 96724.068051 96898.651000 97073.233949  99.520647 26.398403 79.276398 81.117182  107.542432  -292.588620  0.047364
2025-02-16 15:25:00 97051.990000 97092.350000 97043.940000 97070.390000  26.344650 2025-02-16 15:29:59.999      2557212.641124    4772          14.526500      1410028.943082      0 97021.488563 96973.976443 97097.316833 97075.816256 57.047832   -3.031937   -33.013192   29.981256 96717.366178 96907.308000 97097.249822  95.869887 24.712696 88.196447 81.879149  131.514236  -266.243970  0.168614
2025-02-16 15:30:00 97070.380000 97070.390000 96989.750000 96995.550000  34.150960 2025-02-16 15:34:59.999      3313736.800187    6682          14.846950      1440557.032637      0 97012.842376 96976.031067 97093.227000 97075.077918 50.821969   -1.597526   -26.730059   25.132533 96723.259547 96914.761500 97106.263453  94.782037 23.374984 87.841179 85.104675   82.536183  -300.394930  0.146813
2025-02-16 15:35:00 96995.550000 97010.100000 96950.000000 96972.630000  18.104640 2025-02-16 15:39:59.999      1755793.021960    8417           9.501290       921388.994517      0 96999.438250 96975.707156 97088.866833 97074.415860 49.056255   -2.283871   -21.840821   19.556950 96731.208805 96921.274500 97111.340195  92.304749 22.578346 77.466873 84.501500   47.181617  -318.499570  0.154979
2025-02-16 15:40:00 96972.620000 97007.230000 96972.620000 97007.230000   5.767120 2025-02-16 15:44:59.999       559362.229913    1877           2.505970       243059.459530      0 97002.035500 96978.709332 97084.457333 97074.245952 51.779856   -0.035465   -17.479750   17.444286 96751.027377 96932.707000 97114.386623  88.183696 21.839504 70.600078 78.636043   55.696627  -312.732450  0.161676
2025-02-16 15:45:00 97007.220000 97007.230000 96966.620000 97000.000000  14.958240 2025-02-16 15:49:59.999      1450743.846858    4268           5.486060       532031.422558      0 97001.357000 96980.737014 97079.773667 97073.784107 51.164302    1.149760   -13.753848   14.903608 96756.636437 96938.783000 97120.929563  84.785574 21.225907 69.792560 72.619837   47.932954  -327.690690  0.024153
2025-02-16 15:50:00 96999.990000 97026.670000 96983.210000 96983.210000  15.769050 2025-02-16 15:54:59.999      1529583.909184    4768           7.098040       688471.656917      0 96995.308000 96980.972537 97075.456500 97073.340182 49.687078    0.725878   -10.857903   11.583781 96767.311827 96945.521000 97123.730173  81.833748 20.345947 63.194546 67.862395   49.682259  -343.459740  0.033245
2025-02-16 15:55:00 96983.220000 96985.020000 96911.000000 96911.010000  18.115340 2025-02-16 15:59:59.999      1756405.581071    3666           7.931210       769083.001549      0 96967.208667 96974.309438 97070.957000 97072.423633 43.827134   -5.374039    -9.761130    4.387091 96793.685911 96952.789500 97111.893089  81.275623 20.395599 38.662621 57.216576  -14.278754  -361.575080  0.016917
2025-02-16 16:00:00 96911.010000 96969.880000 96880.000000 96922.000000  52.406060 2025-02-16 16:04:59.999      5079578.087122    7410          22.004700      2133076.461357      0 96952.139111 96969.327587 97066.823667 97069.618156 44.892517   -9.215239    -9.651952    0.436713 96811.745454 96958.250500 97104.755546  81.890221 20.768837 21.939532 41.265566  -39.073678  -309.169020 -0.016803
2025-02-16 16:05:00 96922.000000 97000.000000 96908.000000 97000.000000  29.358370 2025-02-16 16:09:59.999      2845821.780912    4678          20.751660      2011567.074675      0 96968.092741 96972.248769 97063.071500 97068.567649 51.869689   -5.897487    -8.901059    3.003572 96832.759051 96966.953500 97101.147949  82.612348 20.601832 25.431553 28.677902    8.247858  -279.810650  0.027169
2025-02-16 16:10:00 97000.000000 97064.390000 96999.990000 97038.340000  14.523980 2025-02-16 16:14:59.999      1409420.991046    4243           9.789590       949959.320612      0 96991.508494 96978.543172 97060.295667 97068.390673 54.892819   -0.172439    -7.155335    6.982896 96862.803704 96978.511000 97094.218296  81.311466 19.461912 50.284907 32.551997   97.240925  -265.286670  0.053940
2025-02-16 16:15:00 97038.340000 97047.870000 96985.000000 96985.010000  15.287430 2025-02-16 16:19:59.999      1483126.562577    4193           5.593070       542576.861043      0 96989.342329 96979.159060 97055.879333 97068.053720 50.172136    0.060718    -5.712124    5.772842 96895.816943 96986.647500 97077.478057  79.994219 18.597147 60.175810 45.297424   43.213408  -280.574100  0.024003
2025-02-16 16:20:00 96985.000000 97065.930000 96985.000000 97051.880000  15.045150 2025-02-16 16:24:59.999      1459725.084397    6478          10.901210      1057611.176798      0 97010.188219 96986.084864 97052.299167 97067.875219 55.356462    5.577057    -3.454288    9.031345 96907.220734 96994.017500 97080.814266  80.061060 17.522495 68.319598 59.593439   92.410808  -265.528950 -0.023384
2025-02-16 16:25:00 97051.870000 97094.340000 97048.350000 97082.610000  14.279500 2025-02-16 16:29:59.999      1386222.394809    4070           5.066600       491761.730755      0 97034.328813 96995.277734 97048.930500 97067.911269 57.542657   12.286816    -0.306067   12.592883 96903.954569 96998.822000 97093.689431  77.627413 16.426448 74.973535 67.822981  156.469981  -251.249450 -0.051054
2025-02-16 16:30:00 97082.600000 97115.000000 97069.000000 97077.510000  11.486820 2025-02-16 16:34:59.999      1115320.244516    4607           6.972480       677015.431210      0 97048.722542 97003.109379 97045.807500 97067.988262 57.043395   16.996890     3.154524   13.842366 96904.917038 97004.401500 97103.885962  75.368312 15.706098 86.505345 76.599493  156.483021  -262.736270 -0.110707
2025-02-16 16:35:00 97077.510000 97077.510000 97029.010000 97029.010000  16.430640 2025-02-16 16:39:59.999      1594683.663566    4577           3.784560       367293.881234      0 97042.151695 97005.576104 97041.661667 97067.858556 52.388301   16.624477     5.848515   10.775962 96908.679296 97007.373000 97106.066704  73.449147 14.741905 80.660902 80.713261   70.275288  -279.166910 -0.187687
2025-02-16 16:40:00 97029.010000 97039.170000 97002.020000 97025.950000  24.119390 2025-02-16 16:44:59.999      2339969.077830    2947           6.266670       607967.382337      0 97036.751130 97007.516475 97038.042167 97067.482104 52.099419   15.899145     7.858641    8.040504 96908.768404 97006.550000 97104.331596  70.856351 14.236997 69.853901 79.006716   25.956396  -303.286300 -0.208556
2025-02-16 16:45:00 97025.950000 97025.950000 96950.650000 96995.260000  12.225730 2025-02-16 16:49:59.999      1185641.634181    5175           5.516730       534943.378902      0 97022.920753 97006.349192 97033.346500 97067.160955 49.170860   12.701473     8.827207    3.874266 96907.526374 97004.813500 97102.100626  71.173754 14.445716 58.187234 69.567346  -30.413903  -315.512030 -0.191687
2025-02-16 16:50:00 96995.260000 97056.080000 96991.870000 97056.080000  16.320150 2025-02-16 16:54:59.999      1583264.379951    5857           6.913490       670709.158202      0 97033.973835 97011.085459 97029.551833 97066.980777 54.615429   14.903167    10.042399    4.860767 96918.515497 97011.279000 97104.042503  70.676343 14.129542 62.026950 63.356028   48.846180  -299.191880  0.018103
2025-02-16 16:55:00 97056.070000 97056.080000 97030.620000 97052.640000  17.708210 2025-02-16 16:59:59.999      1718407.318632    3282           3.117990       302568.379657      0 97040.195890 97015.043035 97024.829167 97066.857935 54.261401   16.183887    11.270697    4.913190 96923.020874 97015.415000 97107.809126  67.446604 13.836068 65.812766 62.008983   65.310300  -316.900090  0.037882
2025-02-16 17:00:00 97052.640000 97073.610000 97033.230000 97063.040000   6.894830 2025-02-16 17:04:59.999       669170.752142    4268           3.307350       320975.482598      0 97047.810594 97019.614174 97021.068167 97066.834159 55.206756   17.832499    12.583057    5.249442 96922.578338 97015.967500 97109.356662  65.513276 13.253348 75.426950 67.755556   77.696992  -310.005260 -0.003779
2025-02-16 17:05:00 97063.050000 97074.270000 97063.030000 97064.080000   9.348080 2025-02-16 17:09:59.999       907365.761340    1570           3.626010       351957.664477      0 97053.233729 97023.849015 97017.874833 97066.835078 55.306238   19.003890    13.867224    5.136666 96922.960370 97015.652000 97108.343630  61.636613 12.700370 76.561702 72.600473   97.954362  -300.657180 -0.031682
2025-02-16 17:10:00 97064.080000 97169.150000 97064.080000 97138.880000  43.313360 2025-02-16 17:14:59.999      4206651.005600    6704          36.656460      3560033.946009      0 97081.782486 97034.804347 97016.312833 97067.655573 61.866113   25.672029    16.228185    9.443844 96916.317264 97022.818500 97129.319736  64.738998 12.891147 81.543412 77.844022  172.583602  -257.343820  0.097229
2025-02-16 17:15:00 97138.880000 97148.160000 97090.660000 97090.670000  14.868750 2025-02-16 17:19:59.999      1444068.345619    5494           8.549980       830364.880035      0 97084.744991 97040.124885 97014.149500 97067.862224 56.146202   26.757984    18.334145    8.423839 96920.923622 97028.720500 97136.517378  64.221927 13.068244 76.941085 78.348733  132.895317  -272.212570  0.069859
2025-02-16 17:20:00 97090.660000 97117.480000 97084.590000 97105.640000  15.002160 2025-02-16 17:24:59.999      1456755.013911    3829           8.024280       779142.735759      0 97091.709994 97046.364420 97011.513833 97068.032971 57.461394   28.498057    20.366927    8.131130 96921.327710 97033.641000 97145.954290  61.983932 13.113139 74.474993 77.653163  109.647285  -257.210410  0.064000
2025-02-16 17:25:00 97105.630000 97105.640000 97078.470000 97090.010000   6.488500 2025-02-16 17:29:59.999       629980.274997    2633           2.824540       274233.751472      0 97091.143329 97050.521142 97008.963000 97068.082527 55.586933   28.289761    21.951494    6.338267 96924.376801 97038.141500 97151.906199  59.497222 13.028929 66.265446 72.560508   83.519525  -263.698910  0.036718
2025-02-16 17:30:00 97090.010000 97090.020000 97000.000000 97000.000000  41.693720 2025-02-16 17:34:59.999      4047043.452332    3422           3.814550       370091.005284      0 97060.762219 97045.709605 97005.629833 97067.570039 46.233457   20.623890    21.685973   -1.062083 96926.610860 97038.981000 97151.351140  61.677421 12.652973 52.433257 64.391232  -15.078582  -305.392630 -0.031338
2025-02-16 17:35:00 97000.000000 97000.000000 96964.000000 96999.990000  16.679210 2025-02-16 17:39:59.999      1617452.917370    7035          10.682080      1035877.935229      0 97040.504813 97041.355356 97002.969500 97067.143878 46.232526   14.382038    20.225186   -5.843148 96945.569802 97043.430000 97141.290198  59.843319 12.831884 36.315789 51.671498  -93.173405  -322.071840  0.056939
2025-02-16 17:40:00 97000.000000 97038.900000 97000.000000 97038.900000  11.491360 2025-02-16 17:44:59.999      1114905.702184    4303           8.616280       835941.426681      0 97039.969875 97041.121513 97000.863333 97066.992378 50.415431   12.431732    18.666495   -6.234763 96968.683329 97049.275000 97129.866671  58.348082 12.296328 28.518688 39.089245  -41.701401  -310.580480  0.105865
2025-02-16 17:45:00 97038.900000 97047.610000 96969.700000 97006.190000  11.349020 2025-02-16 17:49:59.999      1100841.235730    6622           5.501560       533581.433161      0 97028.709917 97037.794702 96998.568833 97066.778367 47.098265    8.152698    16.563736   -8.411038 96969.707766 97049.584500 97129.461234  59.745362 12.250615 29.463005 31.432494  -85.144110  -321.929500  0.021664
2025-02-16 17:50:00 97006.200000 97028.830000 96951.600000 96955.360000  30.469150 2025-02-16 17:54:59.999      2955321.724208    6112          15.360140      1489738.431558      0 97004.259945 97029.943778 96995.824667 97065.930166 42.426653    0.652455    13.381479  -12.729025 96955.647977 97045.435500 97135.223023  60.994265 12.468078 22.654462 26.878719 -130.759410  -352.398650 -0.065702
2025-02-16 17:55:00 96955.360000 96982.950000 96931.060000 96982.950000  22.280950 2025-02-16 17:59:59.999      2160166.475011    4906          18.542340      1797705.119234      0 96997.156630 97025.468180 96993.446667 97065.229760 45.581818   -3.030328    10.099118  -13.129446 96955.263659 97045.332500 97135.401341  60.343960 12.959931 16.456217 22.857895 -143.906369  -330.117700  0.040658
2025-02-16 18:00:00 96982.940000 97000.000000 96915.900000 96915.910000  43.397010 2025-02-16 18:04:59.999      4207486.532742    7682          24.436760      2369262.439066      0 96970.074420 97015.034068 96990.545667 97063.601801 39.864942  -11.229085     5.833477  -17.062562 96932.378545 97038.534000 97144.689455  62.040820 13.066399  7.984612 15.698430 -156.052992  -373.514710 -0.100229
2025-02-16 18:05:00 96915.910000 96953.390000 96915.900000 96929.160000  14.163580 2025-02-16 18:09:59.999      1372931.357730    3839           9.320820       903457.424794      0 96956.436280 97006.855585 96988.733833 97063.031400 41.428521  -16.467666     1.373249  -17.840915 96916.679596 97030.861500 97145.043404  60.287190 13.165248  9.011387 11.150738 -151.223630  -359.351130 -0.129139
2025-02-16 18:10:00 96929.160000 96929.160000 96853.360000 96912.150000  38.514350 2025-02-16 18:14:59.999      3731306.980449    8584          23.520060      2278632.397643      0 96941.674187 96997.836006 96985.287333 97061.099744 39.990958  -21.741225    -3.249646  -18.491579 96899.518989 97022.593500 97145.668011  61.395248 14.166041  7.952228  8.316075 -173.509497  -397.865480 -0.051719
2025-02-16 18:15:00 96912.150000 96936.010000 96821.950000 96821.950000  48.404510 2025-02-16 18:19:59.999      4689302.465396   10654          32.519310      3150561.346771      0 96901.766124 96981.084958 96979.485167 97058.180030 33.376994  -32.820609    -9.163838  -23.656770 96861.369941 97012.240500 97163.111059  65.157016 15.482652  7.950912  8.304842 -183.547644  -446.269990 -0.119895
2025-02-16 18:20:00 96821.960000 96861.380000 96768.070000 96809.990000  30.817910 2025-02-16 18:24:59.999      2983775.399499    9510          16.776510      1624280.596460      0 96871.174083 96964.790200 96973.218500 97055.936090 32.606943  -42.081088   -15.747288  -26.333799 96826.974735 97001.442500 97175.910265  67.167943 17.287424  9.881923  8.595021 -192.326753  -477.087900 -0.140448
2025-02-16 18:25:00 96810.000000 96842.060000 96773.590000 96773.610000  20.180300 2025-02-16 18:29:59.999      1953741.552731    5951           8.470040       820005.678492      0 96838.652722 96946.582562 96967.632667 97054.389134 30.315775  -51.759001   -22.949631  -28.809370 96789.557612 96990.360000 97191.162388  67.260947 18.963109  4.204832  7.345889 -171.620840  -497.268200 -0.186839
2025-02-16 18:30:00 96773.610000 96876.000000 96609.050000 96793.230000 101.063650 2025-02-16 18:34:59.999      9778459.938614   27043          42.440680      4106955.157512      0 96823.511815 96931.977556 96961.796500 97045.839001 33.048091  -57.186436   -29.796992  -27.389445 96761.488686 96977.217500 97192.946314  81.524451 21.788593 16.567814 10.218190 -168.770023  -396.204550 -0.117176
2025-02-16 18:35:00 96793.240000 96864.760000 96732.570000 96846.380000  35.482170 2025-02-16 18:39:59.999      3434570.770684   13892          25.543320      2472458.151705      0 96831.134543 96923.825408 96958.098667 97043.509080 39.920538  -56.547118   -35.147017  -21.400101 96746.905707 96966.904500 97186.903293  85.143419 24.412022 29.339503 16.704050 -110.135533  -360.722380 -0.090881
2025-02-16 18:40:00 96846.370000 96890.100000 96840.150000 96849.230000  16.462980 2025-02-16 18:44:59.999      1594602.028656    8504           8.618780       834819.132431      0 96837.166362 96916.721083 96956.944167 97042.654477 40.274563  -55.174465   -39.152507  -16.021958 96735.163389 96956.214000 97177.264611  82.629603 26.272292 47.066192 30.991170  -69.377001  -344.259400 -0.113443
2025-02-16 18:45:00 96849.240000 96966.660000 96849.170000 96955.490000  15.225220 2025-02-16 18:49:59.999      1475604.442666    9071          11.546090      1119010.696371      0 96876.607575 96920.413361 96957.914833 97042.145146 51.701957  -44.993675   -40.320740   -4.672934 96735.334866 96950.784500 97166.234134  85.119632 26.474227 61.034841 45.813512  -20.144820  -329.034180 -0.077765
2025-02-16 18:50:00 96955.490000 96961.700000 96824.150000 96834.470000  16.169970 2025-02-16 18:54:59.999      1566693.132402    4079           5.426070       525746.073271      0 96862.561716 96912.228279 96957.714667 97041.380976 41.875080  -46.158541   -41.488300   -4.670240 96732.779091 96935.564000 97138.348909  88.864658 26.902685 61.720175 56.607069  -50.874389  -345.204150 -0.139944
2025-02-16 18:55:00 96834.480000 96927.070000 96788.930000 96872.590000  30.448120 2025-02-16 18:59:59.999      2948991.160067   10782          20.665560      2001408.832080      0 96865.904478 96908.453205 96958.218333 97039.871226 45.395674  -43.504250   -41.891490   -1.612760 96733.276351 96924.660000 97116.043649  92.384325 27.625018 64.391811 62.382276  -52.796059  -314.756030 -0.098452
2025-02-16 19:00:00 96872.580000 96927.360000 96823.610000 96830.590000  21.709130 2025-02-16 19:04:59.999      2103231.983307    6776           8.818260       854258.592971      0 96854.132985 96901.037661 96959.085167 97038.796249 42.351932  -44.279330   -42.369058   -1.910272 96734.583205 96910.907500 97087.231795  93.196159 28.289880 56.949211 61.020399  -48.155624  -336.465160 -0.137455
2025-02-16 19:05:00 96830.590000 96914.620000 96763.110000 96899.790000  25.842190 2025-02-16 19:09:59.999      2502637.439509   12375          19.042650      1843995.536301      0 96869.351990 96900.918836 96959.440333 97037.523754 48.481100  -38.861751   -41.667597    2.805846 96745.391374 96901.396500 97057.401626  97.361434 29.439364 64.605054 61.982026  -43.175314  -310.622970 -0.096194
2025-02-16 19:10:00 96899.790000 96902.540000 96874.470000 96887.430000  10.930420 2025-02-16 19:14:59.999      1059035.532370    6342           4.519980       437927.403364      0 96875.377993 96899.634185 96960.090000 97037.077495 47.509485  -35.160323   -40.366142    5.205819 96746.418203 96895.768000 97045.117797  92.412045 30.506686 69.626413 63.726893   -8.238035  -321.553390 -0.028650
2025-02-16 19:15:00 96887.430000 96974.000000 96874.040000 96951.260000  16.586880 2025-02-16 19:19:59.999      1607834.640156    6635          12.541410      1215635.633982      0 96900.671996 96904.550930 96963.183667 97036.608244 52.773297  -26.767804   -37.646475   10.878670 96749.369550 96893.331500 97037.293450  92.951185 30.061421 81.993718 72.075062   46.722397  -304.966510 -0.042256
2025-02-16 19:20:00 96951.250000 96951.250000 96818.870000 96878.880000  20.041110 2025-02-16 19:24:59.999      1941300.499467    7057           9.567780       926700.792244      0 96893.407997 96902.106079 96964.285333 97035.775185 47.015705  -25.661326   -35.249445    9.588119 96757.765965 96885.330500 97012.895035  95.768243 30.209326 81.849915 77.823349   -3.624881  -325.007620 -0.065083
2025-02-16 19:25:00 96878.870000 96957.980000 96878.370000 96933.030000  10.905790 2025-02-16 19:29:59.999      1057174.988651    5220           4.440840       430443.797788      0 96906.615331 96905.051215 96966.070167 97035.443717 51.296745  -20.182332   -32.236022   12.053690 96764.400033 96881.672500 96998.944967  94.614083 30.219718 85.492990 83.112208   60.943147  -314.101830 -0.056721
2025-02-16 19:30:00 96933.030000 97090.000000 96929.150000 97090.000000 104.876960 2025-02-16 19:34:59.999     10173544.628644    8630          94.980720      9213438.608944      0 96967.743554 96922.665385 96970.783667 97035.469573 61.106930   -3.137852   -26.416388   23.278536 96742.920301 96888.404500 97033.888699  99.345220 28.169024 87.569987 84.970964  208.610595  -209.224870  0.155555
2025-02-16 19:35:00 97089.990000 97089.990000 97021.770000 97040.900000  12.303210 2025-02-16 19:39:59.999      1193945.758026    5366           5.047200       489757.889088      0 96992.129036 96933.925824 96974.427333 97035.519182 57.224105    6.335036   -19.866103   26.201139 96736.397916 96891.302000 97046.206084  97.122704 26.264877 92.854948 88.639308  202.882467  -221.528080  0.114306
2025-02-16 19:40:00 97040.900000 97082.990000 97040.900000 97070.960000  16.688670 2025-02-16 19:44:59.999      1619964.090002    4490           9.345220       907099.123029      0 97018.406024 96946.976698 96977.202000 97035.647083 58.944092   16.082568   -12.676369   28.758937 96725.592231 96899.054500 97072.516769  93.191797 24.496802 94.821374 91.748769  187.382607  -204.839410  0.202617
2025-02-16 19:45:00 97070.960000 97108.180000 97020.000000 97098.950000  42.618840 2025-02-16 19:49:59.999      4137503.524928    7914          34.307320      3330705.939227      0 97045.254016 96961.450346 96979.075833 97036.086828 60.535323   25.769067    -4.987282   30.756349 96713.607808 96907.544000 97101.480192  92.833811 23.001507 93.929767 93.868696  166.764614  -162.220570  0.253108
2025-02-16 19:50:00 97098.960000 97098.960000 97027.000000 97027.010000  11.741840 2025-02-16 19:54:59.999      1139721.813508    5209           4.880370       473712.901185      0 97039.172677 96967.694122 96980.094000 97036.131761 54.670404   27.325737     1.475322   25.850415 96712.464939 96913.287000 97114.109061  91.342825 21.613059 89.491833 92.747658  120.469653  -173.962410  0.210066
2025-02-16 19:55:00 97027.000000 97058.480000 97002.250000 97058.470000  13.925190 2025-02-16 19:59:59.999      1351289.550782    5755           8.135510       789415.273321      0 97045.605118 96976.339444 96981.575500 97036.144593 56.648425   30.743575     7.328972   23.414602 96719.401517 96925.113000 97130.824483  88.834766 20.213620 86.465548 89.962383   97.114061  -160.037220  0.331260
2025-02-16 20:00:00 97058.470000 97058.620000 97027.000000 97027.000000  35.220070 2025-02-16 20:04:59.999      3417936.361561    4323           4.039980       392057.559485      0 97039.403412 96981.164259 96981.318667 97036.157055 54.105055   30.560587    11.975295   18.585291 96732.808850 96935.963500 97139.118150  84.747997 18.911778 79.515267 85.157550   84.412017  -195.257290  0.273257
2025-02-16 20:05:00 97027.000000 97074.000000 96999.000000 97030.170000  69.252230 2025-02-16 20:09:59.999      6721345.982816    5647          36.071780      3500666.634938      0 97036.325608 96985.831472 96981.321667 97036.126560 54.327500   30.321828    15.644602   14.677227 96756.134232 96948.791500 97141.448768  84.051711 18.165949 79.820520 81.933778   72.118467  -126.005060  0.265399
2025-02-16 20:10:00 97030.180000 97130.090000 97030.180000 97077.170000  46.914300 2025-02-16 20:14:59.999      4554719.255744    6323          38.893480      3775909.281109      0 97049.940405 96994.530380 96983.828333 97036.623688 57.608183   33.538507    19.223383   14.315124 96776.529563 96962.988500 97149.447437  85.185161 17.230427 79.815642 79.717143   95.173646   -79.090760  0.218646
2025-02-16 20:15:00 97077.180000 97112.090000 97034.000000 97112.080000  15.779430 2025-02-16 20:19:59.999      1531708.522765    5813           7.640940       741680.360097      0 97070.653604 97005.725582 96986.197667 97036.815076 59.911562   38.461335    23.070973   15.390362 96787.098668 96976.273500 97165.448332  84.678363 16.361745 85.728562 81.788241   90.729275   -63.311330  0.208654
2025-02-16 20:20:00 97112.090000 97160.740000 97104.350000 97104.350000  13.072310 2025-02-16 20:24:59.999      1269770.165460    7753           5.990890       581902.651413      0 97081.885736 97015.118383 96987.070333 97037.091094 59.145229   41.263308    26.709440   14.553867 96801.442286 96989.029500 97176.616714  82.657766 16.311759 87.766040 84.436748  108.692871   -76.383640  0.205224
2025-02-16 20:25:00 97104.360000 97104.360000 97039.500000 97042.860000  35.154220 2025-02-16 20:29:59.999      3412825.071649    3885           5.025850       487799.798914      0 97068.877157 97017.760442 96986.611500 97037.305479 53.304340   38.083163    28.984185    9.098978 96805.070645 96993.398000 97181.725355  81.386497 15.168341 81.079193 84.857932   55.930106  -111.537860  0.121160
2025-02-16 20:30:00 97042.860000 97042.860000 96983.640000 96985.010000  14.276930 2025-02-16 20:34:59.999      1384893.599318    4907           3.916280       379861.446288      0 97040.921438 97014.641352 96986.435833 97037.190008 48.456028   30.542785    29.295905    1.246881 96827.134841 97000.925000 97174.715159  79.803176 14.915113 62.263512 77.036248    5.243165  -125.814790  0.121787
2025-02-16 20:35:00 96985.010000 96985.010000 96917.120000 96954.170000  19.071700 2025-02-16 20:39:59.999      1849253.223279    6382          10.721720      1039598.515208      0 97012.004292 97008.882176 96986.128167 97036.799646 46.051302   21.826846    27.802093   -5.975247 96839.838332 97005.004000 97170.169668  78.952235 15.482300 39.497740 60.946815  -46.637044  -144.886490  0.115859
2025-02-16 20:40:00 96954.170000 96985.280000 96929.020000 96937.780000  12.420230 2025-02-16 20:44:59.999      1204352.551215    3851           4.190730       406350.884408      0 96987.262861 97002.110540 96984.970667 97036.543157 44.779424   13.441914    24.930057  -11.488143 96862.091569 97010.363500 97158.635431  77.331361 16.004095 20.484861 40.748704  -56.541807  -157.306720  0.136515
2025-02-16 20:45:00 96937.770000 96962.000000 96897.530000 96897.550000  20.860060 2025-02-16 20:49:59.999      2022018.130204    5392           9.024900       874811.241577      0 96957.358574 96992.152394 96983.263167 97035.958163 41.732681    3.510109    20.646068  -17.135959 96861.642641 97010.251500 97158.860359  76.412692 16.848172  7.898710 22.627104  -96.783059  -178.166780  0.061050
2025-02-16 20:50:00 96897.560000 96903.910000 96877.000000 96877.000000  10.022910 2025-02-16 20:54:59.999       971159.903932    2822           4.203010       407257.835511      0 96930.572383 96981.185499 96981.493000 97035.600273 40.227039   -5.950538    15.326746  -21.277284 96859.338267 97009.730000 97160.121733  72.876786 17.857611  2.829340 10.404304 -131.671736  -188.189690  0.044196
2025-02-16 20:55:00 96877.000000 96917.660000 96861.380000 96909.540000  12.053160 2025-02-16 20:59:59.999      1167885.162656    4237           6.654760       644796.743604      0 96923.561589 96974.362118 96981.468500 97035.201395 43.691306  -10.699129    10.121571  -20.820701 96852.969740 97007.644000 97162.318260  71.691301 18.965621  5.365084  5.364378 -114.758460  -176.136530  0.043704
2025-02-16 21:00:00 96909.550000 96961.280000 96909.540000 96956.620000  19.698200 2025-02-16 21:04:59.999      1909420.098676    7416          11.050290      1071141.222630      0 96934.581059 96972.672393 96982.045500 97034.769840 48.355083  -10.541939     5.988869  -16.530808 96866.381602 97011.531000 97156.680398  70.266208 19.096132 15.967397  8.053940  -74.296227  -156.438330  0.077299
2025-02-16 21:05:00 96956.630000 97007.990000 96952.760000 97007.990000   7.474750 2025-02-16 21:09:59.999       724888.621530    3433           5.237230       507893.183733      0 96959.050706 96976.035974 96982.178667 97034.690169 52.935581   -6.200756     3.550944   -9.751701 96874.629847 97015.279000 97155.928153  69.192193 18.371053 32.292223 17.874902  -28.495953  -148.963580  0.084179
2025-02-16 21:10:00 97007.990000 97028.930000 96852.010000 96874.010000  21.488030 2025-02-16 21:14:59.999      2083037.355535    6572           5.267000       510453.346122      0 96930.703804 96966.319215 96979.439833 97034.103332 42.378461  -13.416744     0.157406  -13.574151 96855.515048 97004.479500 97153.443952  76.887036 18.904615 29.304995 25.854872  -97.356261  -170.451610 -0.169136
2025-02-16 21:15:00 96874.010000 96926.550000 96863.430000 96905.530000  32.786170 2025-02-16 21:19:59.999      3176693.198925    5351          16.125590      1562374.783890      0 96922.312536 96960.529766 96978.115167 97033.067979 45.149905  -16.402983    -3.154671  -13.248311 96843.762737 96997.711000 97151.659263  75.903677 19.400061 24.478661 28.691960 -104.336611  -137.665440 -0.127019
2025-02-16 21:20:00 96905.520000 96911.380000 96852.540000 96905.650000  40.163210 2025-02-16 21:24:59.999      3891019.227757    8174          19.911360      1929051.399614      0 96916.758357 96955.303121 96975.678000 97031.740887 45.160719  -18.546127    -6.232963  -12.313164 96834.368887 96989.445500 97144.522113  74.684843 19.980530 13.945303 22.576319 -100.655357   -97.502230 -0.069987
2025-02-16 21:25:00 96905.650000 96994.240000 96880.350000 96986.950000  29.833140 2025-02-16 21:29:59.999      2892040.973427    7591          16.219080      1572376.136232      0 96940.155572 96958.317110 96974.083667 97031.208387 52.057272  -13.528407    -7.692051   -5.836355 96837.127013 96983.845500 97130.563987  77.485211 19.089215 26.139345 21.521103  -32.660173   -67.669090 -0.087812
2025-02-16 21:30:00 96986.940000 97076.530000 96964.420000 97054.790000  22.137060 2025-02-16 21:34:59.999      2148262.048480    8206          14.280380      1385795.378322      0 96978.367048 96967.505004 96973.705000 97031.211945 56.925194   -4.031237    -6.959888    2.928652 96836.397049 96985.234500 97134.071951  79.958410 18.293846 47.146382 29.077010   49.127967   -45.532030 -0.034511
2025-02-16 21:35:00 97054.800000 97282.380000 97054.800000 97198.630000  78.042010 2025-02-16 21:39:59.999      7580905.737288   11620          61.693900      5992135.055688      0 97051.788032 96989.516908 96976.532000 97033.788619 65.032309   14.929922    -2.581926   17.511848 96819.063464 96992.242500 97165.421536  90.503524 19.391013 68.201581 47.162436  175.072287    32.509980 -0.018504
2025-02-16 21:40:00 97198.620000 97226.870000 97143.210000 97168.260000  23.307300 2025-02-16 21:44:59.999      2264893.753915    7613          16.864910      1638823.691846      0 97090.612021 97006.540060 96978.903833 97034.545146 62.363466   27.192711     3.373001   23.819710 96810.238713 96999.305500 97188.372287  90.014701 20.409806 78.126643 64.491535  152.496333     9.202680  0.028663
2025-02-16 21:45:00 97168.260000 97176.910000 97106.000000 97158.070000  18.445300 2025-02-16 21:49:59.999      1791703.784366    6500          12.363150      1200844.264010      0 97113.098014 97020.971483 96981.617333 97035.005460 61.452199   35.677544     9.833910   25.843634 96804.619979 97005.700500 97206.781021  88.650079 20.827916 75.046278 73.791501  111.529337    -9.242620  0.072862
2025-02-16 21:50:00 97158.060000 97175.970000 97126.750000 97126.760000  11.041630 2025-02-16 21:54:59.999      1072731.686593    4438           4.197430       407788.537442      0 97117.652009 97031.046580 96982.795333 97035.269841 58.617942   39.420959    15.751320   23.669639 96802.465910 97008.180000 97213.894090  85.833645 21.216160 69.479750 74.217557  101.456136   -20.284250  0.060526
2025-02-16 21:55:00 97126.760000 97165.100000 97111.330000 97165.090000  11.500910 2025-02-16 21:59:59.999      1117068.873924    4313           6.823210       662744.791607      0 97133.464673 97043.812620 96984.669500 97035.554041 60.989963   44.962256    21.593507   23.368749 96798.568177 97010.830500 97223.092823  83.543385 21.343188 69.234225 71.253418   98.132958    -8.783340  0.051650
2025-02-16 22:00:00 97165.100000 97187.180000 97126.240000 97126.240000  21.686930 2025-02-16 22:04:59.999      2107035.182454    4724          12.053120      1170969.303036      0 97131.056449 97051.662846 96985.722833 97036.083086 57.398714   45.692193    26.413244   19.278949 96797.530053 97011.925000 97226.319947  81.928857 21.672295 66.768904 68.494293   95.401396   -30.470270  0.032017
2025-02-16 22:05:00 97126.250000 97165.100000 97118.720000 97118.720000   8.977740 2025-02-16 22:09:59.999       872139.358135    3794           4.712420       457790.416690      0 97126.944299 97058.049242 96986.633500 97036.276256 56.702724   45.143485    30.159292   14.984193 96796.635172 97015.718000 97234.800828  79.389653 21.852981 66.146184 67.383104   80.406469   -39.448010  0.085711
2025-02-16 22:10:00 97118.720000 97118.730000 97083.060000 97083.070000  20.127880 2025-02-16 22:14:59.999      1954512.536883    2617           6.408160       622195.477227      0 97112.319533 97060.432171 96985.703333 97036.534168 53.397164   41.355256    32.398485    8.956771 96800.122043 97020.621000 97241.119957  76.266821 21.433365 59.793511 64.236200   48.851625   -59.575890  0.069840
2025-02-16 22:15:00 97083.060000 97083.070000 97054.260000 97069.560000   7.841000 2025-02-16 22:19:59.999       761127.268287    1938           3.566260       346174.407919      0 97098.066355 97061.301488 96985.351500 97036.589601 52.156288   36.838265    33.286441    3.551824 96807.113280 97026.390500 97245.667720  72.877048 20.592636 55.403490 60.447728   28.372260   -67.416890  0.068739
2025-02-16 22:20:00 97069.560000 97069.570000 97032.080000 97032.080000   9.375880 2025-02-16 22:24:59.999       910050.111978    1504           2.017650       195843.872872      0 97076.070903 97058.518489 96984.125500 97036.605893 48.770234   29.889644    32.607082   -2.717437 96815.630016 97031.105500 97246.580984  70.349402 19.473497 48.669081 54.622027    9.557740   -76.792770  0.067300
2025-02-16 22:25:00 97032.080000 97032.080000 96677.810000 96883.740000  73.004080 2025-02-16 22:29:59.999      7068625.022501   18123          31.492000      3048860.588376      0 97011.960602 97041.872919 96980.687667 97033.915815 38.199822   12.271556    28.539976  -16.268421 96813.150919 97030.415000 97247.679081  90.629444 20.926157 42.126928 48.733166 -107.666064  -149.796850  0.128271
2025-02-16 22:30:00 96883.740000 96900.000000 96641.520000 96641.520000  37.924570 2025-02-16 22:34:59.999      3670060.696427    7812           9.220460       892770.985558      0 96888.480402 97003.744070 96974.713000 97031.448668 27.658377  -20.994030    18.633175  -39.627205 96749.959396 97018.641000 97287.322604 102.618770 22.468182 25.277085 38.691032 -177.429936  -187.721420  0.066168
2025-02-16 22:35:00 96641.530000 96750.300000 96570.470000 96716.160000  64.016940 2025-02-16 22:39:59.999      6187298.180678   14945          23.320230      2253988.727927      0 96831.040268 96976.355111 96969.982500 97026.719642 33.727405  -40.863375     6.733865  -47.597240 96712.772419 97008.972000 97305.171581 108.133858 24.255322 18.175631 28.526548 -180.741163  -123.704480  0.115726
2025-02-16 22:40:00 96716.160000 96798.740000 96697.760000 96798.730000  21.783290 2025-02-16 22:44:59.999      2107328.321130    3945          11.560010      1118407.692803      0 96820.270178 96959.438433 96965.979667 97025.530575 39.749238  -49.378065    -4.488521  -44.889544 96691.598757 97001.077500 97310.556243 107.622868 25.285557 17.509236 20.320651 -119.179641  -101.921190  0.125331
2025-02-16 22:45:00 96798.740000 96905.670000 96738.190000 96905.540000  31.485470 2025-02-16 22:49:59.999      3048442.823923    6138          23.453130      2270885.070929      0 96848.693452 96954.305249 96964.302167 97024.383774 46.518934  -46.965950   -12.984007  -33.981943 96683.724222 96995.955000 97308.185778 111.898377 25.010541 34.524775 23.403214  -68.666751   -70.435720  0.161149
2025-02-16 22:50:00 96905.540000 96924.430000 96813.390000 96924.420000  18.917160 2025-02-16 22:54:59.999      1832610.573503    7840           9.926100       961606.894165      0 96873.935635 96951.459035 96963.786500 97023.848823 47.638863  -43.034795   -18.994164  -24.040630 96689.425372 96998.475500 97307.525628 111.837065 24.556075 46.834308 32.956106  -49.307866   -51.518560  0.222056
2025-02-16 22:55:00 96924.430000 96937.900000 96830.310000 96865.790000  19.377890 2025-02-16 22:59:59.999      1877178.660137    6457           8.218150       796099.751769      0 96871.220423 96943.300079 96961.833833 97023.267649 44.520994  -44.141442   -24.023620  -20.117822 96684.575845 96996.488500 97308.401155 111.533703 23.986278 52.108749 44.489277  -52.854207   -70.896450  0.196450
2025-02-16 23:00:00 96865.790000 96884.890000 96346.290000 96485.180000 325.240430 2025-02-16 23:04:59.999     31383458.259492   52726         119.001560     11480989.367626      0 96742.540282 96899.669596 96954.655000 96994.986030 30.545026  -74.867488   -34.192394  -40.675095 96593.158181 96975.465000 97357.771819 142.038438 25.858100 40.598884 46.513980 -168.284741  -396.136880 -0.091401
2025-02-16 23:05:00 96485.180000 96489.520000 96339.620000 96404.690000  87.908030 2025-02-16 23:09:59.999      8475259.789498   16704          46.229200      4456754.066599      0 96629.923521 96852.528682 96945.913833 96985.260588 28.506977 -104.508265   -48.255568  -56.252697 96490.392927 96946.352000 97402.311073 142.599978 27.617365 24.026907 38.911513 -188.844567  -484.044910 -0.126805
2025-02-16 23:10:00 96404.690000 96404.690000 96307.690000 96337.490000  54.837690 2025-02-16 23:14:59.999      5283365.727769   11905          27.677440      2666493.370333      0 96532.445681 96803.477379 96936.336167 96978.725458 26.893602 -131.900803   -64.984615  -66.916188 96386.517239 96910.487000 97434.456761 139.342837 29.356119  9.223313 24.616368 -174.743293  -538.882600 -0.159137
2025-02-16 23:15:00 96337.490000 96377.030000 96222.000000 96360.120000 109.609710 2025-02-16 23:19:59.999     10554417.203608   14291          49.829650      4797895.345374      0 96475.003787 96761.252866 96928.639000 96965.448614 28.363935 -150.053807   -81.998453  -68.055354 96310.449675 96868.561500 97426.673325 140.463349 31.242211  8.851849 14.034023 -159.961101  -429.272890 -0.087324
2025-02-16 23:20:00 96360.130000 96467.620000 96360.120000 96371.980000  41.560190 2025-02-16 23:24:59.999      4005921.893442    9684          31.143640      3001730.202347      0 96440.662525 96724.179260 96921.338833 96961.161233 29.167970 -161.620135   -97.922790  -63.697345 96248.658723 96828.747500 97408.836277 138.108824 32.074077 12.098692 10.057951 -118.533231  -387.712700 -0.108886
2025-02-16 23:25:00 96371.970000 96371.980000 96121.620000 96224.160000 117.458190 2025-02-16 23:29:59.999     11301436.182781   13811          26.981410      2595971.038845      0 96368.495017 96676.558378 96912.181333 96946.018368 25.349070 -180.632156  -114.464663  -66.167493 96166.263353 96782.052000 97397.840647 146.126765 33.620955 14.545840 11.832127 -139.615295  -505.170890 -0.126355
2025-02-16 23:30:00 96224.160000 96250.140000 96105.000000 96182.000000 233.052120 2025-02-16 23:34:59.999     22415210.224666   16843         133.582450     12847736.111721      0 96306.330011 96629.457580 96901.994167 96915.372898 24.369076 -196.832319  -130.938194  -65.894125 96087.884558 96734.814000 97381.743442 146.056282 35.103765 12.180179 12.941570 -134.822485  -738.223010 -0.085832
2025-02-16 23:35:00 96182.010000 96199.160000 96065.610000 96178.470000 113.045980 2025-02-16 23:39:59.999     10865775.445287   15450          36.979080      3554736.001153      0 96263.710007 96586.506382 96890.862333 96900.777968 24.284422 -207.563247  -146.263205  -61.300042 96026.954523 96685.483000 97344.011477 145.162976 36.593440 10.687011 12.471010 -124.455696  -851.268990 -0.032744
2025-02-16 23:40:00 96178.470000 96213.520000 96046.180000 96184.460000  82.281050 2025-02-16 23:44:59.999      7908236.263471   16278          54.562950      5244133.744813      0 96237.293338 96548.216251 96879.782833 96890.503385 24.762042 -213.127441  -159.636052  -53.491389 95977.983732 96638.394000 97298.804268 146.747049 38.033501 12.250372 11.705854 -109.788101  -768.987940  0.019613
2025-02-16 23:45:00 96184.460000 96184.460000 96071.340000 96147.770000  38.121900 2025-02-16 23:49:59.999      3664354.812872    8913          19.291100      1854134.799267      0 96207.452225 96510.078512 96866.320833 96885.752493 23.772843 -217.984887  -171.305819  -46.679068 95935.083908 96589.846500 97244.609092 144.345117 39.370700 13.279352 12.072245 -101.494160  -807.109840  0.034078
2025-02-16 23:50:00 96147.770000 96152.760000 96071.020000 96141.750000  53.466840 2025-02-16 23:54:59.999      5138134.067025    6622          36.043540      3463646.367405      0 96185.551484 96474.999606 96854.775500 96879.078198 23.606211 -219.786648  -181.001985  -38.784663 95901.408979 96542.780500 97184.152021 139.873323 40.613448 12.539063 12.689596  -94.595680  -860.576680  0.071762
2025-02-16 23:55:00 96141.750000 96205.320000 96118.120000 96118.120000  40.882290 2025-02-16 23:59:59.999      3931938.178848    5172          25.710260      2472705.655270      0 96163.074322 96441.011072 96842.201000 96874.221182 22.926893 -220.578608  -188.917310  -31.661298 95876.441155 96495.208500 97113.975845 136.110943 41.123875 10.059211 11.959209  -81.595232  -901.458970  0.043961
2025-02-17 00:00:00 96118.120000 96255.870000 96023.170000 96158.180000 111.428450 2025-02-17 00:04:59.999     10707329.154425   18880          35.937930      3453958.769971      0 96161.442882 96414.074780 96830.994167 96145.740000 26.774083 -215.489703  -194.231788  -21.257915 95868.154729 96451.513500 97034.872271 143.010161 41.973097 11.181530 11.259935  -76.529971  -790.030520  0.057546
2025-02-17 00:05:00 96158.180000 96298.990000 96111.330000 96296.720000  58.012730 2025-02-17 00:09:59.999      5582279.474178   15926          36.035890      3467406.459681      0 96206.535254 96402.898134 96820.943000 96176.533370 38.253105 -197.995322  -194.984495   -3.010827 95870.537821 96422.162500 96973.787179 146.199435 42.249314 18.190584 13.143775  -49.518797  -732.017790  0.085011
2025-02-17 00:10:00 96296.730000 96296.730000 96200.000000 96202.420000  29.469750 2025-02-17 00:14:59.999      2836204.831975    8070          18.079400      1739940.928533      0 96205.163503 96383.804979 96809.526167 96184.906620 34.310459 -189.555049  -193.898606    4.343557 95850.302499 96400.207500 96950.112501 142.665904 42.505801 28.313664 19.228593  -46.039200  -761.487540  0.091457
2025-02-17 00:15:00 96202.420000 96335.580000 96153.880000 96320.010000  82.158640 2025-02-17 00:19:59.999      7910829.590727   14201          55.164740      5311944.143193      0 96243.445669 96377.729266 96799.005333 96209.728381 42.297066 -171.401728  -189.399230   17.997502 95849.224612 96380.400000 96911.575388 145.454054 42.956559 45.656537 30.720262  -31.443672  -679.328900  0.107450
2025-02-17 00:20:00 96320.000000 96443.500000 96296.070000 96332.400000  80.945550 2025-02-17 00:24:59.999      7801972.542146   16194          55.185140      5319035.462706      0 96273.097112 96373.412193 96789.897333 96242.730192 43.082300 -154.237369  -182.366858   28.129489 95861.671088 96357.083500 96852.495912 145.595193 42.082144 58.266947 44.079050    2.091988  -598.383350  0.067439
2025-02-17 00:25:00 96332.390000 96430.910000 96307.040000 96430.910000  39.622190 2025-02-17 00:29:59.999      3818605.936167    9345          21.004330      2024224.177756      0 96325.701408 96378.888175 96781.528667 96257.221116 49.022161 -131.173471  -172.128181   40.954709 95904.271721 96333.352000 96762.432279 144.043393 41.270189 76.034800 59.986095   25.228403  -558.761160  0.071835
2025-02-17 00:30:00 96430.900000 96432.260000 96330.000000 96380.640000  22.339130 2025-02-17 00:34:59.999      2152878.917911    9516          11.480120      1106290.233061      0 96344.014272 96379.055015 96769.706000 96263.741214 46.363179 -115.618754  -160.826295   45.207541 95971.905803 96306.163000 96640.420197 141.058865 40.499782 82.120439 72.140729   39.015805  -581.100290  0.060706
2025-02-17 00:35:00 96380.640000 96432.250000 96356.150000 96367.500000  22.839670 2025-02-17 00:39:59.999      2201761.923043    9870          11.291310      1088441.939090      0 96351.842848 96377.954538 96758.482667 96269.954873 45.665933 -103.162622  -149.293561   46.130939 96063.622871 96281.248500 96498.874129 136.418946 39.784406 86.234802 81.463347   67.195125  -603.939960  0.055180
2025-02-17 00:40:00 96367.500000 96419.360000 96341.820000 96364.370000  19.772040 2025-02-17 00:44:59.999      1905519.217401    8255          12.130460      1168980.459174      0 96356.018565 96376.660772 96746.706167 96274.414011 45.490437  -92.477588  -137.930366   45.452778 96074.511241 96275.208000 96475.904759 132.213307 39.225523 82.712789 83.689343   74.550810  -623.712000  0.170610
2025-02-17 00:45:00 96364.370000 96404.990000 96249.840000 96255.230000  49.667090 2025-02-17 00:49:59.999      4783467.670199   11061          25.435800      2449420.918149      0 96322.422377 96365.095937 96732.644167 96277.198161 39.753566  -91.758572  -128.696007   36.937435 96075.947324 96267.735000 96459.522676 133.851643 39.328396 72.767429 80.571673   29.786230  -673.379090  0.150544
2025-02-17 00:50:00 96255.220000 96301.870000 96200.000000 96292.920000  31.066810 2025-02-17 00:54:59.999      2989993.607762    9021          21.290030      2048929.817500      0 96312.588251 96358.222038 96720.409333 96276.501802 42.452595  -87.142950  -120.385396   33.242446 96075.990399 96265.506500 96455.022601 131.567239 39.718373 66.853028 74.111082    4.681188  -642.312280  0.187100
2025-02-17 00:55:00 96292.920000 96320.910000 96271.840000 96319.220000  12.402780 2025-02-17 00:59:59.999      1194312.145323    5607           5.595790       538820.124613      0 96314.798834 96354.507558 96708.088500 96277.110905 44.326882  -80.435633  -112.395443   31.959810 96077.218890 96263.461500 96449.704110 125.674580 39.793102 63.272508 67.630988   36.008338  -629.909500  0.143366
2025-02-17 01:00:00 96319.220000 96356.510000 96206.100000 96307.290000  24.905190 2025-02-17 01:04:59.999      2397997.884164    9699          14.294060      1376174.376262      0 96312.295889 96350.010648 96696.093333 96277.658559 43.632671  -75.215648  -104.959484   29.743836 96079.469161 96260.227000 96440.984839 127.441395 40.258741 67.401010 65.842182   31.343267  -654.814690  0.177717
2025-02-17 01:05:00 96307.280000 96331.410000 96250.450000 96282.340000  19.194110 2025-02-17 01:09:59.999      1848235.225712    5954           9.318710       897296.608406      0 96302.310593 96343.565824 96683.629500 96277.989408 42.146064  -72.259072   -98.419402   26.160330 96082.921743 96263.136000 96443.350257 124.121296 40.691121 66.561987 65.745168   27.403062  -674.008800  0.207453
2025-02-17 01:10:00 96282.340000 96443.500000 96281.790000 96421.800000  46.057550 2025-02-17 01:14:59.999      4438491.528053   10946          16.500990      1590034.235555      0 96342.140395 96351.016698 96672.706667 96285.386458 51.992089  -57.994186   -90.334359   32.340172 96086.392376 96275.126000 96463.859624 126.806203 39.459624 74.240135 69.401044   96.596351  -627.951250  0.267046
2025-02-17 01:15:00 96421.800000 96421.800000 96283.930000 96283.940000  23.454420 2025-02-17 01:19:59.999      2260410.511263    8725           8.570330       825890.588120      0 96322.740264 96344.628441 96658.904333 96286.936657 44.017214  -57.154470   -83.698381   26.543911 96096.943231 96280.399500 96463.855769 127.596474 38.316091 66.677672 69.159932   48.202229  -651.405670  0.179729
2025-02-17 01:20:00 96283.940000 96283.940000 96157.890000 96171.470000  44.328670 2025-02-17 01:24:59.999      4264862.992808    9961          23.032460      2215838.751490      0 96272.316842 96328.137161 96643.356333 96281.840597 38.789797  -64.817206   -79.922146   15.104940 96094.853367 96279.750000 96464.646633 127.486012 38.179822 48.149265 63.022358  -65.765866  -695.734340  0.083675
2025-02-17 01:25:00 96171.480000 96250.000000 96060.500000 96249.230000  63.087970 2025-02-17 01:29:59.999      6064312.828524    9095          24.784270      2383263.810354      0 96264.621228 96320.622193 96630.129167 96274.142887 43.762525  -63.879040   -76.713525   12.834485 96109.362539 96284.823000 96460.283461 131.915582 38.614114 33.419119 49.415352  -87.671095  -632.646370  0.137490
2025-02-17 01:30:00 96249.220000 96333.160000 96226.410000 96333.160000  17.953200 2025-02-17 01:34:59.999      1728288.457857    7969          12.211620      1175607.227832      0 96287.467485 96321.816270 96619.265000 96274.669628 48.614893  -55.720772   -72.514974   16.794202 96130.706873 96294.393500 96458.080127 130.118041 37.966744 42.180280 41.249555    9.682026  -614.693170  0.118162
2025-02-17 01:35:00 96333.160000 96398.520000 96302.860000 96339.930000  52.423500 2025-02-17 01:39:59.999      5052155.801415    9453          34.654110      3339656.276228      0 96304.954990 96323.541387 96609.027667 96279.131028 48.997171  -48.153915   -67.642762   19.488847 96162.300340 96305.484000 96448.667660 127.656752 36.630456 64.475196 46.691532   56.828615  -562.269670  0.150736
2025-02-17 01:40:00 96339.920000 96339.920000 96279.630000 96304.990000  16.147120 2025-02-17 01:44:59.999      1554911.759080    5440          10.691030      1029488.553564      0 96304.966660 96321.774589 96598.481167 96279.671867 47.051654  -44.463940   -63.006998   18.543058 96186.545508 96312.824500 96439.103492 122.845556 35.559813 69.328111 58.661196    2.031505  -578.416790  0.142704
2025-02-17 01:45:00 96304.990000 96410.390000 96281.010000 96410.390000  21.407180 2025-02-17 01:49:59.999      2062819.811451    7430          15.507220      1494378.142996      0 96340.107773 96330.214152 96590.361833 96281.781826 53.101265  -32.658245   -56.937247   24.279002 96185.582797 96318.508000 96451.433203 123.312302 33.801630 76.049608 69.950972   72.633276  -557.009610  0.101023
2025-02-17 01:50:00 96410.390000 96520.740000 96379.910000 96508.630000  45.984880 2025-02-17 01:54:59.999      4435463.298357   10624          31.588710      3046788.392687      0 96396.281849 96347.206137 96584.222333 96291.030188 57.926477  -15.199786   -48.589755   33.389969 96187.991705 96333.818500 96479.645295 124.563566 31.628787 84.186455 76.521392  180.640711  -511.024730  0.188557
2025-02-17 01:55:00 96508.630000 96533.520000 96481.370000 96508.630000  33.590470 2025-02-17 01:59:59.999      3241879.602167    6806          23.344090      2252984.966717      0 96433.731233 96362.579838 96577.540500 96298.551670 57.926477   -1.348289   -39.141462   37.793173 96178.983386 96343.249500 96507.515614 119.391168 29.720538 94.487307 84.907790  192.119447  -511.024730  0.105037
2025-02-17 02:00:00 96508.630000 96638.050000 96508.620000 96580.060000  35.008030 2025-02-17 02:04:59.999      3380406.072552   12052          23.615860      2280293.917619      0 96482.507488 96383.292235 96571.264500 96308.218188 61.285340   15.217508   -28.269668   43.487176 96161.822537 96355.632500 96549.442463 120.108228 28.780704 94.022047 90.898603  215.973780  -476.016700  0.182253
2025-02-17 02:05:00 96580.050000 96598.610000 96452.830000 96461.710000  34.792950 2025-02-17 02:09:59.999      3358013.565123   15254          18.623030      1797132.288376      0 96475.574992 96390.760593 96562.159833 96314.793110 53.643886   18.581964   -18.899342   37.481306 96160.525705 96357.172500 96553.819295 121.941926 27.360269 84.721652 91.077002  131.213124  -510.809650  0.073369
2025-02-17 02:10:00 96461.710000 96494.990000 96396.120000 96417.150000  36.912490 2025-02-17 02:14:59.999      3559087.748243    5746          18.854230      1817787.381699      0 96456.099995 96393.273870 96554.545500 96318.958098 51.062330   17.451530   -11.629167   29.080697 96160.841628 96358.998000 96557.154372 120.293931 25.518776 73.726373 84.156691   66.726853  -547.722140  0.039475
2025-02-17 02:15:00 96417.160000 96417.160000 96317.340000 96379.250000  29.888630 2025-02-17 02:19:59.999      2880381.794647    8392          11.274220      1086296.550600      0 96430.483330 96391.938263 96545.774167 96320.372695 48.906537   13.343622    -6.634609   19.978232 96161.262181 96359.585500 96557.908819 118.831507 24.245791 62.136612 73.528212   13.156764  -577.610770  0.074328
2025-02-17 02:20:00 96379.240000 96441.610000 96374.640000 96441.610000 113.210440 2025-02-17 02:24:59.999     10913638.741174    4651         109.611960     10566776.770442      0 96434.192220 96396.668905 96538.040167 96329.565992 52.462782   14.947699    -2.318148   17.265847 96161.919576 96363.447500 96564.975424 115.127114 22.835890 60.976539 65.613174   50.357152  -464.400330  0.226743
2025-02-17 02:25:00 96441.610000 96452.840000 96420.740000 96451.850000   9.066780 2025-02-17 02:29:59.999       874418.748460    2691           3.255140       313923.984341      0 96440.078147 96401.924247 96529.121833 96330.395313 53.040780   16.850976     1.515677   15.335299 96174.664037 96373.278500 96571.892963 109.196606 21.418912 62.979251 62.030801   62.032367  -455.333550  0.316673
2025-02-17 02:30:00 96451.850000 96465.760000 96338.400000 96339.620000  51.703090 2025-02-17 02:34:59.999      4984042.485903    7706          10.376420      1000189.822005      0 96406.592098 96395.990510 96517.202333 96332.451753 46.384138    9.197294     3.052000    6.145293 96179.753915 96375.613500 96571.473085 110.493991 20.812253 60.692004 61.549265    9.044672  -507.036640  0.203408
2025-02-17 02:35:00 96339.620000 96393.360000 96339.620000 96386.780000  19.582800 2025-02-17 02:39:59.999      1887156.420620    2886          16.034250      1545156.116125      0 96399.988065 96395.113318 96503.671500 96333.067121 49.265502    6.858057     3.813212    3.044846 96184.815738 96378.991500 96573.167262 106.440135 20.248926 51.682483 58.451246   -0.747838  -487.453840  0.205815
2025-02-17 02:40:00 96386.780000 96386.780000 96291.280000 96291.290000  32.048630 2025-02-17 02:44:59.999      3087497.437098    2631           6.532180       629169.392570      0 96363.755377 96385.225383 96489.055333 96332.827433 44.097873   -2.670268     2.516516   -5.186784 96182.713225 96378.191500 96573.669775 105.658696 20.131002 30.180083 47.518190  -47.640910  -519.502470  0.149346
2025-02-17 02:45:00 96291.280000 96300.000000 96260.980000 96266.940000  15.658110 2025-02-17 02:49:59.999      1507589.539975    5205           9.024910       868921.397169      0 96331.483585 96373.960109 96474.203167 96332.166110 42.863181  -12.047500    -0.396287  -11.651213 96180.324413 96377.421500 96574.518587 100.898790 20.266411 14.597525 32.153364  -89.103866  -535.160580  0.140894
2025-02-17 02:50:00 96266.950000 96266.950000 96188.810000 96188.820000  17.202100 2025-02-17 02:54:59.999      1655189.519125    4002           6.791150       653436.579869      0 96283.929056 96356.327717 96458.570833 96330.685979 39.082491  -25.488835    -5.414797  -20.074039 96153.582303 96365.772500 96577.962697  99.273162 20.935223  1.612000 15.463203 -124.531513  -552.362680  0.075257
2025-02-17 02:55:00 96188.820000 96230.330000 96156.550000 96228.980000  16.626490 2025-02-17 02:59:59.999      1599320.061133    4344          10.946970      1053001.115255      0 96265.612704 96344.199363 96442.969000 96329.175102 41.918706  -32.525679   -10.836973  -21.688705 96145.314602 96363.024500 96580.734398  97.452222 21.781622  5.541803  7.250443 -117.380592  -535.736190  0.131840
2025-02-17 03:00:00 96228.970000 96228.970000 96156.540000 96156.550000  29.005540 2025-02-17 03:04:59.999      2790111.105007    5285          11.636930      1119282.517794      0 96229.258469 96326.327995 96426.807500 96326.118257 38.442407  -43.446103   -17.358799  -26.087304 96141.862774 96362.278500 96582.694226  95.665634 22.567636  5.015626  4.056477 -133.109931  -564.741730  0.143123
2025-02-17 03:05:00 96156.550000 96193.440000 96122.170000 96133.300000  38.128370 2025-02-17 03:09:59.999      3666773.626775    5269          20.825150      2002702.428090      0 96197.272313 96307.944377 96410.383833 96321.468278 37.371052  -53.361580   -24.559355  -28.802225 96119.039517 96356.482000 96593.924483  93.923089 23.549510  5.734044  5.430491 -151.428227  -602.870100  0.015227
2025-02-17 03:10:00 96133.310000 96155.360000 96123.340000 96146.880000  27.083950 2025-02-17 03:14:59.999      2603956.012011    3017          13.763490      1323192.572352      0 96180.474875 96292.604912 96394.780667 96318.168470 38.450029  -59.438703   -31.535225  -27.903478 96092.786895 96347.168000 96601.549105  89.501440 24.461250  2.448646  4.399438 -138.463668  -575.786150  0.007301
2025-02-17 03:15:00 96146.880000 96155.360000 96032.990000 96093.990000  82.697770 2025-02-17 03:19:59.999      7945691.701960    5286          21.196530      2036475.691000      0 96151.646584 96273.689206 96378.521167 96306.267157 35.858880  -67.741762   -38.776532  -28.965229 96057.536862 96334.871000 96612.205138  91.849194 25.935407  6.849108  5.010599 -142.088071  -658.483920  0.023344
2025-02-17 03:20:00 96093.990000 96130.600000 96093.980000 96124.050000  45.587950 2025-02-17 03:24:59.999      4381150.144852    3182          34.266470      3292996.234209      0 96142.447722 96259.437853 96363.387333 96300.860283 38.399727  -71.077073   -45.236640  -25.840433 96033.766890 96325.824000 96617.881110  87.904252 27.304267 13.143682  7.480479 -113.078698  -612.895970  0.065722
2025-02-17 03:25:00 96124.050000 96192.300000 96124.040000 96192.300000  54.456050 2025-02-17 03:29:59.999      5237071.133120    2933          48.974460      4709865.264349      0 96159.065148 96253.043772 96351.863333 96296.544551 43.839392  -67.435769   -49.676466  -17.759303 96020.034484 96314.919500 96609.804516  86.501091 27.554513 23.685455 14.559415  -75.332261  -558.439920  0.105914
2025-02-17 03:30:00 96192.300000 96226.410000 96192.300000 96212.910000  53.168070 2025-02-17 03:34:59.999      5115085.354289    4205          41.370120      3979921.885316      0 96177.013432 96249.221508 96344.719833 96293.870596 45.407172  -62.170294   -52.175232   -9.995062 96016.128032 96300.133500 96584.138968  82.758870 27.269328 33.142316 23.323817  -48.716299  -505.271850  0.070121
2025-02-17 03:35:00 96212.910000 96212.910000 96161.520000 96172.720000  32.369140 2025-02-17 03:39:59.999      3113159.154731    2553          25.908310      2491749.385439      0 96175.582288 96241.935650 96335.662500 96291.799527 42.892620  -60.542468   -53.848679   -6.693789 96011.155281 96283.338000 96555.520719  80.518236 27.283405 36.891035 31.239602  -57.399524  -537.640990  0.044674
2025-02-17 03:40:00 96172.720000 96191.970000 96172.720000 96177.440000  15.362700 2025-02-17 03:44:59.999      1477588.507280    2789           6.426400       618080.045874      0 96176.201525 96235.793207 96325.307667 96290.828645 43.289817  -58.200640   -54.719071   -3.481569 96024.258278 96263.207000 96502.155722  76.141934 27.296477 37.981736 36.005029  -52.846479  -522.278290  0.030640
2025-02-17 03:45:00 96177.450000 96246.260000 96160.260000 96181.940000  28.103340 2025-02-17 03:49:59.999      2703601.718339    5403          17.916850      1723523.527754      0 96178.114350 96230.664330 96313.247667 96289.338831 43.691922  -55.343644   -54.843986   -0.499658 96026.162551 96249.218500 96472.274449  76.846081 26.447265 38.157469 37.676747  -38.168251  -494.174950  0.053138
2025-02-17 03:50:00 96181.950000 96259.370000 96175.640000 96256.180000  16.946330 2025-02-17 03:54:59.999      1630325.498931    5508           9.760220       938967.329042      0 96204.136234 96233.094394 96302.110333 96288.784796 49.991771  -46.552281   -53.185645    6.633364 96031.731853 96241.170000 96450.608147  77.337790 25.460773 55.257893 43.799033   -9.425582  -477.228620  0.105241
2025-02-17 03:55:00 96256.170000 96280.000000 96209.570000 96215.330000  63.703420 2025-02-17 03:59:59.999      6130537.945327    7066          20.907560      2012136.992343      0 96207.867489 96231.402547 96291.269333 96286.948061 46.883504  -42.392640   -51.027044    8.634404 96033.184201 96232.974000 96432.763799  76.844376 24.230163 66.502917 53.306093   -0.948799  -540.932040  0.021182
2025-02-17 04:00:00 96215.320000 96215.330000 96170.840000 96171.110000  23.892840 2025-02-17 04:04:59.999      2298050.720139    3864           8.735640       840155.597724      0 96195.614993 96225.660400 96286.034833 96285.669185 43.714951  -42.178077   -49.257251    7.079174 96042.689570 96219.449000 96396.208430  74.533349 23.567669 71.108089 64.289633  -37.369799  -564.824880 -0.179477
2025-02-17 04:05:00 96171.110000 96184.930000 96076.920000 96094.830000  29.002280 2025-02-17 04:09:59.999      2788253.467265    4858          10.511310      1010566.026697      0 96162.019995 96213.200362 96280.870500 96283.149277 38.838737  -47.614324   -48.928665    1.314341 96052.355924 96201.598000 96350.840076  76.924539 23.928065 51.590354 63.067120 -103.077079  -593.827160 -0.214595
2025-02-17 04:10:00 96094.830000 96094.830000 96073.000000 96083.690000  44.716720 2025-02-17 04:14:59.999      4296387.574337    3408          25.274220      2428339.106593      0 96135.909997 96200.866042 96276.640500 96278.611792 38.169123  -52.219539   -49.586840   -2.632699 96045.314077 96188.801500 96332.288923  72.989215 24.299263 33.825891 52.174778 -139.437732  -638.543880 -0.144132
2025-02-17 04:15:00 96083.690000 96095.700000 96050.390000 96079.060000  35.813310 2025-02-17 04:19:59.999      3440573.723069    4779          16.560680      1590971.598431      0 96116.959998 96189.265466 96271.956167 96274.966676 37.876834  -55.601865   -50.789845   -4.812020 96054.204483 96173.415500 96292.626517  71.012128 24.859710 21.403992 35.606746 -144.026462  -674.357190 -0.148322
2025-02-17 04:20:00 96079.070000 96140.170000 96013.000000 96140.160000 158.043420 2025-02-17 04:24:59.999     15181589.869360    7184          43.348290      4164837.737444      0 96124.693332 96184.588755 96268.092500 96261.990223 43.974095  -52.744121   -51.180700   -1.563421 96058.970414 96165.859000 96272.747586  75.023404 24.598584 28.934007 28.054630 -100.555800  -516.313770  0.103921
2025-02-17 04:25:00 96140.160000 96219.920000 96136.320000 96219.920000  27.617870 2025-02-17 04:29:59.999      2655990.244512    4340          23.723550      2281507.550639      0 96156.435555 96187.953636 96268.021833 96261.106504 50.767145  -43.541454   -49.652851    6.111397 96063.787863 96163.508000 96263.228137  75.636018 23.162563 47.924887 32.754295   45.313551  -488.695900  0.148291
2025-02-17 04:30:00 96219.910000 96259.840000 96179.550000 96179.550000  24.046810 2025-02-17 04:34:59.999      2313936.021346    3891          12.252030      1179027.888542      0 96164.140370 96187.153289 96267.981000 96260.510225 47.619954  -39.055588   -47.533398    8.477811 96063.713860 96163.044500 96262.375140  75.968446 21.703403 62.500624 46.453173   68.800414  -512.742710  0.139000
2025-02-17 04:35:00 96179.560000 96213.070000 96179.560000 96200.690000  11.863130 2025-02-17 04:39:59.999      1141224.205871    2612           7.082580       681327.827196      0 96176.323580 96188.442500 96268.351333 96260.175212 49.389303  -33.409560   -44.708631   11.299071 96065.336119 96161.630000 96257.923881  72.936414 20.348469 70.057428 60.160980   56.347850  -500.879580  0.124435
2025-02-17 04:40:00 96200.690000 96217.670000 96063.620000 96063.620000  35.345580 2025-02-17 04:44:59.999      3397500.055796    6048          11.816950      1136118.757422      0 96138.755720 96176.554643 96266.337333 96257.901150 39.963235  -39.539658   -43.674836    4.135178 96051.616606 96156.983500 96262.350394  78.730241 20.086440 50.544320 61.034124  -66.909694  -536.225160  0.116018
2025-02-17 04:45:00 96063.630000 96074.370000 96052.000000 96060.140000  31.903860 2025-02-17 04:49:59.999      3064770.572972    3112          13.490300      1295912.868469      0 96112.550480 96165.467534 96264.876833 96255.172851 39.755782  -44.169453   -43.773759   -0.395693 96040.134468 96153.325500 96266.516532  74.704510 19.962091 35.636704 52.079484 -126.680778  -568.129020  0.137707
2025-02-17 04:50:00 96060.140000 96147.330000 96045.830000 96099.810000  44.525010 2025-02-17 04:54:59.999      4278942.011326    5977          24.962670      2399145.938336      0 96108.303653 96159.214435 96264.177833 96252.167117 43.364987  -44.128871   -43.844782   -0.284090 96035.410213 96150.972000 96266.533787  76.618473 18.840098 23.042447 36.407824  -71.429372  -523.604010  0.123383
2025-02-17 04:55:00 96099.810000 96099.820000 96026.000000 96026.010000  21.651590 2025-02-17 04:59:59.999      2080090.181388    5070           6.374750       612410.745976      0 96080.872436 96146.528299 96262.642667 96250.314021 38.717843  -49.481363   -44.972098   -4.509265 96021.946472 96147.573000 96273.199528  76.418582 18.028571 18.347066 25.675406 -124.196685  -545.255600  0.106013
2025-02-17 05:00:00 96026.010000 96051.200000 95800.000000 95887.530000 281.198290 2025-02-17 05:04:59.999     26978571.894502   29334          99.205440      9515672.736234      0 96016.424957 96121.861794 96258.131833 96214.323699 31.825883  -64.157858   -48.809250  -15.348608 95966.524030 96135.747000 96304.969970  88.902969 19.207781 18.540395 19.976636 -234.257465  -826.453890 -0.028926
2025-02-17 05:05:00 95887.530000 96172.000000 95887.530000 96169.490000  36.622630 2025-02-17 05:09:59.999      3516442.430507   11343          26.170770      2512920.761996      0 96067.446638 96126.397814 96256.011333 96212.433061 50.965032  -52.432858   -49.533972   -2.898886 95966.620548 96134.606500 96302.592452 102.872043 18.918071 34.486646 23.791369  -59.312482  -789.831260 -0.047624
2025-02-17 05:10:00 96169.490000 96328.140000 96152.450000 96237.380000 125.493600 2025-02-17 05:14:59.999     12079796.251017   15765          68.489750      6591586.514478      0 96124.091092 96136.967546 96256.594000 96213.638988 54.292355  -37.233351   -47.073848    9.840496 95965.244294 96135.830000 96306.415706 108.073326 17.858625 60.467480 37.831507  100.835618  -664.337660 -0.058470
2025-02-17 05:15:00 96237.370000 96301.400000 96106.510000 96106.510000  89.051280 2025-02-17 05:19:59.999      8568264.190215    9471          44.483860      4280495.973338      0 96118.230728 96134.066827 96253.035667 96212.338525 47.588697  -35.340367   -44.727151    9.386785 95962.356626 96132.519500 96302.682374 114.274517 16.664935 73.734257 56.229461   34.918479  -753.388940 -0.117407
2025-02-17 05:20:00 96106.510000 96154.380000 95899.990000 95927.150000 128.408720 2025-02-17 05:24:59.999     12330049.359304   16552          36.869090      3539429.029101      0 96054.537152 96114.360463 96246.281500 96203.035056 40.252997  -47.762440   -45.334209   -2.428231 95929.320159 96120.005000 96310.689841 124.282766 16.938651 54.975322 63.059020 -124.602085  -881.797660 -0.180913
2025-02-17 05:25:00 95927.150000 96044.250000 95927.140000 96034.640000  36.939410 2025-02-17 05:29:59.999      3545723.937661    9750          16.870530      1619241.132474      0 96047.904768 96106.768038 96239.677000 96200.602545 45.659184  -48.375832   -45.942534   -2.433298 95920.718183 96112.640000 96304.561817 123.770425 17.192816 42.179473 56.963017 -106.353615  -844.858250 -0.144278
2025-02-17 05:30:00 96034.640000 96125.870000 96023.140000 96125.870000  25.387190 2025-02-17 05:34:59.999      2438928.625555    8873          17.107730      1643508.443535      0 96073.893179 96108.587272 96235.430833 96199.703745 49.810114  -41.027511   -44.959529    3.932018 95925.629522 96106.124500 96286.619478 122.267538 16.720183 43.401371 46.852055  -18.572925  -819.471060 -0.135691
2025-02-17 05:35:00 96125.870000 96200.070000 96125.870000 96167.740000  53.495950 2025-02-17 05:39:59.999      5144785.436499    9316          37.449620      3601407.117495      0 96105.175452 96114.220865 96232.101500 96199.103396 51.636072  -31.462672   -42.260158   10.797485 95927.875973 96103.745000 96279.614027 118.834142 15.692146 58.586107 48.055650   61.139158  -765.975110 -0.089228
2025-02-17 05:40:00 96167.730000 96196.490000 96115.490000 96173.010000  21.838340 2025-02-17 05:44:59.999      2099843.099008    9576           7.930490       762569.910223      0 96127.786968 96119.819830 96228.912167 96198.844114 51.873402  -23.189905   -38.446107   15.256202 95927.823529 96103.840000 96279.856471 116.131703 14.815070 67.319271 56.435583   60.624523  -744.136770 -0.063418
2025-02-17 05:45:00 96173.000000 96257.730000 96173.000000 96218.820000  54.674910 2025-02-17 05:49:59.999      5261560.691414    6723          44.230810      4256509.258999      0 96158.131312 96129.248418 96228.305333 96199.145303 53.987107  -12.789761   -33.314838   20.525077 95927.129941 96110.039500 96292.949059 113.888725 14.000215 73.185771 66.363717  105.434055  -689.461860 -0.043652
2025-02-17 05:50:00 96218.820000 96277.450000 96154.050000 96277.450000  44.941200 2025-02-17 05:54:59.999      4323134.666589    8635          14.418720      1387338.864465      0 96197.904208 96143.362854 96228.047500 96199.658829 56.613491    0.181289   -26.615613   26.796902 95923.393924 96119.727500 96316.061076 114.568101 13.397831 80.110072 73.538372  108.968887  -644.520660 -0.008060
2025-02-17 05:55:00 96277.440000 96284.300000 96230.980000 96242.660000  14.986500 2025-02-17 05:59:59.999      1442590.421875    4651           4.622660       444964.810266      0 96212.822805 96152.819725 96226.771500 96199.901820 54.621172    7.566456   -19.779199   27.345655 95925.494718 96127.907500 96330.320282 110.193237 12.894425 84.506002 79.267282  108.937601  -659.507160 -0.022332
2025-02-17 06:00:00 96242.670000 96339.630000 96208.000000 96339.620000  47.334570 2025-02-17 06:04:59.999      4557514.509797    8630          30.619150      2948134.925372      0 96255.088537 96170.610228 96227.310333 96201.270276 58.956358   21.001030   -11.623153   32.624183 95915.377684 96137.880500 96360.383316 111.724434 12.877155 91.405070 85.340381  127.757079  -612.172590 -0.120112
2025-02-17 06:05:00 96339.620000 96426.030000 96331.690000 96386.390000  38.375260 2025-02-17 06:09:59.999      3698322.607503    7895          24.676850      2378141.766431      0 96298.855691 96191.160682 96229.044500 96203.331070 60.896909   35.018304    -2.294862   37.313166 95900.774419 96146.204000 96391.633581 110.482689 13.495428 92.493693 89.468255  171.371876  -573.797330 -0.137405
2025-02-17 06:10:00 96386.390000 96396.740000 96350.000000 96373.620000  30.945120 2025-02-17 06:14:59.999      2982352.720455    3997           6.739590       649494.336114      0 96323.777128 96208.537760 96228.241500 96204.886444 60.061909   44.582741     7.080659   37.502082 95891.369670 96155.907500 96420.445330 105.929640 14.069539 94.644530 92.847765  147.386507  -604.742450 -0.115851
2025-02-17 06:15:00 96373.620000 96406.940000 96300.310000 96365.030000  38.376140 2025-02-17 06:19:59.999      3697625.325959    5973          13.137260      1265891.358919      0 96337.528085 96223.441783 96229.593000 96206.596580 59.471185   50.882939    15.841115   35.041824 95884.740290 96164.124500 96443.508710 105.979666 14.051357 90.779789 92.639338  122.222013  -643.118590 -0.109040
2025-02-17 06:20:00 96365.040000 96373.680000 96290.970000 96331.590000  50.146060 2025-02-17 06:24:59.999      4830108.179153    6323          20.970690      2019894.785415      0 96335.548723 96233.741613 96232.261667 96208.408304 57.116124   52.571550    23.187202   29.384348 95893.047754 96177.523000 96461.998246 104.317547 13.931293 86.906109 90.776809   94.106511  -693.264650 -0.079386
2025-02-17 06:25:00 96331.590000 96377.360000 96316.690000 96370.410000  46.830490 2025-02-17 06:29:59.999      4512416.846844    4266          35.791870      3448844.176262      0 96347.169149 96246.757650 96234.281333 96210.356160 59.139041   56.392182    29.828198   26.563984 95902.091804 96193.036500 96483.981196 101.199865 13.853333 86.625859 88.103919   95.928283  -646.434160 -0.042048
2025-02-17 06:30:00 96370.410000 96433.570000 96362.350000 96380.520000  34.757920 2025-02-17 06:34:59.999      3350829.600894    5549           8.316490       801697.440665      0 96358.286099 96259.496921 96235.070667 96212.133662 59.672578   59.549404    35.772439   23.776965 95908.487654 96207.072000 96505.656346  99.058446 14.285076 86.999455 86.843807  105.118635  -611.676240 -0.058641
2025-02-17 06:35:00 96380.530000 96400.000000 96307.690000 96385.240000  39.259900 2025-02-17 06:39:59.999      3782980.255140    5061          22.022050      2121734.835221      0 96367.270733 96271.472453 96235.825833 96213.795969 59.935599   61.720910    40.962133   20.758777 95928.968934 96225.033500 96521.098066  98.576414 14.016511 89.058639 87.561317   82.654671  -572.416340 -0.018785
2025-02-17 06:40:00 96385.240000 96445.450000 96337.180000 96348.840000  85.236000 2025-02-17 06:44:59.999      8215826.782242    7997          19.617970      1891053.474717      0 96361.127155 96278.840791 96236.556667 96217.580448 56.855892   59.815156    44.732738   15.082418 95991.564313 96248.099000 96504.633687  99.268813 14.185235 82.823317 86.293804   84.866935  -657.652340 -0.004718
2025-02-17 06:45:00 96348.840000 96368.150000 96258.230000 96287.450000  43.154110 2025-02-17 06:49:59.999      4155333.362238    6609          12.697170      1222624.228766      0 96336.568103 96279.660715 96234.507667 96218.589376 52.002659   52.743182    46.334827    6.408355 95999.547152 96253.997000 96508.446848 100.029612 13.435507 70.353549 80.745168   34.249448  -700.806450 -0.058219
2025-02-17 06:50:00 96287.450000 96352.660000 96269.850000 96304.100000  27.149760 2025-02-17 06:54:59.999      2614690.741444    5448           7.616540       733519.431554      0 96325.745402 96281.988266 96231.098833 96219.243072 53.170218   47.929605    46.653782    1.275823 96002.093805 96257.333000 96512.572195  98.799640 12.739331 58.109632 70.428832   34.174508  -673.656690 -0.064792
2025-02-17 06:55:00 96304.090000 96377.360000 96301.880000 96376.770000  31.304830 2025-02-17 06:59:59.999      3016097.720847    4681          16.372170      1577191.217357      0 96342.753602 96291.015098 96228.901167 96220.342290 57.975214   49.409115    47.204849    2.204266 96020.406055 96270.846000 96521.285945  97.133951 12.354691 60.013075 62.825418   57.214525  -642.351860  0.065169
2025-02-17 07:00:00 96376.780000 96402.420000 96336.150000 96386.500000  29.771110 2025-02-17 07:04:59.999      2868915.972079    5026           9.756880       940233.584216      0 96357.335734 96300.108898 96225.675167 96221.550745 58.587904   50.781390    47.920157    2.861233 96094.665507 96293.813500 96492.961493  94.929383 12.261712 67.699179 61.940628   69.384035  -612.580750  0.219760
2025-02-17 07:05:00 96386.510000 96463.200000 96317.440000 96337.410000  26.877300 2025-02-17 07:09:59.999      2590697.882677    7726          12.737400      1227730.017029      0 96350.693823 96303.661384 96223.603500 96222.609242 54.287588   47.361818    47.808489   -0.446671 96148.673565 96308.952000 96469.230435  98.560142 12.775309 67.437997 65.050084   65.779428  -639.458050  0.158374
2025-02-17 07:10:00 96337.410000 96377.290000 96284.890000 96284.900000  35.168070 2025-02-17 07:14:59.999      3387448.325201    5046           7.686270       740469.661071      0 96328.762549 96301.874586 96221.399333 96223.454536 50.055291   39.954098    46.237611   -6.283513 96179.614872 96316.903500 96454.192128  98.120131 12.811552 46.298210 60.478462    1.436482  -674.626120  0.080228
2025-02-17 07:15:00 96284.890000 96301.890000 96155.130000 96155.380000  88.888220 2025-02-17 07:19:59.999      8555182.019132   10472          11.255330      1083360.746012      0 96270.968366 96287.922720 96217.668167 96223.021018 41.467805   23.362932    41.662675  -18.299743 96176.233160 96316.285500 96456.337840 101.594408 12.416200 21.267353 45.001186 -135.701435  -763.514340 -0.038207
2025-02-17 07:20:00 96155.390000 96192.790000 96100.000000 96102.620000  82.409810 2025-02-17 07:24:59.999      7922647.958401    8169          32.009850      3077491.223569      0 96214.852244 96270.274842 96212.018333 96221.162166 38.565347    5.889136    34.507967  -28.618831 96155.953609 96312.766000 96469.578391 100.965522 12.556890  4.604725 24.056763 -214.617919  -845.924150 -0.133222
2025-02-17 07:25:00 96102.610000 96171.230000 96102.610000 96147.470000  69.435860 2025-02-17 07:29:59.999      6675528.300966    7490          31.165670      2996198.588444      0 96192.391496 96258.579143 96206.945333 96219.799504 42.264803   -4.290495    26.748275  -31.038770 96141.155050 96309.198500 96477.241950  98.655127 12.687531  4.624150 10.165409 -185.183176  -776.488290 -0.112392
2025-02-17 07:30:00 96147.460000 96159.550000 96061.360000 96073.630000  57.758690 2025-02-17 07:34:59.999      5550585.366199    8926          21.195980      2036867.078239      0 96152.804331 96240.964939 96202.512167 96218.115441 38.187613  -18.107465    17.777127  -35.884592 96102.233302 96299.007500 96495.781698  98.621904 13.190329  5.614918  4.947931 -195.559346  -834.246980 -0.206955
2025-02-17 07:35:00 96073.620000 96139.630000 96067.820000 96094.480000  28.951280 2025-02-17 07:39:59.999      2782082.467122    6413          12.960990      1245476.000133      0 96133.362887 96227.013992 96197.640500 96217.305719 39.949184  -27.063126     8.809076  -35.872202 96076.582678 96291.598500 96506.614322  96.706768 13.657213  8.121825  6.120298 -161.538692  -805.295700 -0.202818
2025-02-17 07:40:00 96094.490000 96094.490000 95937.380000 95970.010000 150.356530 2025-02-17 07:44:59.999     14433768.474001    8882          30.321270      2910334.899111      0 96078.911925 96202.537422 96192.285833 96209.817163 33.763168  -43.700488    -1.692837  -42.007652 96017.993897 96273.118000 96528.242103 101.021284 15.158301  5.833695  6.523479 -184.651001  -955.652230 -0.313269
2025-02-17 07:45:00 95970.010000 96001.970000 95959.390000 95960.070000  86.681210 2025-02-17 07:49:59.999      8319747.265463    8172          47.639450      4572503.160976      0 96039.297950 96179.445286 96187.171333 96205.206737 33.319449  -57.030382   -12.760346  -44.270036 95968.421476 96251.802000 96535.182524  96.846907 16.552168  6.254266  6.736595 -162.419226 -1042.333440 -0.382405
2025-02-17 07:50:00 95960.070000 95994.200000 95900.940000 95981.530000  97.053530 2025-02-17 07:54:59.999      9311059.383090   10388          51.118670      4903968.358041      0 96020.041967 96160.596211 96183.716500 96199.934446 35.296510  -65.112203   -23.230717  -41.881486 95931.517202 96232.197500 96532.877798  96.590699 18.258141  8.284646  6.790869 -142.619942  -945.279910 -0.299216
2025-02-17 07:55:00 95981.540000 96104.110000 95965.090000 96068.220000  58.299100 2025-02-17 07:59:59.999      5599025.406012    5192          38.266740      3675229.134624      0 96036.101311 96151.798477 96181.037167 96197.977907 42.688877  -63.786653   -31.341904  -32.444749 95915.071524 96217.357000 96519.642476  99.621364 18.321786 16.133251 10.224054  -87.140092  -886.980810 -0.277027
2025-02-17 08:00:00 96068.210000 96082.210000 95937.050000 95961.250000  36.507840 2025-02-17 08:04:59.999      3505414.863767    7684          19.710790      1892711.480608      0 96011.150874 96133.651003 96177.782167 96196.365285 37.062057  -70.554423   -39.184408  -31.370015 95881.801650 96198.840000 96515.878350 102.874123 18.611768 18.270314 14.229403  -99.787612  -923.488650 -0.300579
2025-02-17 08:05:00 95961.260000 96165.600000 95961.250000 96133.430000  28.374110 2025-02-17 08:09:59.999      2726230.306098    8287          18.520020      1779278.222031      0 96051.910583 96133.629955 96177.784333 96195.697546 48.767750  -61.317611   -43.611049  -17.706563 95878.899843 96186.991000 96495.082157 110.122400 17.888794 27.275638 20.559734  -50.817123  -895.114540 -0.320104
2025-02-17 08:10:00 96133.420000 96211.840000 96100.010000 96191.350000  33.725200 2025-02-17 08:14:59.999      3242838.445751    6839          18.280810      1757798.493751      0 96098.390388 96139.127102 96178.525500 96195.496508 52.001754  -48.761618   -44.641163   -4.120455 95882.447066 96177.532500 96472.617934 110.244372 16.725537 34.575345 26.707099   -8.019748  -861.389340 -0.286612
2025-02-17 08:15:00 96191.350000 96191.360000 96102.540000 96118.890000  53.545940 2025-02-17 08:19:59.999      5147568.640194   10145          13.835640      1329955.278104      0 96105.223592 96137.199759 96178.940500 96194.843085 47.925872  -44.148898   -44.542710    0.393812 95884.169829 96164.215000 96444.260171 108.714059 15.645370 46.251284 36.034089  -18.781100  -914.935280 -0.335666
2025-02-17 08:20:00 96118.880000 96118.890000 96040.370000 96040.380000  23.725490 2025-02-17 08:24:59.999      2279704.239410    4962           6.815510       654801.374503      0 96083.609062 96127.978830 96177.546000 96194.204742 43.910013  -46.294728   -44.893113   -1.401615 95877.271163 96148.792000 96420.312837 106.557341 15.275395 44.060686 41.629105  -52.456723  -938.660770 -0.314997
2025-02-17 08:25:00 96040.380000 96082.480000 96040.370000 96051.350000  29.492570 2025-02-17 08:29:59.999      2833032.762184    5218          14.596630      1402075.092683      0 96072.856041 96120.680846 96175.196833 96193.367909 44.608436  -46.573259   -45.229143   -1.344117 95870.116407 96136.987000 96403.857593 101.953959 14.931847 42.970159 44.427376  -53.068716  -909.168200 -0.313328
2025-02-17 08:30:00 96051.340000 96105.190000 96014.880000 96105.190000  50.682890 2025-02-17 08:34:59.999      4867644.299398    8854          23.136020      2222071.078769      0 96083.634027 96119.205527 96173.401500 96192.131506 48.028849  -41.965803   -44.576475    2.610671 95871.226879 96127.041500 96382.856121 101.122248 14.875492 49.617556 45.549467  -38.316946  -858.485310 -0.256233
2025-02-17 08:35:00 96105.190000 96123.850000 96014.960000 96020.820000  38.309650 2025-02-17 08:39:59.999      3680471.522090   11095          10.768300      1034418.138891      0 96062.696018 96109.835477 96170.869833 96191.042468 43.496183  -44.608101   -44.582800   -0.025301 95876.955702 96109.244000 96341.532298 101.677087 14.567462 50.878096 47.821937  -47.714714  -896.794960 -0.313381
2025-02-17 08:40:00 96020.820000 96115.830000 95946.620000 96030.690000  59.241910 2025-02-17 08:44:59.999      5688455.052075   10653          20.644470      1982565.108711      0 96052.027345 96102.297813 96168.424000 96189.126142 44.160094  -45.382572   -44.742754   -0.639818 95895.107342 96091.453500 96287.799658 106.500867 14.984664 48.663021 49.719558  -60.559145  -837.553050 -0.319199
2025-02-17 08:45:00 96030.700000 96293.990000 96030.690000 96287.400000  78.447430 2025-02-17 08:49:59.999      7543958.530255   12495          54.062460      5199073.651217      0 96130.484897 96119.926592 96170.181667 96189.358778 57.987029  -24.993881   -40.792980   15.799099 95904.272492 96088.953000 96273.633508 117.700805 14.487085 59.538689 53.026602  111.186221  -759.105620 -0.226117
2025-02-17 08:50:00 96287.400000 96298.720000 96146.210000 96146.210000  92.760040 2025-02-17 08:54:59.999      8925028.326774   12693          45.996780      4425367.751246      0 96135.726598 96122.429774 96168.348833 96189.498133 50.570148  -19.998024   -36.633989   16.635964 95918.033231 96082.018500 96246.003769 120.187176 14.069098 67.238919 58.480210  121.914560  -851.865660 -0.261932
2025-02-17 08:55:00 96146.220000 96196.250000 96117.600000 96144.030000  24.936670 2025-02-17 08:59:59.999      2397519.060065    9049          12.588010      1210240.522641      0 96138.494399 96124.486938 96167.160500 96189.319332 50.462824  -16.029897   -32.513170   16.483273 95918.409338 96081.451000 96244.492662 117.220235 13.356250 73.698250 66.825286   79.240094  -876.802330 -0.208016
2025-02-17 09:00:00 96144.030000 96197.490000 96076.920000 96104.150000  55.591090 2025-02-17 09:04:59.999      5343644.892177   11140          13.468610      1294824.901619      0 96127.046266 96122.550087 96166.044500 96188.644132 48.437609  -15.919599   -29.194456   13.274857 95918.444749 96081.527500 96244.610251 117.459504 12.557873 56.324573 65.753914   49.418050  -932.393420 -0.171881
2025-02-17 09:05:00 96104.150000 96205.680000 96091.680000 96195.370000  31.849870 2025-02-17 09:09:59.999      3062628.752870    8425          20.419150      1963505.057328      0 96149.820844 96129.485317 96167.720167 96188.495528 53.076455   -8.374954   -25.030556   16.655601 95915.710194 96083.922500 96252.134806 117.212396 11.722459 59.579412 63.200745   90.131387  -900.543550 -0.173424
2025-02-17 09:10:00 96195.380000 96280.000000 96195.370000 96222.230000  19.018200 2025-02-17 09:14:59.999      1830259.575005    5949          11.518210      1108455.965115      0 96173.957229 96138.318144 96170.029167 96188.655093 54.377978   -0.225789   -20.069602   19.843814 95912.805122 96091.352500 96269.899878 114.885082 11.629458 65.300875 60.401620  142.457292  -881.525350 -0.145899
2025-02-17 09:15:00 96222.230000 96263.830000 96220.000000 96253.160000  29.438390 2025-02-17 09:19:59.999      2833229.790636    5416          12.313070      1185015.356754      0 96200.358153 96149.255463 96172.930833 96188.973049 55.895053    8.628809   -14.329920   22.958729 95907.292360 96099.286500 96291.280640 109.809719 11.543100 78.920260 67.933515  132.408445  -852.086960 -0.124907
2025-02-17 09:20:00 96253.160000 96253.160000 96167.940000 96169.290000  26.077330 2025-02-17 09:24:59.999      2508624.821988    6510           9.677190       930844.147683      0 96190.002102 96151.163515 96173.416333 96189.011512 50.947745    8.777353    -9.708465   18.485819 95924.582582 96109.250500 96293.918418 108.053311 10.805870 76.192370 73.471168   79.580729  -878.164290 -0.075494
2025-02-17 09:25:00 96169.280000 96252.000000 96169.280000 96241.710000  14.984710 2025-02-17 09:29:59.999      1441877.173656    4582          11.673540      1123231.163195      0 96207.238068 96159.786989 96173.779500 96189.101616 54.678021   14.570801    -4.852612   19.423413 95943.423722 96123.332500 96303.241278 106.243789 10.121299 78.036543 77.716391   93.167553  -863.179580  0.026263
2025-02-17 09:30:00 96241.700000 96241.710000 96176.500000 96209.420000  25.029570 2025-02-17 09:34:59.999      2408348.094618    6367          12.657280      1217857.518513      0 96207.965379 96164.513943 96174.277333 96189.195792 52.751769   16.367938    -0.608502   16.976440 95963.529886 96134.727000 96305.924114 103.312804  9.485626 73.895674 76.041529   76.407868  -888.209150 -0.058362
2025-02-17 09:35:00 96209.410000 96276.760000 96199.920000 96276.760000  23.843850 2025-02-17 09:39:59.999      2294531.309357    4386          12.140900      1168474.408038      0 96230.896919 96175.204043 96175.545167 96189.470961 56.215991   22.961274     4.105453   18.855821 95966.202608 96145.154000 96324.105392 101.421889  9.357248 84.069867 78.667361  108.157676  -864.365300 -0.066568
2025-02-17 09:40:00 96276.750000 96314.750000 96260.900000 96313.000000  40.747770 2025-02-17 09:44:59.999      3923798.572804    9043          24.845160      2392460.547345      0 96258.264613 96188.327468 96179.701500 96190.275129 58.000679   30.756266     9.435616   21.320650 95990.530467 96162.741500 96334.952533  98.023897  9.706119 89.308549 82.424696  143.176508  -823.617530  0.013857
2025-02-17 09:45:00 96312.990000 96318.620000 96217.390000 96243.000000  28.954860 2025-02-17 09:49:59.999      2787255.639609    7029          12.280500      1182099.666904      0 96253.176408 96193.534376 96182.749167 96190.644636 53.467228   30.928909    13.734274   17.194635 95993.139914 96168.220000 96343.300086  98.252904  9.373110 90.986601 88.121672   96.096963  -852.572390 -0.029394
2025-02-17 09:50:00 96242.990000 96243.000000 96134.810000 96215.840000  54.131550 2025-02-17 09:54:59.999      5206708.968297    7474          23.218860      2233057.556238      0 96240.730939 96195.658721 96184.683000 96190.715984 51.776232   28.545095    16.696439   11.848657 95993.394585 96169.444500 96345.494415  98.962697  9.403539 81.166830 87.153993   29.634157  -906.703940 -0.021669
2025-02-17 09:55:00 96215.840000 96215.840000 96166.250000 96166.260000  17.653380 2025-02-17 09:59:59.999      1698074.145124    4446           6.581430       633086.916596      0 96215.907293 96192.858843 96187.020500 96190.690567 48.745477   22.397035    17.836558    4.560477 95997.279307 96171.813000 96346.346693  95.436076  9.431794 60.313015 77.488815   12.196592  -924.357320 -0.001525
2025-02-17 10:00:00 96166.260000 96244.000000 96146.790000 96243.990000  36.157690 2025-02-17 10:04:59.999      3478081.260422    8055          25.985070      2499672.313348      0 96225.268195 96197.728477 96192.961500 96190.826850 53.355350   23.525625    18.974371    4.551254 96015.757472 96181.993500 96348.229528  95.562785  9.042947 56.796627 66.092157   37.768456  -888.199630  0.075517
2025-02-17 10:05:00 96244.000000 96377.190000 96243.990000 96346.360000  42.538690 2025-02-17 10:09:59.999      4097353.551737   12231          26.318080      2534542.326364      0 96265.632130 96211.883860 96195.909333 96191.829257 58.632342   32.308018    21.641101   10.666917 96027.174450 96196.744000 96366.313550  98.251157  9.689357 65.272877 60.794173  157.207260  -845.660940  0.121032
2025-02-17 10:10:00 96346.360000 96389.830000 96292.430000 96389.830000  84.940070 2025-02-17 10:14:59.999      8182196.847990    8234          64.034090      6168202.697397      0 96307.031420 96228.831111 96198.450167 96194.307634 60.667232   42.288320    25.770544   16.517775 96027.336008 96210.976000 96394.615992  98.190360 10.413862 86.285151 69.451552  183.733202  -760.720870  0.157545
2025-02-17 10:15:00 96389.820000 96395.680000 96291.800000 96324.900000  86.648340 2025-02-17 10:19:59.999      8348894.143679   13010          26.166940      2521225.275346      0 96312.987613 96237.980529 96202.090000 96196.461125 56.218848   44.446125    29.505660   14.940465 96058.362018 96226.180000 96393.997982  98.596763 11.146604 87.533429 79.697152  143.888709  -847.369210  0.151979
2025-02-17 10:20:00 96324.890000 96363.190000 96324.890000 96363.180000  15.910690 2025-02-17 10:24:59.999      1532943.751736    6384           5.580080       537601.652425      0 96329.718409 96249.904288 96209.357167 96196.885237 58.166381   48.683880    33.341304   15.342576 96090.594412 96242.804500 96395.014588  94.289851 11.827007 86.803133 86.873904  143.098850  -831.458520  0.179536
2025-02-17 10:25:00 96363.180000 96388.360000 96242.320000 96276.080000  53.517380 2025-02-17 10:29:59.999      5154532.547973    9451          14.140330      1361896.339270      0 96311.838939 96252.397213 96213.381167 96197.852589 52.449374   44.501108    35.573265    8.927843 96090.612877 96242.238500 96393.864123  97.986291 11.197088 71.520936 81.952499   73.750855  -884.975900  0.056738
2025-02-17 10:30:00 96276.080000 96276.090000 96148.630000 96148.640000  31.740820 2025-02-17 10:34:59.999      3052970.569724    9810           8.121960       781132.002737      0 96257.439293 96242.515574 96213.760667 96197.816129 45.415802   30.550719    34.568756   -4.018037 96091.038780 96242.360000 96393.681220 100.091556 11.298822 48.998863 69.107644  -58.833144  -916.716720  0.143447
2025-02-17 10:35:00 96148.640000 96148.640000 96079.200000 96124.230000  41.045700 2025-02-17 10:39:59.999      3945071.953608    9126          19.302750      1855125.826185      0 96213.036195 96231.250281 96213.035500 96197.256582 44.193329   17.325534    31.120111  -13.794578 96087.255195 96241.370000 96395.484805  97.902159 12.067427 24.561096 48.360298 -140.733959  -957.762420  0.167209
2025-02-17 10:40:00 96124.230000 96165.040000 96082.000000 96087.940000  33.082140 2025-02-17 10:44:59.999      3180069.059641    7937          19.355300      1860506.925925      0 96171.337463 96217.601683 96211.617667 96196.779477 42.367465    3.871551    25.670399  -21.798849 96083.425695 96240.559500 96397.693305  96.840576 12.547988  7.430502 26.996820 -144.852231  -990.844560  0.175205
2025-02-17 10:45:00 96087.940000 96134.570000 96050.000000 96105.550000  37.908090 2025-02-17 10:49:59.999      3642404.403764    9012          18.599740      1787103.239340      0 96149.408309 96206.930094 96209.729833 96196.144369 43.585500   -5.308653    19.474589  -24.783242 96069.192944 96236.068500 96402.944056  95.964106 13.302813 11.019930 14.337176 -150.273072  -952.936470  0.154679
2025-02-17 10:50:00 96105.550000 96134.490000 96054.410000 96083.760000  31.412100 2025-02-17 10:54:59.999      3018498.682479    9883          13.513910      1298565.435261      0 96127.525539 96195.199609 96206.501667 96195.593724 42.391636  -14.178857    12.743900  -26.922756 96049.542698 96229.145000 96408.747302  94.829527 14.003722  9.532554  9.327662 -134.843680  -984.348570  0.150236
2025-02-17 10:55:00 96083.770000 96150.950000 96083.760000 96106.170000  28.752500 2025-02-17 10:59:59.999      2763671.871147    6486          19.193530      1844804.054238      0 96120.407026 96186.720599 96204.226833 96195.203097 44.087878  -19.179171     6.359286  -25.538457 96034.845902 96221.795500 96408.745098  92.855275 14.384050 14.028388 11.526957 -100.697351  -955.596070  0.117690
2025-02-17 11:00:00 96106.180000 96146.400000 96054.660000 96146.390000 119.386240 2025-02-17 11:04:59.999     11471919.052223    9571          60.194730      5784033.755923      0 96129.068017 96182.879589 96201.006333 96193.662684 47.098493  -19.669798     1.153469  -20.823267 96032.154504 96220.650500 96409.146496  92.775613 15.056021 17.966520 13.842487  -90.210406  -836.209830  0.275200
2025-02-17 11:05:00 96146.390000 96300.000000 96124.000000 96265.520000  49.883210 2025-02-17 11:09:59.999      4799623.516679   12001          28.916360      2782438.382717      0 96174.552012 96190.750105 96198.991833 96193.953635 54.852812  -10.326787    -1.142582   -9.184205 96032.529021 96221.841000 96411.152979  98.720212 14.396740 35.493327 22.496079   11.146951  -786.326620  0.285930
2025-02-17 11:10:00 96265.520000 96279.760000 96192.610000 96238.670000 188.877090 2025-02-17 11:14:59.999     18173460.021268   10880         101.520210      9766803.250262      0 96195.924674 96195.313904 96196.742667 96195.226120 52.968298   -5.030960    -1.920258   -3.110702 96033.946017 96223.303500 96412.660983  97.893768 13.784550 48.270076 33.909975   16.152550  -975.203710  0.251245
2025-02-17 11:15:00 96238.670000 96273.040000 96208.570000 96243.990000  19.141100 2025-02-17 11:19:59.999      1842196.925860    7388           7.669150       738101.957986      0 96211.946450 96199.949723 96194.725333 96195.365382 53.310570   -0.400088    -1.616224    1.216136 96033.623556 96221.665000 96409.706444  95.506356 13.216089 57.681478 47.148294   20.962378  -956.062610  0.231320
2025-02-17 11:20:00 96243.990000 96252.920000 96205.700000 96227.040000  13.271870 2025-02-17 11:24:59.999      1277165.330738    4323           6.978970       671573.370413      0 96216.977633 96202.529749 96192.982833 96195.433950 52.011821    1.880511    -0.916877    2.797388 96034.001095 96217.367000 96400.732905  92.057331 12.646260 53.970917 53.307491   12.738605  -969.334480  0.198787
2025-02-17 11:25:00 96227.040000 96241.310000 96170.140000 96170.150000  12.546450 2025-02-17 11:29:59.999      1207173.978561    3645           4.855490       467210.831789      0 96201.368422 96199.445964 96189.645167 96195.430895 47.802487   -0.892359    -0.911973    0.019615 96029.647172 96213.724500 96397.801828  90.565379 11.887289 47.614296 53.088897  -16.735718  -981.880930  0.203817
2025-02-17 11:30:00 96170.150000 96191.700000 96113.360000 96114.280000  21.984300 2025-02-17 11:34:59.999      2113940.685363    6812          12.093010      1162813.729202      0 96172.338948 96191.334919 96185.207833 96195.241459 44.033521   -7.511532    -2.231885   -5.279647 96019.547941 96208.646500 96397.745059  89.692137 11.924620 35.240677 45.608630  -62.644967 -1003.865230  0.160492
2025-02-17 11:35:00 96114.290000 96127.480000 95990.000000 96006.690000 199.310430 2025-02-17 11:39:59.999     19139193.977686   11314          77.471400      7438096.245198      0 96117.122632 96173.749689 96178.898667 96190.635619 37.845352  -21.194570    -6.024422  -15.170148 95992.577631 96200.668000 96408.758369  93.105556 13.202923 19.963635 34.272869 -132.916459 -1203.175660  0.019013
2025-02-17 11:40:00 96006.690000 96048.690000 96000.000000 96045.180000  35.767100 2025-02-17 11:44:59.999      3434696.490918    6468          21.936160      2106544.073044      0 96093.141755 96161.504957 96173.837667 96189.784140 41.037726  -28.602938   -10.540125  -18.062813 95973.089516 96190.727500 96408.365484  89.933016 14.389918 14.060463 23.088258 -122.750124 -1167.408560  0.014192
2025-02-17 11:45:00 96045.180000 96089.500000 96037.700000 96073.140000  20.087930 2025-02-17 11:49:59.999      1929738.940801    5091          10.810560      1038486.655926      0 96086.474503 96153.089247 96170.265833 96189.416093 43.315337  -31.850829   -14.802266  -17.048563 95966.019422 96177.066500 96388.113578  87.209229 14.835037 16.667742 16.897280  -86.347473 -1147.320630  0.000746
2025-02-17 11:50:00 96073.140000 96089.400000 95999.990000 96054.970000 115.037080 2025-02-17 11:54:59.999     11047043.165172    7547          55.629460      5341204.724173      0 96075.973002 96143.744556 96166.113667 96187.035757 42.175179  -35.481959   -18.938205  -16.543754 95967.068728 96160.323500 96353.578272  87.366427 15.621840 21.859140 17.529115  -92.886442 -1262.357710 -0.049909
2025-02-17 11:55:00 96054.970000 96077.970000 96019.680000 96063.180000  46.562510 2025-02-17 11:59:59.999      4472455.575569    7360          20.021830      1923015.381720      0 96071.708668 96136.071741 96160.887167 96186.132118 42.906458  -37.267579   -22.604079  -14.663500 95965.213545 96147.237500 96329.261455  85.289540 16.352442 23.794624 20.773835  -83.091348 -1215.795200 -0.002956
2025-02-17 12:00:00 96063.170000 96203.830000 96059.400000 96191.800000  31.080870 2025-02-17 12:04:59.999      2987578.131200    9837          20.810150      2000330.330053      0 96111.739112 96141.379195 96157.642167 96185.977054 52.946025  -27.981583   -23.679580   -4.302003 95984.040108 96138.668500 96293.296892  89.513858 15.204510 36.553763 27.402509   11.722826 -1184.714330  0.005931
2025-02-17 12:05:00 96191.800000 96258.500000 96159.220000 96196.060000  38.741670 2025-02-17 12:09:59.999      3727047.087862    8968          22.837810      2197020.490594      0 96139.846075 96146.586890 96155.286333 96186.080903 53.239313  -20.047523   -22.953169    2.905646 95990.694306 96134.667500 96278.640694  90.211440 14.720053 51.724731 37.357706   76.913446 -1145.972660  0.022847
2025-02-17 12:10:00 96196.050000 96262.730000 96196.050000 96233.350000  43.106140 2025-02-17 12:14:59.999      4148791.474555    5760          16.632580      1600791.190614      0 96171.014050 96154.850044 96154.427167 96186.356199 55.834389  -10.628216   -20.488178    9.859962 95988.686078 96138.903000 96289.119922  88.530623 14.317167 70.022581 52.767025  100.069611 -1102.866520  0.055320
2025-02-17 12:15:00 96233.340000 96323.490000 96213.610000 96316.020000  31.509650 2025-02-17 12:19:59.999      3033757.427633    8502          19.461150      1873687.848215      0 96219.349367 96170.199563 96157.104500 96186.796181 61.001600    3.467460   -15.697050   19.164511 95979.885511 96148.492500 96317.099489  90.055578 14.592253 80.910340 67.552551  133.681171 -1071.356870  0.069248
2025-02-17 12:20:00 96316.010000 96368.960000 96300.010000 96328.350000  32.830200 2025-02-17 12:24:59.999      3162772.491931    7668          20.913410      2014708.890955      0 96255.682911 96185.261510 96160.866667 96187.474180 61.720938   15.455156    -9.466609   24.921765 95977.246064 96160.513000 96343.779936  88.548037 15.283481 88.514627 79.815849  151.526030 -1038.526670  0.089410
2025-02-17 12:25:00 96328.350000 96360.210000 96225.370000 96272.000000 187.392910 2025-02-17 12:29:59.999     18039823.084723   13639          71.301830      6863883.324328      0 96261.121941 96193.522318 96162.942167 96190.020772 56.584096   20.175941    -3.538099   23.714040 95981.241796 96168.835500 96356.429204  91.854606 14.891664 87.152689 85.525886   98.799471 -1225.919580  0.023851
2025-02-17 12:30:00 96272.000000 96310.000000 96199.840000 96245.320000 126.894710 2025-02-17 12:34:59.999     12215607.934349   11279         111.621390     10745542.605493      0 96255.854627 96198.455431 96165.803667 96191.083570 54.280613   21.516317     1.472784   20.043533 95990.760904 96176.913500 96363.066096  93.162134 14.205256 77.023960 84.230426   64.225092 -1352.814290  0.012099
2025-02-17 12:35:00 96245.320000 96288.470000 96203.570000 96245.720000  24.999440 2025-02-17 12:39:59.999      2406239.347287    7563          14.705950      1415441.945037      0 96252.476418 96202.956818 96168.324333 96191.269033 54.310644   22.353179     5.648863   16.704316 95998.407886 96183.891000 96369.374114  92.571981 13.567877 69.755823 77.977491   54.460870 -1327.814850  0.019049
2025-02-17 12:40:00 96245.720000 96377.360000 96245.720000 96311.370000  44.807880 2025-02-17 12:44:59.999      4316654.377738    8140          16.732920      1611830.676958      0 96272.107612 96213.281883 96174.013667 96191.993372 59.063300   27.991139    10.117318   17.873821 95999.524540 96192.140000 96384.755460  95.362554 13.939662 72.605817 73.128533  100.636116 -1283.006970 -0.072906
2025-02-17 12:45:00 96311.370000 96398.990000 96311.360000 96372.640000  47.896160 2025-02-17 12:49:59.999      4615624.604544    8278          30.652310      2953807.397848      0 96305.618408 96228.458847 96180.889833 96193.074904 62.938080   36.976992    15.489253   21.487739 95991.522473 96197.496000 96403.469527  94.810229 14.493655 81.279858 74.547166  128.498749 -1235.110810 -0.081793
2025-02-17 12:50:00 96372.650000 96398.970000 96326.130000 96348.800000  29.061150 2025-02-17 12:54:59.999      2800253.777225    5388          11.808380      1137740.449792      0 96320.012272 96239.919909 96187.011000 96193.712686 60.537045   41.694034    20.730209   20.963825 95987.263473 96203.002500 96418.741527  93.240927 15.008077 87.927070 80.604248  114.846897 -1264.171960 -0.112821
2025-02-17 12:55:00 96348.810000 96510.660000 96348.800000 96457.760000  87.853060 2025-02-17 12:59:59.999      8474597.737111   11769          47.965780      4626173.698687      0 96365.928181 96260.666584 96193.503333 96196.548472 66.775644   53.606543    27.305476   26.301067 95971.346960 96213.691000 96456.035040  98.142289 16.477317 90.152701 86.453210  152.851010 -1176.318900 -0.082345
2025-02-17 13:00:00 96457.750000 96482.350000 96365.310000 96365.320000  41.278860 2025-02-17 13:04:59.999      3980715.638461   10774          14.575840      1405614.478110      0 96365.725454 96270.633576 96200.237833 96197.670716 58.348088   54.954673    32.835315   22.119357 95969.403783 96220.605000 96471.806217  99.492126 17.841610 82.486697 86.855489  114.249539 -1217.597760 -0.113270
2025-02-17 13:05:00 96365.310000 96365.320000 96310.760000 96342.960000  30.807650 2025-02-17 13:09:59.999      2968012.985419    6310           9.212950       887602.665328      0 96358.136969 96277.521807 96203.730000 96198.240864 56.490889   53.600932    36.988439   16.612493 95973.729500 96229.245500 96484.761500  96.282688 18.224738 74.292143 82.310514   67.301338 -1248.405410 -0.096967
2025-02-17 13:10:00 96342.960000 96380.000000 96308.010000 96351.510000  20.313770 2025-02-17 13:14:59.999      1957107.406237    3197           6.900480       664839.032858      0 96355.927980 96284.568302 96206.399333 96198.632332 57.053794   52.611523    40.113056   12.498468 95986.014950 96241.107000 96496.199050  94.547496 18.721830 62.650085 73.142975   65.659322 -1228.091640 -0.076291
2025-02-17 13:15:00 96351.510000 96371.210000 96301.000000 96331.910000  37.306470 2025-02-17 13:19:59.999      3593587.775075    5669          23.436240      2257523.021899      0 96347.921986 96289.077035 96209.949667 96199.288967 55.287918   49.673251    42.025095    7.648157 96023.545322 96257.368000 96491.190678  92.809104 19.066489 53.578633 63.506954   53.614391 -1265.398110  0.048647
2025-02-17 13:20:00 96331.910000 96480.410000 96331.910000 96421.710000  76.260810 2025-02-17 13:24:59.999      7350980.058715    8509          67.924310      6547187.051081      0 96372.517991 96301.708746 96216.305167 96201.360296 61.211492   53.968642    44.413804    9.554838 96053.366752 96276.194500 96499.022248  96.787025 20.368983 56.426887 57.551869   98.930399 -1189.137300  0.033736
2025-02-17 13:25:00 96421.700000 96430.070000 96308.050000 96338.780000  20.715650 2025-02-17 13:29:59.999      1996144.241606    6496           7.918420       763028.909397      0 96361.271994 96305.239341 96221.095667 96201.777379 54.085290   50.103451    45.551734    4.551718 96085.800969 96289.476500 96493.152031  98.589380 21.180134 53.088963 54.364828   57.050358 -1209.852950  0.017852
2025-02-17 13:30:00 96338.790000 96347.600000 96264.160000 96271.470000  19.822660 2025-02-17 13:34:59.999      1909147.446528    5664           7.070330       680942.271922      0 96331.337996 96302.023214 96223.867000 96202.011358 49.089895   41.134730    44.668333   -3.533603 96126.862212 96300.301500 96473.740788  97.507282 21.232720 46.376252 51.964034   -5.361868 -1229.675610 -0.022462
2025-02-17 13:35:00 96271.480000 96325.520000 96253.900000 96325.510000  15.804110 2025-02-17 13:39:59.999      1521872.026872    3792           7.386180       711272.722727      0 96329.395331 96304.260050 96228.945167 96202.211596 52.854756   37.950065    43.324679   -5.374615 96178.233722 96313.418000 96448.602278  95.658190 21.121307 36.059456 45.174890  -12.787872 -1213.871500 -0.030378
2025-02-17 13:40:00 96325.510000 96356.520000 96279.000000 96356.520000  30.980300 2025-02-17 13:44:59.999      2983650.356228    6835          10.177060       980114.179447      0 96338.436887 96309.237189 96234.375667 96202.715737 54.915135   37.496209    42.158985   -4.662776 96197.489468 96321.654000 96445.818532  94.362605 21.341986 37.761166 40.065625   12.887151 -1182.891200 -0.025245
2025-02-17 13:45:00 96356.510000 96400.000000 96341.980000 96350.520000  26.858800 2025-02-17 13:49:59.999      2588507.990504    4719           7.190640       692972.871334      0 96342.464591 96313.168885 96235.427667 96203.263159 54.419572   36.234685    40.974125   -4.739440 96218.968075 96329.377000 96439.785925  91.766705 21.972520 43.264711 39.028444   54.148963 -1209.750000 -0.034730
2025-02-17 13:50:00 96350.510000 96396.540000 96334.300000 96396.530000  22.030350 2025-02-17 13:54:59.999      2123175.913973    4471          13.278860      1279804.025596      0 96360.486394 96321.108039 96239.599667 96203.741642 57.580791   38.503694    40.480039   -1.976345 96232.743244 96337.536000 96442.328756  89.657654 22.421012 48.304101 43.109993   66.511085 -1187.719650 -0.017804
2025-02-17 13:55:00 96396.520000 96411.960000 96334.310000 96411.950000  30.521240 2025-02-17 13:59:59.999      2941567.786861    5248          18.672460      1799661.859987      0 96377.640930 96329.759654 96244.065000 96204.439533 58.616691   41.072705    40.598572    0.474132 96233.225226 96342.332500 96451.439774  88.799965 22.995712 52.220531 47.929781   76.198569 -1157.198410 -0.014378
2025-02-17 14:00:00 96411.960000 96469.540000 96400.000000 96439.110000  65.416020 2025-02-17 14:04:59.999      6308320.125762    9368          33.953180      3274284.725581      0 96398.130620 96340.173973 96249.647667 96206.325482 60.448776   44.784007    41.435659    3.348348 96231.183765 96347.870500 96464.557235  87.424253 24.077944 63.079659 54.534764  139.761615 -1091.782390  0.000289
2025-02-17 14:05:00 96439.110000 96714.160000 96439.100000 96642.890000 220.657020 2025-02-17 14:09:59.999     21320508.273034   29201         168.871270     16316658.059789      0 96479.717080 96369.004071 96257.106333 96216.807687 70.869268   63.437317    45.835991   17.601327 96197.606722 96366.415000 96535.223278 100.826806 26.566011 72.734774 62.678322  305.429693  -871.125370  0.161112
2025-02-17 14:10:00 96642.890000 96964.520000 96642.880000 96925.210000 441.812960 2025-02-17 14:14:59.999     42791756.439783   38508         359.640290     34835158.306145      0 96628.214720 96421.976064 96268.822667 96248.661848 79.089139   99.850056    56.638804   43.211252 96111.633979 96400.409500 96689.185021 116.599177 29.669013 83.705665 73.173366  385.871819  -429.312410  0.389690
2025-02-17 14:15:00 96925.210000 97046.590000 96811.000000 96880.000000 391.034830 2025-02-17 14:19:59.999     37905609.577672   32788         294.444100     28542872.191881      0 96712.143147 96465.597391 96279.270000 96277.211018 75.419085  123.634167    70.037876   53.596290 96084.871673 96432.123500 96779.375327 125.098522 32.736844 85.989234 80.809891  294.283876  -820.347240  0.210735
2025-02-17 14:20:00 96880.000000 96883.940000 96679.240000 96694.820000  92.674800 2025-02-17 14:24:59.999      8971050.554435   16931          27.652270      2676818.545056      0 96706.368764 96487.428116 96288.028833 96282.007955 62.604480  126.087311    81.247763   44.839548 96090.742119 96451.296000 96811.849881 130.784342 33.972682 76.358562 82.017821  154.343553  -913.022040  0.160116
2025-02-17 14:25:00 96694.820000 96701.580000 96556.550000 96605.310000  82.909570 2025-02-17 14:29:59.999      8011828.420663   16610          21.691310      2096358.385569      0 96672.682510 96498.654962 96294.088833 96285.041650 57.517220  119.431999    88.884610   30.547389 96098.286583 96462.929500 96827.572417 131.801889 33.877469 59.646268 73.998021   75.055144  -995.931610  0.131049
2025-02-17 14:30:00 96605.300000 96716.470000 96605.300000 96685.490000  67.588360 2025-02-17 14:34:59.999      6533416.926412   15110          41.056380      3968596.824303      0 96676.951673 96516.448775 96302.023333 96287.821930 60.605346  119.252800    94.958248   24.294552 96106.759466 96479.764000 96852.768534 130.328182 33.860891 51.466946 62.490592   83.449542  -928.343250  0.150713
2025-02-17 14:35:00 96685.490000 96796.210000 96670.640000 96779.730000  64.351930 2025-02-17 14:39:59.999      6226101.838441   13049          29.709670      2874333.588709      0 96711.211115 96541.523177 96310.406167 96290.978021 63.924647  125.271117   101.020822   24.250295 96100.900704 96495.862500 96890.824296 129.988312 34.221243 55.037488 55.383567  100.530564  -863.991320  0.162149
2025-02-17 14:40:00 96779.730000 96792.450000 96651.250000 96651.260000  42.686710 2025-02-17 14:44:59.999      4128533.125384    9312          12.022310      1162942.889047      0 96691.227410 96551.974303 96316.043833 96292.819367 56.887778  118.310412   104.478740   13.831672 96114.434076 96510.159500 96905.884924 130.789147 34.354063 56.969728 54.491387   71.312223  -906.678030  0.161240
2025-02-17 14:45:00 96651.250000 96790.600000 96605.990000 96737.140000  52.058040 2025-02-17 14:49:59.999      5033502.446419   10391          22.522290      2177703.231609      0 96706.531607 96569.609132 96324.279500 96295.113404 60.053447  118.359428   107.254878   11.104550 96130.171456 96529.868500 96929.565544 134.633494 34.004627 58.716146 56.907787   67.786732  -854.619990  0.168335
2025-02-17 14:50:00 96737.140000 96820.100000 96702.300000 96717.560000  68.620080 2025-02-17 14:54:59.999      6639979.389719   10906          45.086880      4362825.117149      0 96710.207738 96583.699691 96332.641500 96298.353188 58.989920  115.487068   108.901316    6.585752 96149.296245 96548.171000 96947.045755 133.431101 33.846487 54.540097 56.741990   72.529442  -923.240070  0.134535
2025-02-17 14:55:00 96717.560000 96800.000000 96700.010000 96799.990000  37.531560 2025-02-17 14:59:59.999      3630994.422483    7624          19.449850      1881558.665922      0 96740.135159 96604.298768 96343.203667 96300.183820 62.037937  118.496164   110.820285    7.675879 96171.276512 96571.575000 96971.873488 131.042451 33.673735 59.623838 57.626694   72.577433  -885.708510  0.156965
2025-02-17 15:00:00 96800.000000 96898.900000 96732.000000 96732.010000  83.804040 2025-02-17 15:04:59.999      8116735.478701   16107          43.710730      4234094.866798      0 96737.426772 96616.461742 96351.337333 96304.401669 58.196414  114.080428   111.472314    2.608114 96187.175019 96587.090000 96987.004981 133.603705 34.069156 58.340263 57.501399   73.543108  -969.512550  0.103208
2025-02-17 15:05:00 96732.000000 96769.380000 96650.000000 96659.050000  63.204200 2025-02-17 15:09:59.999      6112311.844882   13452          19.333180      1869603.137367      0 96711.301182 96620.517767 96356.548833 96306.919943 54.309455  103.500573   109.877966   -6.377392 96218.902588 96603.103500 96987.304412 132.587726 33.521475 53.759361 57.241154   35.041724 -1032.716750  0.078356
2025-02-17 15:10:00 96659.050000 96671.060000 96608.040000 96619.500000  38.489230 2025-02-17 15:14:59.999      3719490.398634    5642          12.783280      1235277.542390      0 96680.700788 96620.420837 96360.376667 96308.201810 52.271363   90.877034   106.077779  -15.200746 96267.720781 96620.505000 96973.289219 127.618602 32.577238 41.864925 51.321516    6.050590 -1071.205980  0.073403
2025-02-17 15:15:00 96619.500000 96666.750000 96575.640000 96604.210000  41.474890 2025-02-17 15:19:59.999      4007077.869471   10038          18.573280      1794453.421079      0 96655.203858 96618.876947 96365.031833 96309.498729 51.467235   78.731446   100.608513  -21.877067 96308.359237 96634.440000 96960.520763 125.010845 31.368939 26.495242 40.706509   -9.411300 -1112.680870  0.056531
2025-02-17 15:20:00 96604.210000 96662.870000 96600.000000 96631.580000  80.737600 2025-02-17 15:24:59.999      7801167.844568    9456          51.076000      4935121.027912      0 96647.329239 96620.086762 96369.505167 96312.122214 52.865070   70.501809    94.587172  -24.085363 96347.983382 96648.193000 96948.402618 120.572213 30.246947 18.244231 28.868133  -10.213580 -1031.943270  0.039941
2025-02-17 15:25:00 96631.570000 96655.140000 96475.720000 96528.310000  67.711490 2025-02-17 15:29:59.999      6538820.985171   11318          26.669880      2575514.694271      0 96607.656159 96611.346118 96373.709000 96313.757415 47.326366   55.012585    86.672255  -31.659669 96383.290124 96657.082500 96930.874876 124.775627 28.177970 12.488023 19.075832  -65.395696 -1099.654760  0.034736
2025-02-17 15:30:00 96528.300000 96528.310000 96180.000000 96244.380000 290.635810 2025-02-17 15:34:59.999     27985341.618010   39379          94.368890      9082128.638882      0 96486.564106 96576.396964 96375.304667 96313.865148 36.121101   19.600543    73.257912  -53.657369 96340.900991 96649.475000 96958.049009 140.742368 28.181216 12.231226 14.321160 -202.845763 -1390.290570 -0.057586
2025-02-17 15:35:00 96244.380000 96340.000000 96159.200000 96221.930000 121.634350 2025-02-17 15:39:59.999     11704981.515580   18049          34.596220      3329744.238911      0 96398.352737 96542.638205 96376.933000 96313.004749 35.407261  -10.158185    56.574693  -66.732878 96293.373130 96639.974000 96986.574870 143.603627 28.288072  9.954383 11.557877 -228.283439 -1511.924920 -0.083464
2025-02-17 15:40:00 96221.930000 96276.750000 96112.770000 96123.900000  71.702110 2025-02-17 15:44:59.999      6896049.045803   17482          30.959880      2977138.345330      0 96306.868492 96502.758376 96377.532333 96312.032351 32.396569  -41.177723    37.024210  -78.201932 96218.829984 96624.213500 97029.597016 145.059082 28.620509  6.283870  9.489827 -231.301101 -1583.627030 -0.112213
2025-02-17 15:45:00 96123.900000 96176.460000 95713.150000 95900.520000 394.021240 2025-02-17 15:49:59.999     37774390.783947   50275         151.113240     14482011.925762      0 96171.418994 96445.402340 96374.115167 96298.166386 26.803655  -82.831005    13.053167  -95.884171 96073.771168 96587.095000 97100.418832 167.791291 30.370318  8.566025  8.268093 -249.112043 -1977.648270 -0.174717
2025-02-17 15:50:00 95900.520000 96000.000000 95732.000000 95739.620000 132.213220 2025-02-17 15:54:59.999     12676376.101185   29476          61.079800      5856230.456509      0 96027.485996 96378.184975 96368.379500 96292.458920 23.638112 -127.356727   -15.028812 -112.327915 95919.355522 96527.815500 97136.275478 174.949056 31.995141  6.483317  7.111071 -213.327144 -2109.861490 -0.399044
2025-02-17 15:55:00 95739.620000 95785.320000 95564.000000 95659.460000 322.760010 2025-02-17 15:59:59.999     30872190.447553   34381         104.288820      9975647.910478      0 95904.810664 96309.734977 96360.934333 96274.683432 22.229564 -167.184723   -45.459994 -121.724729 95773.010555 96466.788500 97160.566445 178.261266 33.932298  8.395084  7.814809 -196.395083 -2432.621500 -0.358264
2025-02-17 16:00:00 95659.450000 95906.710000 95586.070000 95895.800000 223.657650 2025-02-17 16:04:59.999     21403191.760038   29661         104.512890     10003909.197487      0 95901.807109 96270.312598 96356.757833 96265.404468 34.602772 -177.630421   -71.894079 -105.736342 95698.998639 96426.837500 97154.676361 188.431176 34.702143 11.413078  8.763827 -136.960129 -2208.963850 -0.216032
2025-02-17 16:05:00 95895.790000 95945.490000 95782.300000 95832.370000  97.763800 2025-02-17 16:09:59.999      9373076.860155   24127          43.487620      4169113.825007      0 95878.661406 96228.603779 96349.538667 96261.941320 33.081540 -188.850037   -95.285271  -93.564766 95621.324879 96388.190500 97155.056121 186.628234 35.104774 17.370340 12.392834 -107.089839 -2306.727650 -0.219165
2025-02-17 16:10:00 95832.360000 95832.360000 95550.000000 95613.820000 205.515810 2025-02-17 16:14:59.999     19648960.120876   27705          83.099460      7945467.505787      0 95790.380938 96170.052943 96339.124500 96251.583678 28.441901 -212.922386  -118.812694  -94.109692 95510.683066 96334.607000 97158.530934 193.466932 36.173620 16.731243 15.171554 -123.621832 -2512.243460 -0.264076
2025-02-17 16:15:00 95613.820000 95716.780000 95579.650000 95649.610000 124.016990 2025-02-17 16:19:59.999     11862475.524105   18936          67.069420      6415139.385789      0 95743.457292 96120.486949 96329.218167 96245.332342 30.169097 -226.500979  -140.350351  -86.150628 95429.398332 96278.101000 97126.803668 189.442865 37.166119 11.407759 15.169781 -111.504100 -2388.226470 -0.275474
2025-02-17 16:20:00 95649.610000 95695.340000 95500.000000 95693.290000 153.188050 2025-02-17 16:24:59.999     14640854.168090   26100          55.576130      5313043.104950      0 95726.734861 96079.801525 96320.322333 96237.545282 32.316298 -231.073826  -158.495046  -72.578780 95363.213223 96230.202500 97097.191777 189.864089 38.304930 10.228560 12.789187 -102.092321 -2235.038420 -0.191941
2025-02-17 16:25:00 95693.280000 95693.280000 95499.960000 95499.990000 266.831080 2025-02-17 16:29:59.999     25493590.068426   23627          53.627710      5125008.328757      0 95651.153241 96024.581380 96309.153000 96223.037762 28.185909 -247.443164  -176.284670  -71.158494 95278.620358 96168.345000 97058.069642 190.111654 39.362507  8.484817 10.040378 -100.810768 -2501.869500 -0.277691
2025-02-17 16:30:00 95499.990000 95690.000000 95458.800000 95603.410000 145.270060 2025-02-17 16:34:59.999     13879985.308116   24558         100.438800      9595631.029003      0 95635.238827 95984.469820 96300.638500 96215.627334 33.111709 -249.198250  -190.867386  -58.330865 95227.934429 96112.637500 96997.340571 193.046536 40.462479  9.552271  9.421882  -88.088230 -2356.599440 -0.241034
2025-02-17 16:35:00 95603.410000 95603.420000 95412.400000 95444.860000  99.659810 2025-02-17 16:39:59.999      9515084.077986   19530          45.066240      4302398.175779      0 95571.779218 95933.078408 96291.274667 96209.875112 29.743454 -260.381315  -204.770172  -55.611143 95173.657483 96044.881000 96916.104517 192.901784 41.616351  4.999706  7.678931  -94.884284 -2456.259250 -0.270244
2025-02-17 16:40:00 95444.850000 95538.540000 95358.490000 95523.950000 125.998970 2025-02-17 16:44:59.999     12020777.030563   16815          44.759720      4270691.371499      0 95555.836145 95894.113798 96282.587500 96202.600570 33.383805 -259.866493  -215.789436  -44.077057 95145.263548 95984.478000 96823.692452 191.983799 42.839005 10.618079  8.390018  -90.676095 -2330.260280 -0.204770
2025-02-17 16:45:00 95523.950000 95538.530000 95321.950000 95378.510000  88.644340 2025-02-17 16:49:59.999      8456139.984060   17852          38.036830      3628834.733918      0 95496.727430 95845.008674 96271.010333 96197.149451 30.276985 -268.103753  -226.252299  -41.851453 95101.724528 95920.451000 96739.177472 193.740671 44.075697  8.563430  8.060405  -96.226432 -2418.904620 -0.199438
2025-02-17 16:50:00 95378.510000 95470.910000 95303.210000 95403.960000  68.221670 2025-02-17 16:54:59.999      6508251.004443   17587          32.454630      3096036.587915      0 95465.804954 95803.004039 96260.160167 96192.897887 31.478681 -269.471933  -234.896226  -34.575707 95077.909105 95859.674000 96641.438895 191.880623 45.277109 11.439604 10.207038  -95.646537 -2350.682950 -0.185288
2025-02-17 16:55:00 95403.970000 95430.650000 95329.690000 95334.750000  53.226270 2025-02-17 16:59:59.999      5077441.372462   13702          23.947920      2284478.277911      0 95422.119969 95758.408416 96248.019667 96189.498317 29.966115 -272.993990  -242.515779  -30.478211 95061.841869 95796.201000 96530.560131 185.386292 46.392706  7.329195  9.110743  -97.791667 -2403.909220 -0.194942
2025-02-17 17:00:00 95334.750000 95426.300000 95318.910000 95421.960000  49.726910 2025-02-17 17:04:59.999      4742705.925798   11265          30.047690      2865811.386623      0 95422.066646 95726.365710 96235.189000 96186.439206 34.253131 -265.685470  -247.149717  -18.535753 95092.998304 95735.720000 96378.441696 179.815129 47.462926 11.517551 10.095450  -88.769418 -2354.182310 -0.182278
2025-02-17 17:05:00 95421.970000 95486.290000 95400.000000 95453.700000  51.443920 2025-02-17 17:09:59.999      4910170.487910   11518          29.115130      2778916.738908      0 95432.611097 95700.397547 96222.816333 96183.525844 35.793592 -254.399701  -248.599714   -5.799987 95141.794547 95681.989500 96222.184453 173.134762 47.666359 15.481961 11.442902  -72.010818 -2302.738390 -0.170082
2025-02-17 17:10:00 95453.690000 95628.000000 95447.050000 95623.800000  50.855530 2025-02-17 17:14:59.999      4858454.815160   14097          34.161640      3263450.443904      0 95496.340732 95693.102542 96212.657167 96181.132160 43.441699 -229.089202  -244.697612   15.608409 95176.218486 95650.960500 96125.702514 173.692994 46.260674 30.611260 19.203591  -31.205069 -2251.882860 -0.103011
2025-02-17 17:15:00 95623.800000 95725.000000 95566.950000 95582.120000  80.786970 2025-02-17 17:19:59.999      7727460.229521   19845          40.214280      3846905.696603      0 95524.933821 95682.532776 96200.425500 96177.725201 42.117816 -209.973236  -237.752737   27.779500 95222.696129 95618.970000 96015.243871 172.575637 44.053286 42.018007 29.370409   -0.010505 -2332.669830 -0.114508
2025-02-17 17:20:00 95582.120000 95623.770000 95392.900000 95395.030000  69.315640 2025-02-17 17:24:59.999      6619989.917602   19700          36.422470      3478814.859374      0 95481.632547 95655.151560 96184.870167 96174.029660 36.709862 -207.528041  -231.707797   24.179756 95249.721107 95582.526500 95915.331893 176.739520 42.971791 41.464185 38.031151  -59.519967 -2401.985470 -0.116770
2025-02-17 17:25:00 95395.030000 95501.890000 95390.000000 95390.000000  57.533620 2025-02-17 17:29:59.999      5491529.371799    8815          41.868650      3996453.169913      0 95451.088365 95629.899030 96170.170167 96170.804603 36.573893 -203.648551  -226.095948   22.447397 95248.224788 95557.000500 95865.776212 172.107411 41.982094 31.684926 38.389039  -75.234196 -2459.519090 -0.125487
2025-02-17 17:30:00 95390.000000 95419.660000 95288.000000 95419.460000  85.006350 2025-02-17 17:34:59.999      8104041.785388   14765          25.991070      2478158.433725      0 95440.545577 95609.857218 96156.405833 96165.763103 38.021817 -195.938198  -220.064398   24.126200 95238.617042 95540.992500 95843.367958 169.218311 41.558806 24.142699 32.430604  -93.963431 -2374.512740 -0.041368
2025-02-17 17:35:00 95419.460000 95571.850000 95419.450000 95460.340000  49.592130 2025-02-17 17:39:59.999      4735542.344094   12290          28.935730      2762722.351088      0 95447.143718 95595.617483 96143.316167 96163.250020 40.066429 -184.403327  -212.932184   28.528857 95231.823390 95531.036500 95830.249610 168.017003 39.844700 30.032014 28.619880  -28.716784 -2324.920610 -0.036685
2025-02-17 17:40:00 95460.350000 95595.500000 95440.910000 95522.010000  80.415270 2025-02-17 17:44:59.999      7682148.955426    9149          54.162460      5174304.424599      0 95472.099145 95588.607246 96130.160167 96159.425558 43.115142 -168.345028  -204.014753   35.669725 95264.280257 95512.347000 95760.413743 167.057931 38.066250 41.022883 31.732532    0.307801 -2244.505340 -0.141394
2025-02-17 17:45:00 95522.010000 95696.040000 95465.170000 95613.160000  53.994570 2025-02-17 17:49:59.999      5161623.951159   12732          40.161240      3839211.340088      0 95519.119430 95590.945604 96117.502167 96157.169022 47.376005 -146.574053  -192.526613   45.952560 95294.973596 95501.386500 95707.799404 171.615936 35.656018 55.797864 42.284254   67.827960 -2190.510770 -0.117501
2025-02-17 17:50:00 95613.160000 95671.780000 95570.400000 95619.140000  46.268260 2025-02-17 17:54:59.999      4423692.141586    7582          10.187720       974097.332415      0 95552.459620 95593.630784 96105.341167 96155.347939 47.653032 -127.369624  -179.495215   52.125591 95294.647855 95501.652500 95708.657145 166.599083 33.417946 67.910755 54.910501   95.399437 -2144.242510 -0.066323
2025-02-17 17:55:00 95619.140000 95642.350000 95465.160000 95479.780000  43.370720 2025-02-17 17:59:59.999      4145029.145681    7383          12.717750      1215123.071134      0 95528.233080 95582.787853 96089.041500 96153.362494 42.091959 -121.988951  -167.993962   46.005011 95297.508508 95493.161000 95688.813492 167.355577 32.029145 64.689550 62.799390   27.904657 -2187.613230 -0.091964
2025-02-17 18:00:00 95479.780000 95575.470000 95371.530000 95518.500000  72.011120 2025-02-17 18:04:59.999      6873726.205994   22973          27.217830      2597882.705784      0 95524.988720 95576.665200 96074.927833 96149.881014 44.045771 -113.294361  -157.054042   43.759681 95310.949682 95484.421500 95657.893318 169.968751 31.281104 57.469108 63.356471   -2.117415 -2115.602110 -0.168670
2025-02-17 18:05:00 95518.490000 95518.490000 95360.000000 95476.280000  35.123310 2025-02-17 18:09:59.999      3351906.090313   13957          14.580520      1391339.092905      0 95508.752480 95567.104705 96060.483167 96148.102094 42.367194 -108.559234  -147.355080   38.795846 95309.881937 95483.236000 95656.590063 169.149554 30.651228 46.572082 56.243580  -34.487282 -2150.725420  0.004872
2025-02-17 18:10:00 95476.290000 95670.200000 95381.110000 95649.940000  34.509760 2025-02-17 18:14:59.999      3296402.185132   11741          18.716730      1787743.827714      0 95555.814987 95574.993780 96048.790333 96146.651416 50.691124  -89.759015  -135.835867   46.076852 95304.732006 95485.562500 95666.392994 177.716729 28.835785 59.551487 54.530892   86.855341 -2116.215660  0.000053
2025-02-17 18:15:00 95649.940000 95770.860000 95606.010000 95766.960000  36.909960 2025-02-17 18:19:59.999      3532063.565019   10977          21.284230      2036652.890178      0 95626.196658 95593.276278 96039.374500 96145.500749 55.368917  -64.671675  -121.603029   56.931354 95284.486112 95501.667500 95718.848888 176.797677 27.088729 75.033593 60.385721  189.962274 -2079.305700  0.081935
2025-02-17 18:20:00 95766.950000 95766.960000 95674.610000 95705.230000  36.271970 2025-02-17 18:24:59.999      3471616.592971    9550          20.126800      1926283.216425      0 95652.541105 95603.938537 96027.433167 96144.378511 52.537485  -49.203683  -107.123160   57.919477 95276.152372 95510.731500 95745.310628 170.765700 25.466463 89.474727 74.686602  157.546529 -2115.577670 -0.014674
2025-02-17 18:25:00 95705.220000 95721.950000 95475.330000 95490.510000  37.429010 2025-02-17 18:29:59.999      3577045.073089   12077          10.556490      1008526.755704      0 95598.530737 95593.135819 96013.295333 96142.815558 44.091410  -53.652821   -96.429092   42.776271 95289.423580 95516.331500 95743.239420 176.183864 24.627269 75.846691 80.118337   36.799560 -2153.006680 -0.006641
2025-02-17 18:30:00 95490.500000 95490.510000 95352.050000 95419.000000  89.610170 2025-02-17 18:34:59.999      8551679.703619   17273          43.057030      4109039.005285      0 95538.687158 95576.551455 95999.087500 96138.199565 41.687750  -62.231687   -89.589611   27.357924 95291.574841 95517.083500 95742.592159 173.489302 24.486116 51.825926 72.382448  -75.616635 -2242.616850 -0.021514
2025-02-17 18:35:00 95418.990000 95433.970000 95363.170000 95412.670000  45.277840 2025-02-17 18:39:59.999      4319810.971328   10945          24.464210      2334013.242819      0 95496.681439 95560.943698 95983.873500 96135.834058 41.472225  -68.748784   -85.421446   16.672662 95305.747590 95520.979500 95736.211410 166.154352 24.355045 31.629596 53.100738  -92.808956 -2287.894690  0.037968
2025-02-17 18:40:00 95412.660000 95412.670000 95321.210000 95321.220000  42.060810 2025-02-17 18:44:59.999      4010866.462265    9744          14.152430      1349590.974471      0 95438.194292 95538.112869 95966.618500 96133.496491 38.384687  -80.366467   -84.410450    4.043983 95287.375029 95515.942500 95744.509971 160.819041 24.450274 17.650440 33.701987 -129.934258 -2329.955500 -0.041709
2025-02-17 18:45:00 95321.220000 95418.850000 95314.910000 95357.850000  45.358220 2025-02-17 18:49:59.999      4325239.276336   12913          21.776060      2076421.524974      0 95411.412862 95520.944977 95950.074000 96131.030234 40.301827  -85.630731   -84.654506   -0.976225 95273.715718 95511.150000 95748.584282 156.756253 24.572188 11.746334 20.342123 -111.616312 -2284.597280 -0.060688
2025-02-17 18:50:00 95357.850000 95357.850000 95249.740000 95250.000000  99.796350 2025-02-17 18:54:59.999      9508955.282196   18400          45.297550      4315623.997038      0 95357.608574 95495.140693 95930.965167 96125.113144 36.682772  -97.382725   -87.200150  -10.182575 95235.400408 95492.460000 95749.519592 153.281520 25.031753  3.156605 10.851126 -147.660269 -2384.393630 -0.187670
2025-02-17 18:55:00 95250.010000 95347.540000 95250.000000 95340.830000  54.058900 2025-02-17 18:59:59.999      5151645.009887   12571          26.023880      2479801.037280      0 95352.015716 95480.444437 95913.113167 96122.044100 41.451272  -98.234655   -89.407051   -8.827604 95218.693430 95480.395500 95742.097570 149.299983 25.458491  8.982417  7.961785 -117.474247 -2330.334730 -0.091717
2025-02-17 19:00:00 95340.830000 95340.830000 95205.000000 95312.000000 113.202130 2025-02-17 19:04:59.999     10781996.207706   23833          54.926290      5231236.292374      0 95338.677144 95464.402110 95894.328000 96115.481168 40.410971 -100.082468   -91.542134   -8.540333 95206.738918 95476.244000 95745.749082 148.337842 26.100957 12.146274  8.095099 -118.325093 -2443.536860  0.026792
2025-02-17 19:05:00 95312.000000 95471.690000 95312.000000 95400.220000  57.609640 2025-02-17 19:09:59.999      5496228.355414   14959          23.825600      2272925.511217      0 95359.191429 95458.289528 95873.616833 96112.613096 44.962789  -93.352150   -91.904138   -1.448013 95207.867907 95476.755000 95745.642093 149.148710 25.398224 23.629543 14.919411  -48.005084 -2385.927220  0.081698
2025-02-17 19:10:00 95400.220000 95471.700000 95315.500000 95315.500000  27.135590 2025-02-17 19:14:59.999      2588347.715673   10681          11.502070      1097094.292396      0 95344.627620 95444.690525 95846.788333 96111.219417 41.670831  -93.773558   -92.278022   -1.495536 95194.543853 95471.557000 95748.570147 149.652374 24.745594 24.312256 20.029358  -64.320687 -2413.062810 -0.015716
2025-02-17 19:15:00 95315.500000 95341.010000 95221.000000 95239.860000  63.272130 2025-02-17 19:19:59.999      6028737.180859   21702          33.158300      3159138.436333      0 95309.705080 95425.182856 95819.452667 96107.554463 38.930274  -99.069036   -93.636224   -5.432811 95165.640299 95460.533000 95755.425701 147.535061 24.748334 20.062677 22.668159 -110.903324 -2476.334940 -0.033845
2025-02-17 19:20:00 95239.860000 95381.340000 95221.700000 95381.340000  28.658180 2025-02-17 19:24:59.999      2731052.758451   13498          14.298570      1362633.168717      0 95333.583387 95421.007346 95797.561333 96106.024358 46.074120  -90.802769   -93.069533    2.266764 95158.097661 95453.499500 95748.901339 148.399700 24.352586 18.950506 21.108480  -69.443396 -2447.676760 -0.012235
2025-02-17 19:25:00 95381.340000 95467.760000 95318.570000 95421.280000  43.942050 2025-02-17 19:29:59.999      4191269.458382   10892          29.543600      2817720.216179      0 95362.815591 95421.033313 95777.827500 96103.913164 47.926049  -80.105463   -90.476719   10.371256 95157.543157 95443.905500 95730.267843 148.456150 23.189137 25.270148 21.427777  -23.382655 -2403.734710 -0.011084
2025-02-17 19:30:00 95421.290000 95497.500000 95361.120000 95446.030000  30.576400 2025-02-17 19:34:59.999      2918426.995004    7618          13.036920      1244275.049656      0 95390.553727 95423.413950 95757.169833 96102.518990 49.092747  -68.837141   -86.148804   17.311663 95160.362392 95435.250000 95710.137608 147.593568 21.850331 38.758436 27.659697    1.645328 -2373.158310 -0.002299
2025-02-17 19:35:00 95446.030000 95545.720000 95446.030000 95518.520000  28.703770 2025-02-17 19:39:59.999      2740918.576327    7115          20.562860      1963458.416007      0 95433.209152 95432.471669 95736.149667 96101.349297 52.452832  -53.441537   -79.607350   26.165814 95160.531287 95437.187000 95713.842713 144.171884 20.384126 59.043010 41.023865   48.722251 -2344.454540  0.045885
2025-02-17 19:40:00 95518.520000 95546.880000 95404.740000 95458.650000  25.839030 2025-02-17 19:44:59.999      2467055.349881    8411          11.032200      1053195.522707      0 95441.689434 95434.964843 95716.272833 96100.241761 49.544260  -45.546387   -72.795158   27.248770 95159.836459 95434.194500 95708.552541 144.026750 19.184369 70.945001 56.248816   27.184087 -2370.293570  0.009078
2025-02-17 19:45:00 95458.650000 95528.990000 95410.310000 95528.990000  21.827040 2025-02-17 19:49:59.999      2083786.521480    7002          11.726150      1119526.668088      0 95470.789623 95443.919620 95696.137000 96099.337835 52.852147  -33.230514   -64.882229   31.651715 95159.904828 95436.830000 95713.755172 142.216267 18.070309 86.992258 72.326756   38.188064 -2348.466530  0.014829
2025-02-17 19:50:00 95528.990000 95596.240000 95528.980000 95576.980000  28.596030 2025-02-17 19:54:59.999      2732629.644552    5969          14.088790      1346279.791161      0 95506.186415 95456.592037 95677.127333 96098.308501 55.018870  -19.374368   -55.780657   36.406289 95165.825404 95433.182000 95700.538596 136.862248 17.143918 88.012353 81.983204   90.089286 -2319.870500 -0.003333
2025-02-17 19:55:00 95576.980000 95576.980000 95531.350000 95531.360000  14.048940 2025-02-17 19:59:59.999      1342546.823070    4446           5.237690       500513.602073      0 95514.577610 95463.712796 95655.983500 96097.784468 52.546712  -11.936825   -47.011890   35.075065 95196.522679 95421.402000 95646.281321 130.345659 16.283698 91.087063 88.697225   90.971132 -2333.919440 -0.056139
2025-02-17 20:00:00 95531.360000 95581.380000 95488.900000 95510.000000  24.078290 2025-02-17 20:04:59.999      2300230.415343   11604          10.049070       959949.165981      0 95513.051740 95468.121101 95635.616667 96096.856461 51.382556   -7.677590   -39.145030   31.467441 95222.834208 95411.640500 95600.446792 127.640969 15.190524 85.483761 88.194392   94.539306 -2357.997730 -0.057829
2025-02-17 20:05:00 95510.000000 95705.960000 95510.000000 95705.950000  28.874420 2025-02-17 20:09:59.999      2760964.058758    9656          20.628260      1972483.695654      0 95577.351160 95490.771472 95619.731667 96095.969076 60.112821   11.378251   -29.040374   40.418625 95195.998700 95422.412500 95648.826300 132.520900 15.150450 87.124032 87.898285  177.362595 -2329.123310  0.009235
2025-02-17 20:10:00 95705.960000 95735.190000 95633.160000 95657.080000  32.064250 2025-02-17 20:14:59.999      3068366.237662    9567          12.776810      1222647.964107      0 95603.927440 95506.610380 95603.691333 96095.062067 57.346978   22.279913   -18.776317   41.056229 95185.905901 95434.316500 95682.727099 130.342979 15.342453 87.588128 86.731974  166.790296 -2361.187560 -0.006610
2025-02-17 20:15:00 95657.070000 95691.390000 95599.550000 95671.670000  27.677100 2025-02-17 20:19:59.999      2647348.390989    6766          11.608030      1110230.704057      0 95626.508293 95522.330343 95588.149000 96094.243413 57.968749   31.731073    -8.674839   40.405912 95178.546128 95447.266500 95715.986872 127.592766 15.146383 90.817904 88.510021  129.778893 -2333.510460 -0.009428
2025-02-17 20:20:00 95671.670000 95770.060000 95671.660000 95765.300000  42.136780 2025-02-17 20:24:59.999      4033456.871245    5769          33.752640      3230679.890608      0 95672.772196 95545.470311 95573.711000 96093.232555 61.815645   46.243280     2.308785   43.934495 95174.021544 95469.470500 95764.919456 125.507568 15.593680 90.529590 89.645207  153.876017 -2291.373680  0.086234
2025-02-17 20:25:00 95765.290000 95846.480000 95765.290000 95786.600000  22.400770 2025-02-17 20:29:59.999      2146190.406695    7734          12.609860      1208088.978705      0 95710.714797 95568.435043 95561.349167 96092.792929 62.653064   58.785400    13.604108   45.181292 95169.856265 95490.908000 95811.959735 122.342028 16.544567 92.398493 91.248662  162.245549 -2268.972910  0.085276
2025-02-17 20:30:00 95786.600000 95845.220000 95703.000000 95826.730000  34.861680 2025-02-17 20:34:59.999      3338827.843617   10396          14.718540      1409538.773889      0 95749.386531 95593.034563 95554.388333 96092.093224 64.244096   71.143181    25.111923   46.031258 95187.034428 95519.744500 95852.454572 123.761883 16.716058 95.269241 92.732441  139.219733 -2234.111230  0.259578
2025-02-17 20:35:00 95826.720000 95937.310000 95826.720000 95895.800000  73.610020 2025-02-17 20:39:59.999      7059590.129151    7501          57.787600      5542091.147797      0 95798.191021 95621.869366 95548.952833 96091.090037 66.860892   85.524313    37.194401   48.329912 95187.635329 95547.493000 95907.350671 122.821034 17.509539 93.156813 93.608182  159.905654 -2160.501210  0.216223
2025-02-17 20:40:00 95895.810000 96016.000000 95887.480000 96016.000000  62.512490 2025-02-17 20:44:59.999      5999235.720746    9715          45.152510      4333358.178880      0 95870.794014 95659.405617 95547.154500 96090.603111 70.857961  105.405549    50.836630   54.568918 95186.019640 95582.693000 95979.366360 123.228103 18.718453 96.351537 94.925863  169.541203 -2097.988720  0.227810
2025-02-17 20:45:00 96016.000000 96267.450000 95988.760000 96180.010000 140.755700 2025-02-17 20:49:59.999     13532201.918672   21192          72.068800      6929776.080057      0 95973.866009 95708.986987 95551.812667 96091.107921 75.245367  132.864232    67.242151   65.622081 95156.959711 95621.682500 96086.405289 134.332524 20.963236 94.220092 94.576147  197.175793 -1957.233020  0.262051
2025-02-17 20:50:00 96180.000000 96187.210000 96012.000000 96070.220000  61.280980 2025-02-17 20:54:59.999      5888534.473176   15123          20.820140      2000348.375416      0 96005.984006 95743.390131 95557.322667 96091.102736 67.878279  144.105146    82.614750   61.490396 95178.005080 95659.418500 96140.831920 137.252344 23.047678 88.951418 93.174349  152.890413 -2018.514000  0.259218
2025-02-17 20:55:00 96070.210000 96075.290000 95971.350000 95971.360000  19.256100 2025-02-17 20:59:59.999      1849268.058454    7720           6.274110       602554.815997      0 95994.442671 95765.101547 95562.521000 96090.996057 61.992576  143.383638    94.768527   48.615111 95237.012464 95695.993500 96154.974536 134.872891 24.522119 76.274433 86.481981  109.690602 -2037.770100  0.304112
2025-02-17 21:00:00 95971.350000 96062.400000 95957.500000 96038.070000  44.329130 2025-02-17 21:04:59.999      4256324.382420    9785          12.347540      1185509.976548      0 96008.985114 95791.098543 95564.892167 96090.789822 64.245533  146.505949   105.116012   41.389937 95270.624206 95728.830000 96187.035794 132.731970 25.731840 69.832113 78.352655  101.184216 -1993.440970  0.292150
2025-02-17 21:05:00 96038.060000 96084.970000 96000.010000 96059.700000  41.507070 2025-02-17 21:09:59.999      3986119.209281    6957          16.532840      1587581.494905      0 96025.890076 95816.679634 95568.681000 96090.675454 64.970582  149.008090   113.894427   35.113662 95303.745158 95760.751000 96217.756842 129.319686 26.966102 68.607454 71.571333   98.953321 -1951.933900  0.293350
2025-02-17 21:10:00 96059.700000 96125.130000 96047.410000 96072.530000  25.893450 2025-02-17 21:14:59.999      2487785.235218    4407          15.339080      1473759.196774      0 96041.436717 95841.046335 95576.326167 96090.660417 65.418538  150.293834   121.174309   29.119526 95339.792146 95792.076000 96244.359854 125.633995 28.309151 72.706535 70.382034   98.927389 -1926.040450  0.274257
2025-02-17 21:15:00 96072.530000 96091.310000 95985.920000 96014.560000  16.670830 2025-02-17 21:19:59.999      1600932.149425    5003           5.227260       501947.872870      0 96032.477812 95857.571446 95582.408667 96090.595774 61.586337  144.964047   125.932256   19.031790 95372.993582 95816.878000 96260.762418 124.187995 28.786976 69.906205 70.406731   73.872180 -1942.711280  0.252245
2025-02-17 21:20:00 96014.560000 96067.060000 95917.510000 95930.110000  35.046070 2025-02-17 21:24:59.999      3364675.764298    8550          11.068660      1062566.296716      0 95998.355208 95864.479880 95586.355667 96090.327060 56.402769  132.399523   127.225710    5.173813 95426.072588 95840.451000 96254.829412 125.999567 28.446485 61.965092 68.192611   47.957548 -1977.757350  0.220613
2025-02-17 21:25:00 95930.120000 96109.270000 95930.110000 96109.270000  24.777070 2025-02-17 21:29:59.999      2379325.623206    5604          10.319820       991021.471818      0 96035.326805 95887.793225 95596.510333 96090.262085 63.434226  135.338662   128.848300    6.490362 95465.245555 95869.465000 96273.684445 129.796741 28.408550 61.693121 64.521473   68.700731 -1952.980280  0.223486
2025-02-17 21:30:00 96109.990000 96216.650000 96084.410000 96175.630000  57.346330 2025-02-17 21:34:59.999      5513825.597995   15669          23.961330      2303776.662724      0 96082.094537 95915.206251 95606.047333 96090.514276 65.644436  141.392761   131.357192   10.035569 95497.592264 95899.397500 96301.202736 129.971259 29.007444 68.891884 64.183366  100.855756 -1895.633950  0.227255
2025-02-17 21:35:00 96175.630000 96211.930000 96148.000000 96170.480000  21.609600 2025-02-17 21:39:59.999      2078517.391030    5599          10.992030      1057226.818601      0 96111.556358 95939.518037 95618.141000 96090.633588 65.314482  144.113861   133.908526   10.205335 95550.604858 95931.353500 96312.102142 125.254026 29.563559 80.001220 70.195408  101.033688 -1917.243550  0.234321
2025-02-17 21:40:00 96170.470000 96194.290000 96055.300000 96141.040000  31.899580 2025-02-17 21:44:59.999      3066184.699355    8348          12.117140      1164742.599102      0 96121.384239 95958.710605 95628.425833 96090.714203 63.354077  142.254964   135.577814    6.677150 95624.862094 95962.905500 96300.948906 126.235167 29.007396 79.290441 76.061182   79.225997 -1949.143130  0.256482
2025-02-17 21:45:00 96141.030000 96152.320000 96093.150000 96121.250000  19.402920 2025-02-17 21:49:59.999      1865124.047524    6389           9.161700       880644.078650      0 96121.339492 95974.190547 95640.804833 96090.753215 62.006766  137.598734   135.981998    1.616736 95660.625652 95983.670500 96306.715348 121.444798 28.490958 71.887254 77.059638   72.590295 -1968.546050  0.223650
2025-02-17 21:50:00 96121.240000 96285.160000 96117.440000 96265.920000  84.358330 2025-02-17 21:54:59.999      8118018.715252   10165          39.669660      3817364.302616      0 96169.532995 96001.974304 95655.170833 96091.460045 67.455422  143.923241   137.570246    6.352995 95705.483600 96014.112500 96322.741400 124.750170 28.873456 75.869360 75.682352  119.150630 -1884.187720  0.302919
2025-02-17 21:55:00 96265.930000 96413.430000 96265.920000 96409.330000  62.882090 2025-02-17 21:59:59.999      6058539.971923   12294          36.300750      3496849.181364      0 96249.465330 96040.770085 95673.080500 96092.538467 71.776392  158.678302   141.791857   16.886445 95738.591313 96050.995500 96363.399687 126.375872 29.881935 85.154431 77.637015  187.576013 -1821.305630  0.338615
2025-02-17 22:00:00 96409.330000 96413.430000 96197.290000 96201.000000  45.835310 2025-02-17 22:04:59.999      4414403.713948   13703          17.389000      1674929.670166      0 96233.310220 96056.030077 95686.064500 96093.052567 59.431757  151.811318   143.795749    8.015568 95783.170560 96072.780500 96362.390440 132.787595 30.064756 83.701493 81.575095  124.288061 -1867.140940  0.248385
2025-02-17 22:05:00 96201.000000 96279.420000 96176.500000 96226.410000  23.487710 2025-02-17 22:09:59.999      2260119.319799    8291           9.916810       954197.778418      0 96231.010147 96072.256736 95698.943000 96093.251136 60.327985  146.728167   144.382233    2.345934 95829.666986 96094.771000 96359.875014 130.654196 30.012155 72.875329 80.577084   90.571758 -1843.653230  0.258807
2025-02-17 22:10:00 96226.410000 96234.820000 96126.460000 96126.470000  26.432120 2025-02-17 22:14:59.999      2542192.694321    7842          10.083650       969893.627021      0 96196.163431 96077.419904 95707.320833 96093.366228 55.165930  133.101104   142.126007   -9.024903 95874.782539 96109.758000 96344.733461 129.061753 29.432803 53.862854 70.146559   40.776294 -1870.085350  0.204347
2025-02-17 22:15:00 96126.460000 96146.440000 96096.000000 96132.880000  30.155270 2025-02-17 22:19:59.999      2898579.660033    5775          20.363380      1957349.600558      0 96175.068954 96082.701818 95716.500167 96093.426225 55.429355  121.419148   137.984635  -16.565488 95908.064070 96121.612000 96335.159930 123.445914 28.578928 49.284159 58.674114    5.308834 -1839.930080  0.209454
2025-02-17 22:20:00 96132.880000 96200.000000 96132.730000 96181.240000  19.187450 2025-02-17 22:24:59.999      1845391.089343    2812           7.946980       764204.496664      0 96177.125969 96092.086407 95729.603667 96093.519803 57.460108  114.740701   133.335848  -18.595147 95920.565624 96129.874000 96339.182376 119.433348 28.164970 46.248051 49.798355   38.314914 -1820.742630  0.155432
2025-02-17 22:25:00 96181.240000 96181.240000 96124.310000 96132.660000  14.201560 2025-02-17 22:29:59.999      1365394.473806    2563           6.506060       625467.898728      0 96162.303980 96095.950559 95741.981333 96093.566486 54.760910  104.325386   127.533756  -23.208370 95919.452649 96127.506500 96335.560351 114.968823 27.686156 46.664112 47.398774   15.602028 -1834.944190  0.094777
2025-02-17 22:30:00 96132.660000 96156.960000 96132.660000 96139.270000  16.739000 2025-02-17 22:34:59.999      1609388.411748    2373           7.781850       748144.453807      0 96154.625986 96100.076220 95753.978167 96093.618155 55.070175   95.503640   121.127733  -25.624093 95924.536973 96130.959000 96337.381027 108.492479 27.241542 46.613213 46.508459   10.626036 -1818.205190  0.120714
2025-02-17 22:35:00 96139.270000 96139.270000 96024.390000 96059.510000  27.538980 2025-02-17 22:39:59.999      2645850.976893    4390          10.370670       996264.076231      0 96122.920658 96096.212770 95763.964333 96093.585123 50.577134   81.141033   113.130393  -31.989360 95939.256906 96135.366500 96331.476094 108.948730 25.628420 31.895680 41.724335  -57.933848 -1845.744170  0.131996
2025-02-17 22:40:00 96059.520000 96086.350000 96000.010000 96038.310000  24.464090 2025-02-17 22:44:59.999      2349827.133060    5130           9.090330       873126.248252      0 96094.717105 96090.698221 95772.569333 96093.505844 49.422916   67.272426   103.958799  -36.686373 95939.292694 96135.378500 96331.464306 107.333821 23.887865 20.522404 33.010432  -91.978543 -1870.208260  0.095189
2025-02-17 22:45:00 96038.320000 96096.390000 96038.310000 96096.390000  13.984070 2025-02-17 22:49:59.999      1343537.183267    2298           4.553500       437463.555431      0 96095.274737 96091.240295 95780.623167 96093.491506 52.613455   60.273234    95.221686  -34.948453 95943.319330 96137.213000 96331.106670 103.815691 22.371725 13.868130 22.095405  -60.055088 -1856.224190  0.094849
2025-02-17 22:50:00 96096.380000 96096.390000 95829.630000 95842.190000  65.439300 2025-02-17 22:54:59.999      6276968.256015    9790          13.960500      1338560.554750      0 96010.913158 96067.521219 95784.340667 96092.798951 40.555072   33.824599    82.942269  -49.117670 95894.103414 96125.696000 96357.288586 115.454570 22.351417 11.576154 15.322229 -183.783271 -1921.663490  0.013403
2025-02-17 22:55:00 95842.200000 95956.490000 95842.200000 95875.480000  43.977910 2025-02-17 22:59:59.999      4218134.317676    9944          22.244650      2133582.883862      0 95965.768772 96049.231579 95790.935667 96092.251464 42.416363   15.372881    69.428391  -54.055510 95866.763706 96118.742000 96370.720294 115.372101 22.332560 11.105998 12.183427 -185.822898 -1877.685580 -0.002744
2025-02-17 23:00:00 95875.480000 95986.500000 95871.490000 95940.400000  37.188750 2025-02-17 23:04:59.999      3568040.700079   11633          16.694820      1601696.448579      0 95957.312515 96038.866667 95797.967333 96091.885774 45.969315    5.920021    56.726717  -50.806697 95868.783409 96119.256500 96369.729591 115.346237 21.977971  9.659701 10.780617 -146.532858 -1840.496830  0.050117
2025-02-17 23:05:00 95940.400000 96009.110000 95929.870000 95988.650000  21.642440 2025-02-17 23:09:59.999      2077056.137192    6771           9.516310       913216.705182      0 95967.758343 96034.084127 95806.506833 96091.731148 48.512040    2.295472    45.840468  -43.544996 95856.354047 96113.225500 96370.096953 112.767220 21.393781 18.022154 12.929284 -104.177560 -1818.854390  0.029538
2025-02-17 23:10:00 95988.660000 95997.620000 95863.380000 95877.860000  18.592980 2025-02-17 23:14:59.999      1783397.655715    5906           5.476890       525213.084354      0 95937.792229 96019.205639 95810.305500 96091.526669 43.455102   -9.408383    34.790698  -44.199080 95823.752235 96098.337000 96372.921765 114.300990 21.392184 18.978509 15.553454 -126.779911 -1837.447370 -0.024708
2025-02-17 23:15:00 95877.860000 95899.900000 95802.020000 95827.070000  22.376800 2025-02-17 23:19:59.999      2144949.843220    6369           7.502610       719186.465233      0 95900.884819 96000.907007 95811.307333 96091.185031 41.328203  -22.522475    23.328063  -45.850538 95784.697744 96081.166500 96377.635256 113.128062 21.841645 14.583152 17.194605 -145.915937 -1859.824170 -0.031621
2025-02-17 23:20:00 95827.080000 95829.660000 95764.010000 95829.360000  37.429740 2025-02-17 23:24:59.999      3586140.630215    3836          16.724870      1602371.490412      0 95877.043213 95984.569196 95813.376167 96090.534639 41.467309  -32.357704    12.190910  -44.548614 95751.120079 96065.582500 96380.044921 109.736772 22.521611 10.499850 14.687170 -141.318392 -1822.394430  0.013862
2025-02-17 23:25:00 95829.350000 95839.060000 95760.000000 95760.010000  11.054130 2025-02-17 23:29:59.999      1058864.831697    3395           3.374070       323168.650407      0 95838.032142 95963.182606 95817.867833 96090.328694 38.491038  -45.226813     0.707365  -45.934178 95707.466376 96047.520500 96387.574624 107.545574 23.027659  6.926347 10.669783 -129.761697 -1833.448560 -0.001536
2025-02-17 23:30:00 95760.010000 95847.850000 95745.640000 95847.840000  22.626550 2025-02-17 23:34:59.999      2167397.601547    3973          12.874810      1233292.373535      0 95841.301428 95952.197596 95825.015167 96089.945965 43.975404  -47.787661    -8.991640  -38.796021 95691.469233 96026.616500 96361.763767 107.164461 23.605693 12.817680 10.081292 -103.353189 -1810.822010 -0.074116
2025-02-17 23:35:00 95847.850000 95870.620000 95795.750000 95822.550000  34.157810 2025-02-17 23:39:59.999      3273323.098897    4718           8.887960       851716.196123      0 95835.050952 95939.850206 95831.846500 96089.403259 42.792244  -51.266871   -17.446686  -33.820185 95700.772381 95997.277500 96293.782619 104.857714 23.810681 14.054167 11.266065  -87.223634 -1844.979820 -0.202091
2025-02-17 23:40:00 95822.550000 95822.560000 95760.200000 95760.210000  26.238940 2025-02-17 23:44:59.999      2513415.844769    6184           6.581290       630369.070607      0 95810.103968 95922.741615 95839.163000 96088.910114 39.939644  -58.381501   -25.633649  -32.747852 95677.056921 95975.238000 96273.419079 101.822163 24.296230 15.287225 14.053024 -102.251668 -1871.218760 -0.175884
2025-02-17 23:45:00 95760.210000 95785.320000 95673.020000 95776.290000  51.609950 2025-02-17 23:49:59.999      4940024.377340    6857          15.297250      1464489.026972      0 95798.832645 95908.793842 95846.137000 96087.831501 41.031585  -62.007590   -32.908437  -29.099153 95666.053674 95952.732000 96239.410326 102.570580 25.387784 15.597386 14.979593 -111.211236 -1819.608810 -0.089228
2025-02-17 23:50:00 95776.290000 95816.000000 95739.840000 95816.000000  11.512660 2025-02-17 23:54:59.999      1102616.557537    3859           5.806190       556058.295962      0 95804.555097 95899.956333 95855.570333 96087.623781 43.751293  -60.974155   -38.521581  -22.452574 95656.276665 95937.208500 96218.140335 100.684110 25.935775 20.621900 17.168837  -81.278417 -1808.096150 -0.022681
2025-02-17 23:55:00 95815.990000 95816.000000 95742.350000 95780.000000  19.069810 2025-02-17 23:59:59.999      1826293.462077    3069          14.236050      1363347.054466      0 95796.370065 95888.531921 95862.889833 96087.267438 41.866113  -62.341416   -43.285548  -19.055868 95645.770986 95919.564500 96193.358014  98.753102 26.444623 27.810977 21.343421  -81.544796 -1827.165960 -0.048219
2025-02-18 00:00:00 95780.010000 95872.130000 95780.000000 95872.120000  36.602490 2025-02-18 00:04:59.999      3507859.556206    8404          23.482640      2250427.750986      0 95821.620043 95886.968881 95872.225167 95841.416667 48.036297  -55.353584   -45.699155   -9.654429 95657.607549 95904.108500 96150.609451  98.280023 26.060258 39.426880 29.286586  -40.900340 -1790.563470  0.003805
2025-02-18 00:05:00 95872.110000 96058.620000 95872.110000 95992.890000  90.273570 2025-02-18 00:09:59.999      8665629.198551   11627          62.640850      6012830.909401      0 95878.710029 95897.056606 95882.103000 95936.135233 54.808301  -39.613903   -44.482105    4.868201 95669.751058 95897.120000 96124.488942 104.582165 24.803404 55.820867 41.019575   52.410713 -1700.289900  0.061338
2025-02-18 00:10:00 95992.900000 95996.970000 95846.150000 95900.880000  54.566530 2025-02-18 00:14:59.999      5234464.836763    8627          30.106330      2888126.931703      0 95886.100019 95897.420739 95891.859333 95929.678837 49.514031  -34.170633   -42.419810    8.249177 95686.696493 95885.200500 96083.704507 107.884867 23.363041 67.095415 54.114387   21.864954 -1754.856430  0.046940
2025-02-18 00:15:00 95900.880000 95909.020000 95828.390000 95828.390000  18.549460 2025-02-18 00:19:59.999      1778288.598448    5453           8.081000       774611.529445      0 95866.863346 95890.846383 95901.668167 95922.777035 45.763389  -35.299232   -40.995695    5.696463 95690.782797 95873.644500 96056.506203 105.938091 21.836241 60.779737 61.232006  -18.012857 -1773.405890  0.035711
2025-02-18 00:20:00 95828.390000 95830.860000 95600.000000 95600.010000  84.275320 2025-02-18 00:24:59.999      8066027.445562   13386          33.797710      3234882.731705      0 95777.912231 95863.147680 95905.312667 95849.899905 36.406681  -53.999538   -43.596463  -10.403075 95649.073249 95851.729500 96054.385751 114.861084 22.026366 33.129185 53.668112 -162.481340 -1857.681210 -0.080273
2025-02-18 00:25:00 95600.000000 95619.970000 95538.010000 95601.310000  70.635770 2025-02-18 00:29:59.999      6751219.422575    9004          19.664760      1879680.508046      0 95719.044820 95838.210758 95908.313167 95797.461936 36.486286  -67.931693   -48.463509  -19.468184 95629.014021 95826.975500 96024.936979 112.511007 22.583407 17.484681 37.131201 -224.034166 -1787.045440 -0.042943
2025-02-18 00:30:00 95601.300000 95728.000000 95571.500000 95728.000000  35.522030 2025-02-18 00:34:59.999      3396781.142514    6624          15.474060      1479720.205501      0 95722.029880 95827.714495 95913.012667 95786.395808 43.861511  -67.966723   -52.364152  -15.602571 95618.852346 95821.266000 96023.679654 115.653078 22.016352 16.218241 22.277369 -126.384415 -1751.523410  0.082092
2025-02-18 00:35:00 95728.000000 95753.350000 95602.000000 95616.010000  32.936700 2025-02-18 00:39:59.999      3150700.019132    7655           8.958380       857027.471159      0 95686.689920 95807.552162 95914.637500 95776.338411 39.495571  -76.153295   -57.121981  -19.031314 95588.892832 95808.292500 96027.692168 118.202858 21.254774 21.211656 18.304859 -125.975904 -1784.460110  0.071823
2025-02-18 00:40:00 95616.010000 95626.460000 95572.770000 95626.460000  33.213120 2025-02-18 00:44:59.999      3175443.890924    4230          10.692780      1022278.401154      0 95666.613280 95790.305290 95917.434333 95764.133770 40.094783  -80.865813   -61.870747  -18.995066 95568.379612 95792.595500 96016.811388 113.594797 20.765490 22.821946 20.083947 -146.078715 -1751.246990  0.107467
2025-02-18 00:45:00 95626.460000 95730.760000 95626.450000 95659.990000  29.154280 2025-02-18 00:49:59.999      2789586.751085    8046          18.281990      1749285.974244      0 95664.405520 95777.894310 95919.617667 95758.627757 42.076979  -80.961651   -65.688928  -15.272723 95563.978710 95776.162500 95988.346290 112.931597 19.356738 18.467439 20.833680  -85.424388 -1722.092710  0.078187
2025-02-18 00:50:00 95660.000000 95697.860000 95585.470000 95593.880000  16.422710 2025-02-18 00:54:59.999      1570651.637233    6391           6.590740       630362.612357      0 95640.897013 95760.369137 95919.899333 95754.281599 39.314774  -85.387831   -69.628709  -15.759122 95541.073437 95761.963500 95982.853563 112.892911 18.381473 17.050511 19.446632 -106.834231 -1738.515420  0.079253
2025-02-18 00:55:00 95593.870000 95640.990000 95550.000000 95637.930000  17.454920 2025-02-18 00:59:59.999      1668602.805775    5713          12.316430      1177331.928985      0 95639.908009 95748.708267 95921.675500 95749.422719 42.044802  -84.368594   -72.576686  -11.791909 95527.420359 95752.506500 95977.592641 111.328418 17.759095 17.784906 17.767619 -104.362769 -1721.060500  0.116882
2025-02-18 01:00:00 95637.930000 95709.060000 95634.530000 95637.730000  27.087730 2025-02-18 01:04:59.999      2591538.847115    6924          18.911280      1809303.744707      0 95639.182006 95738.138908 95923.804333 95745.013786 42.035556  -82.624536   -74.586256   -8.038280 95515.438764 95742.925000 95970.411236 108.699959 16.554843 16.359655 17.065024  -60.393208 -1748.148230  0.033005
2025-02-18 01:05:00 95637.730000 95990.010000 95606.460000 95900.980000  92.784910 2025-02-18 01:09:59.999      8899299.868779   14446          78.320280      7512425.976943      0 95726.448004 95753.647584 95927.054833 95757.705129 55.810737  -59.316519   -71.532308   12.215790 95512.299019 95749.973500 95987.647981 128.332105 17.197850 36.022486 23.389016   60.473729 -1655.363320  0.105161
2025-02-18 01:10:00 95900.990000 96090.000000 95895.960000 95976.190000  67.487060 2025-02-18 01:14:59.999      6479188.457524   12850          37.399530      3591023.414541      0 95809.695336 95774.842100 95932.373333 95779.630219 58.821639  -34.379622   -64.101771   29.722149 95502.139879 95756.391000 96010.642121 133.025526 18.280510 56.085487 36.155876  149.651914 -1587.876260  0.059233
2025-02-18 01:15:00 95976.180000 96056.320000 95940.940000 96055.610000  36.490400 2025-02-18 01:19:59.999      3503325.552360    7617          21.444830      2058918.738719      0 95891.666891 95801.581900 95938.772333 95791.311411 61.782899   -8.114877   -52.904392   44.789515 95483.208149 95768.044000 96052.879851 131.765131 19.285838 80.957275 57.688416  149.499334 -1551.385860  0.112769
2025-02-18 01:20:00 96055.610000 96133.000000 95979.410000 96096.430000  41.662870 2025-02-18 01:24:59.999      4001467.058532    8852          17.119960      1644731.142168      0 95959.921260 95829.662671 95944.291167 95806.079674 63.245889   15.811687   -39.161176   54.972863 95466.176130 95784.855000 96103.533870 133.324051 20.582312 89.001789 75.348184  152.222039 -1509.722990  0.166169
2025-02-18 01:25:00 96096.420000 96119.720000 95989.720000 96005.620000  47.373680 2025-02-18 01:29:59.999      4550373.477108   10520          25.447890      2444255.727772      0 95975.154174 95846.420512 95947.941500 95819.297384 57.932730   27.133278   -25.902285   53.035564 95463.510646 95796.321500 96129.132354 133.086618 21.786181 88.738243 86.232435  117.512319 -1557.096670  0.075341
2025-02-18 01:30:00 96005.620000 96124.010000 96005.610000 96100.510000  21.742580 2025-02-18 01:34:59.999      2088769.301680    8907          13.609320      1307382.953367      0 96016.939449 95870.619511 95952.504500 95825.849219 61.566075   43.263832   -12.069062   55.332894 95452.242262 95810.547000 96168.851738 132.037574 22.925736 88.994773 88.911602  117.244243 -1535.354090  0.076289
2025-02-18 01:35:00 96100.500000 96120.280000 96009.370000 96058.370000  25.073730 2025-02-18 01:39:59.999      2409106.163930    6598          14.871180      1428941.013655      0 96030.749633 95888.500510 95955.214000 95832.602315 59.123860   52.047100     0.754170   51.292930 95450.695503 95824.465500 96198.235497 130.528462 23.983893 86.776537 88.169851   98.561001 -1560.427820  0.071963
2025-02-18 01:40:00 96058.370000 96105.380000 96054.040000 96105.380000   7.608700 2025-02-18 01:44:59.999       730971.163139    2386           3.908270       375485.907971      0 96055.626422 95909.155699 95956.703667 95834.795610 60.983264   62.085534    13.020443   49.065091 95443.078491 95836.128500 96229.178509 124.872143 24.966468 92.333604 89.368305   97.229354 -1552.819120  0.040329
2025-02-18 01:45:00 96105.380000 96216.940000 96059.560000 96198.440000  30.003900 2025-02-18 01:49:59.999      2884964.606667    7456          23.587650      2268240.541541      0 96103.230948 95936.706585 95957.010833 95845.381885 64.432441   76.666466    25.749648   50.916818 95427.592327 95846.406000 96265.219673 127.194133 26.484105 93.229181 90.779774  114.502417 -1522.815220  0.038728
2025-02-18 01:50:00 96198.430000 96267.580000 96183.500000 96233.680000  27.347520 2025-02-18 01:54:59.999      2631804.398165    8485          13.969750      1344238.090152      0 96146.713965 95964.989767 95959.735167 95856.470434 65.670083   90.027749    38.605268   51.422481 95411.714546 95863.046000 96314.377454 124.114552 28.132998 95.921454 93.828079  123.409008 -1495.467700  0.066668
2025-02-18 01:55:00 96233.680000 96300.000000 96233.670000 96266.240000  39.092120 2025-02-18 01:59:59.999      3763508.417349    5957          28.409250      2734937.411332      0 96186.555977 95993.680266 95964.649833 95872.775992 66.818935  102.067413    51.297697   50.769716 95401.145334 95884.938500 96368.731666 119.987084 29.812650 96.000197 95.050277  117.485715 -1456.375580  0.087704
2025-02-18 02:00:00 96266.240000 96322.970000 96201.960000 96201.970000  35.076870 2025-02-18 02:04:59.999      3376796.641725    7743          16.107830      1550866.422049      0 96191.693985 96013.517383 95967.381500 95885.503064 62.381272  105.210085    62.080175   43.129910 95430.993926 95915.036500 96399.079074 120.060149 30.921432 91.706849 94.542833   99.179436 -1491.452450  0.160591
2025-02-18 02:05:00 96201.960000 96292.630000 96157.430000 96243.010000  44.705260 2025-02-18 02:09:59.999      4302635.599662    7121          25.177760      2423393.266015      0 96208.799323 96035.373823 95970.436667 95900.032206 64.024310  109.747163    71.613572   38.133591 95465.449532 95947.121500 96428.793468 121.141567 31.336210 89.561704 92.422917   88.792422 -1446.747190  0.128939
2025-02-18 02:10:00 96243.020000 96243.920000 96196.890000 96196.900000  15.432960 2025-02-18 02:14:59.999      1485049.906002    4030           5.232350       503466.769230      0 96204.832882 96050.757268 95972.509500 95904.504193 60.810680  108.372883    78.965434   29.407449 95488.192966 95970.566500 96452.940034 115.847884 31.721362 85.197145 88.821899   77.686029 -1462.180150  0.058666
2025-02-18 02:15:00 96196.900000 96212.580000 96082.610000 96082.620000  26.518440 2025-02-18 02:19:59.999      2549805.292724    5561           5.588410       537454.341618      0 96164.095255 96053.791814 95973.643833 95909.817800 53.626311   96.944797    82.561307   14.383490 95537.962671 95993.897000 96449.831329 116.856607 30.615465 71.652868 82.137239   46.491415 -1488.698590  0.059695
2025-02-18 02:20:00 96082.620000 96157.250000 96082.610000 96157.240000  14.251700 2025-02-18 02:24:59.999      1369764.694668    3788          10.118000       972420.551245      0 96161.810170 96063.644022 95977.429333 95912.651326 57.183369   92.838976    84.616841    8.222135 95592.191870 96020.436000 96448.680130 113.841135 29.588561 60.912281 72.587431   44.909340 -1474.446890  0.032788
2025-02-18 02:25:00 96157.240000 96213.270000 96157.240000 96205.710000  27.222270 2025-02-18 02:29:59.999      2618922.721862    2584           3.042660       292685.902818      0 96176.443447 96077.174116 95979.036667 95919.285464 59.363765   92.430724    86.179617    6.251106 95646.105318 96047.722000 96449.338682 109.711768 29.104709 55.400329 62.655159   65.042545 -1447.224620  0.078707
2025-02-18 02:30:00 96205.700000 96260.000000 96133.590000 96185.660000  54.590040 2025-02-18 02:34:59.999      5252225.826162    7341          39.196180      3771140.679180      0 96179.515631 96087.506105 95979.203833 95931.728969 58.046939   89.458096    86.835313    2.622783 95730.317067 96077.311000 96424.304933 110.904499 29.018626 60.428141 58.913584   62.842071 -1501.814660  0.080629
2025-02-18 02:35:00 96185.660000 96185.660000 96080.460000 96119.370000  35.049830 2025-02-18 02:39:59.999      3368942.903105    6627          20.636480      1983419.240588      0 96159.467087 96090.540761 95978.352000 95937.307858 53.797904   80.821558    85.632562   -4.811004 95818.841668 96101.383000 96383.924332 110.497035 28.256781 53.503854 56.444108   20.013421 -1536.864490  0.043200
2025-02-18 02:40:00 96119.360000 96139.990000 96064.010000 96096.430000  18.915870 2025-02-18 02:44:59.999      1817996.517853    5594           4.023290       386650.583118      0 96138.454725 96091.101641 95977.608500 95939.761935 52.369280   71.304024    82.766854  -11.462830 95937.943021 96124.318000 96310.692979 108.031532 27.344063 40.801302 51.577766  -15.899425 -1555.780360  0.074736
2025-02-18 02:45:00 96096.420000 96130.990000 96080.010000 96117.000000  11.252920 2025-02-18 02:49:59.999      1081403.441514    5782           6.697980       643646.605145      0 96131.303150 96093.568152 95977.537667 95941.268731 53.560162   64.675597    79.148603  -14.473006 95979.222481 96135.119000 96291.015519 103.956423 26.496538 29.006168 41.103775  -23.971528 -1544.527440  0.013259
2025-02-18 02:50:00 96117.000000 96143.050000 96082.000000 96082.010000  25.276860 2025-02-18 02:54:59.999      2429683.615051    6615          11.725030      1127058.749638      0 96114.872100 96092.467375 95974.472500 95944.421053 51.214483   55.954116    74.509706  -18.555589 96000.038444 96140.410000 96280.781556 100.891678 25.831684 19.898537 29.902002  -39.592262 -1569.804300 -0.009026
2025-02-18 02:55:00 96082.000000 96093.430000 96015.000000 96064.470000  30.503460 2025-02-18 02:59:59.999      2929981.607607    7702          11.624330      1116611.094686      0 96098.071400 96089.800959 95968.724833 95947.032968 50.031601   47.084191    69.024603  -21.940411 96001.502516 96140.853000 96280.203484  99.287273 24.310575 15.999128 21.634611  -92.754916 -1600.307760 -0.057615
2025-02-18 03:00:00 96064.470000 96123.160000 96000.000000 96123.160000  22.901210 2025-02-18 03:04:59.999      2199978.056310    7673          11.811720      1134744.277323      0 96106.434267 96092.978010 95967.427500 95949.332755 53.870826   44.280071    64.075696  -19.795625 96004.061514 96142.189500 96280.317486 100.992467 23.232662 20.906554 18.934740  -66.716599 -1577.406550 -0.057620
2025-02-18 03:05:00 96123.160000 96207.880000 96092.380000 96207.870000  21.071520 2025-02-18 03:09:59.999      2025725.658885    7027          15.109010      1452533.141446      0 96140.246178 96103.920104 95967.118500 95952.726763 58.792164   48.335988    60.927755  -12.591767 96026.592694 96152.302000 96278.011306 102.028720 23.080286 39.519614 25.475098   25.388208 -1556.335030  0.046079
2025-02-18 03:10:00 96207.880000 96207.880000 96150.940000 96161.430000  50.292920 2025-02-18 03:14:59.999      4837383.666056    5102           9.159020       880838.303017      0 96147.307452 96109.397237 95967.701167 95960.562790 55.308459   47.258247    58.193853  -10.935606 96031.873715 96155.348000 96278.822285  98.808097 22.938795 52.553605 37.659924   25.484065 -1606.627950 -0.036081
2025-02-18 03:15:00 96161.430000 96185.460000 96101.980000 96163.340000  16.856670 2025-02-18 03:19:59.999      1620782.165697    4901           7.001570       673202.368216      0 96152.651635 96114.534643 95968.208833 95962.793800 55.425446   46.027673    55.760617   -9.732944 96045.411692 96160.596500 96275.781308  97.713233 22.109920 60.783439 50.952219   -9.341570 -1589.771280 -0.017044
2025-02-18 03:20:00 96163.340000 96219.290000 96154.980000 96193.480000  21.331530 2025-02-18 03:24:59.999      2051829.866972    4653           8.989550       864609.950572      0 96166.261090 96122.053249 95968.412833 95966.114724 57.323852   46.943346    53.997163   -7.053817 96051.880253 96165.001500 96278.122747  95.327288 21.698750 64.134562 59.157202   37.858438 -1568.439750 -0.022620
2025-02-18 03:25:00 96193.480000 96250.000000 96174.890000 96207.030000  21.796470 2025-02-18 03:29:59.999      2096935.783629    5604           9.656040       928952.913761      0 96179.850726 96130.146273 95969.652333 95969.724691 58.186044   48.206699    52.839070   -4.632371 96051.741375 96165.431000 96279.120625  93.883196 21.630244 72.288462 65.735488   61.636289 -1546.643280 -0.069589
2025-02-18 03:30:00 96207.040000 96288.000000 96202.900000 96288.000000  43.036480 2025-02-18 03:34:59.999      4142412.914459    6152          34.102910      3282524.362437      0 96215.900484 96145.179961 95972.131167 95977.936008 62.996941   55.106286    53.292513    1.813773 96045.799662 96168.147000 96290.494338  93.255825 21.936388 84.680769 73.701264  122.010475 -1503.606800 -0.002074
2025-02-18 03:35:00 96287.990000 96290.000000 96271.880000 96289.990000  11.352970 2025-02-18 03:39:59.999      1093131.442083    2065           5.199730       500651.410349      0 96240.596990 96158.971393 95975.972500 95980.205571 63.109281   60.042700    54.642551    5.400150 96042.812066 96169.334500 96295.856934  87.888980 22.240181 93.207825 83.392352  150.416434 -1492.253830  0.019818
2025-02-18 03:40:00 96289.990000 96290.000000 96236.250000 96263.880000  25.046490 2025-02-18 03:44:59.999      2411019.286668    5410           6.375840       613766.694400      0 96248.357993 96168.962689 95979.732000 95984.764150 60.513382   61.143165    55.942674    5.200492 96039.974902 96172.430000 96304.885098  85.450481 21.926628 96.996552 91.628382  120.315443 -1517.300320  0.086757
2025-02-18 03:45:00 96263.890000 96275.000000 96213.880000 96253.900000  14.178960 2025-02-18 03:49:59.999      1364628.588113    3750           6.783110       652817.475849      0 96250.205329 96177.051957 95982.357167 95987.137773 59.505842   60.512439    56.856627    3.655812 96039.279579 96172.974500 96306.669421  83.712590 21.275435 92.847126 94.350501   97.896132 -1531.479280  0.077182
2025-02-18 03:50:00 96253.900000 96286.060000 96208.070000 96215.220000  20.620960 2025-02-18 03:54:59.999      1984821.894143    4119           5.563360       535528.316470      0 96238.543552 96180.687009 95988.574333 95990.369832 55.639211   56.243096    56.733920   -0.490825 96039.304370 96173.890500 96308.476630  83.303833 20.809424 84.252874 91.365517   80.718300 -1552.100240  0.073640
2025-02-18 03:55:00 96215.220000 96222.270000 96155.000000 96200.000000  11.698940 2025-02-18 03:59:59.999      1125293.858069    4174           5.770240       554984.527867      0 96225.695702 96182.526341 95993.983000 95991.845053 54.148236   51.043091    55.595755   -4.552664 96051.517829 96179.759500 96308.001171  82.158560 19.530936 76.910345 84.670115   23.487134 -1563.799180  0.137106
2025-02-18 04:00:00 96200.000000 96262.230000 96169.500000 96262.230000  12.987620 2025-02-18 04:04:59.999      1249388.559186    4247           7.485760       720111.320121      0 96237.873801 96190.117166 95999.346833 95993.770485 58.987461   51.351542    54.746912   -3.395370 96052.364557 96185.009000 96317.653443  82.913662 18.879228 77.867816 79.677011   65.674947 -1550.811560  0.134915
2025-02-18 04:05:00 96262.220000 96290.000000 96254.430000 96273.770000  59.857660 2025-02-18 04:09:59.999      5763427.587521    5362          21.028250      2024721.718320      0 96249.839201 96198.084102 96004.098833 96003.738353 59.834042   51.928573    54.183244   -2.254671 96050.432932 96188.412000 96326.391068  79.531972 18.623666 84.597701 79.791954  105.143903 -1490.953900  0.098886
2025-02-18 04:10:00 96273.770000 96300.730000 96237.030000 96260.040000  53.555190 2025-02-18 04:14:59.999      5155922.702989    4223          38.759270      3731428.886874      0 96253.239467 96203.984664 96010.468500 96011.860956 58.292297   50.693613    53.485318   -2.791705 96050.683134 96192.131000 96333.578866  78.401117 18.093564 88.432650 83.632722   87.904745 -1544.509090  0.089135
2025-02-18 04:15:00 96260.050000 96260.050000 96080.990000 96099.210000  38.834440 2025-02-18 04:19:59.999      3734560.633649    8731           6.187350       594979.994927      0 96201.896311 96194.006125 96015.004167 96014.824525 43.992646   36.318604    50.051975  -13.733371 96047.347257 96191.123000 96334.898743  85.591037 18.031153 61.055143 78.028498  -45.457119 -1583.343530  0.047457
2025-02-18 04:20:00 96099.210000 96179.410000 96090.600000 96122.010000  18.694380 2025-02-18 04:24:59.999      1797227.233049    4337           9.260160       890207.211430      0 96175.267541 96187.149351 96019.881667 96016.036949 46.014474   26.461048    45.333790  -18.872742 96051.594012 96192.402000 96333.209988  85.820963 17.973200 35.809832 61.765875  -67.120862 -1564.649150  0.042398
2025-02-18 04:25:00 96122.000000 96179.400000 96106.500000 96106.500000  18.564370 2025-02-18 04:29:59.999      1785040.232197    6391           4.953110       476244.865440      0 96152.345027 96179.468460 96025.656500 96017.217390 44.828926   17.199077    39.706847  -22.507771 96049.875150 96191.877000 96333.878850  84.898037 17.919387 12.856103 36.573692  -69.567984 -1583.213520 -0.002083
2025-02-18 04:30:00 96106.500000 96209.790000 96081.160000 96098.620000  67.722700 2025-02-18 04:34:59.999      6511720.934951    8810           8.386090       806169.091590      0 96134.436685 96171.768607 96029.836167 96021.291084 44.205762    9.117941    33.589066  -24.471125 96053.111696 96192.707500 96332.303304  88.021749 17.379335 12.766603 20.477513  -74.101473 -1650.936220 -0.043365
2025-02-18 04:35:00 96098.620000 96248.310000 96098.610000 96222.220000  20.838600 2025-02-18 04:39:59.999      2004602.823910    5645          15.112910      1453758.485728      0 96163.697790 96176.573501 96036.497333 96023.144726 54.815617   12.542488    29.379750  -16.837262 96073.617190 96200.595000 96327.572810  92.427338 16.294639 27.967901 17.863536  -10.990615 -1630.097620 -0.034298
2025-02-18 04:40:00 96222.220000 96233.410000 96189.710000 96214.320000  14.903250 2025-02-18 04:44:59.999      1433904.375017    4103           8.254270       794152.350121      0 96180.571860 96180.168406 96044.065833 96024.623376 54.107394   14.452404    26.394281  -11.941877 96083.174715 96205.153000 96327.131285  88.946814 15.287422 44.323595 28.352700   12.323348 -1645.000870 -0.072103
2025-02-18 04:45:00 96214.330000 96230.000000 96119.870000 96127.490000  12.587650 2025-02-18 04:49:59.999      1210700.747151    5019           5.788820       556784.127504      0 96162.877907 96175.151415 96049.919167 96025.504737 46.930331    8.857468    22.886919  -14.029451 96074.568110 96201.134000 96327.699890  90.459899 15.292698 48.703013 40.331503  -66.825637 -1657.588520 -0.130732
2025-02-18 04:50:00 96127.480000 96138.930000 95968.100000 95987.490000  27.881880 2025-02-18 04:54:59.999      2677619.156828    7962           7.758040       744860.745198      0 96104.415271 96157.278899 96052.777333 96025.590609 38.144794   -6.795060    16.950523  -23.745583 96035.816939 96192.437000 96349.057061  96.200620 16.746038 29.222309 40.749639 -213.094336 -1685.470400 -0.117058
2025-02-18 04:55:00 95987.490000 96075.050000 95987.480000 96070.810000  13.032470 2025-02-18 04:59:59.999      1251614.408536    4258           7.000440       672228.320399      0 96093.213514 96149.043766 96057.624167 96025.715872 44.771312  -12.334391    11.093540  -23.427931 96022.784672 96187.810500 96352.836328  95.584147 18.095568 19.289608 32.404977 -171.679067 -1672.437930 -0.110626
2025-02-18 05:00:00 96070.810000 96110.630000 96021.820000 96021.820000  21.941510 2025-02-18 05:04:59.999      2107833.322600    9138           8.708190       836592.660805      0 96069.415676 96136.927217 96060.119167 96026.000213 41.927193  -20.441794     4.786473  -25.228267 95999.108115 96179.227500 96359.346885  95.100280 18.756187 17.619176 22.043698 -136.163741 -1694.379440 -0.159920
2025-02-18 05:05:00 96021.830000 96025.490000 95985.740000 96003.260000  23.602490 2025-02-18 05:09:59.999      2266013.969272    6435           9.055490       869369.178242      0 96047.363784 96124.197006 96060.292000 96025.751293 40.867973  -28.041362    -1.779094  -26.262268 95973.933677 96169.039000 96364.144323  91.146688 19.694520 19.199511 18.702765 -152.868616 -1717.981930 -0.158724
2025-02-18 05:10:00 96003.260000 96027.480000 95944.310000 95944.320000  24.924990 2025-02-18 05:14:59.999      2392553.396033    5273           4.803640       461106.219542      0 96013.015856 96107.065862 96061.016000 96025.092505 37.617840  -38.377647    -9.098804  -29.278842 95941.725731 96151.855000 96361.984269  90.576925 20.915391  8.907729 15.242139 -157.065062 -1742.906920 -0.296841
2025-02-18 05:15:00 95944.310000 95944.320000 95834.310000 95864.010000  88.948100 2025-02-18 05:19:59.999      8529024.161555   13780          17.209750      1649963.818694      0 95963.347237 96083.917685 96061.609667 96019.045314 33.686682  -52.445019   -17.768047  -34.676972 95895.834009 96130.556000 96365.277991  91.965002 22.818630  5.646920 11.251387 -195.865721 -1831.855020 -0.346344
2025-02-18 05:20:00 95864.000000 95919.990000 95760.390000 95803.930000  60.955500 2025-02-18 05:24:59.999      5841374.260792   18958          32.573950      3121529.152767      0 95910.208158 96057.252191 96065.008333 96013.711665 31.070767  -67.661507   -27.746739  -39.914768 95841.549620 96107.558500 96373.567380  96.796073 24.997204  5.028128  6.527592 -190.857570 -1892.810520 -0.371832
2025-02-18 05:25:00 95803.930000 95885.180000 95766.300000 95870.000000  39.278930 2025-02-18 05:29:59.999      3764464.055042    7872          26.120620      2503539.399426      0 95896.805439 96039.418649 96069.486500 96010.648884 36.875991  -73.541644   -36.905720  -36.635924 95812.156018 96088.363500 96364.570982  98.373496 27.020166 12.515442  7.730163 -152.078981 -1853.531590 -0.319345
2025-02-18 05:30:00 95869.990000 95924.530000 95798.020000 95817.480000  34.098430 2025-02-18 05:34:59.999      3267726.332841   10244          24.157950      2314942.284740      0 95870.363626 96018.281635 96070.977833 96008.170027 34.396115  -81.500138   -45.824604  -35.675534 95774.936619 96068.476500 96362.016381 100.383247 28.203377 14.293121 10.612230 -128.296810 -1887.630020 -0.323052
2025-02-18 05:35:00 95817.480000 95820.000000 95746.420000 95776.900000  35.929320 2025-02-18 05:39:59.999      3441358.475190    7679          21.639310      2072544.082343      0 95839.209084 95995.292908 96073.659333 96004.609786 32.573389  -90.043799   -54.668443  -35.375356 95734.401046 96047.321500 96360.241954  98.468729 29.633618 13.412827 13.407130 -142.426932 -1923.559340 -0.326371
2025-02-18 05:40:00 95776.890000 95850.860000 95750.000000 95750.000000  32.774890 2025-02-18 05:44:59.999      3140011.897367    7719          22.852250      2189441.356241      0 95809.472723 95971.931679 96075.718333 96001.493559 31.386054  -97.857280   -63.306210  -34.551069 95699.625699 96021.710000 96343.794301  98.639534 30.428877  6.162345 11.289431 -124.476968 -1956.334230 -0.381814
2025-02-18 05:45:00 95750.010000 95750.010000 95615.380000 95645.510000  76.130550 2025-02-18 05:49:59.999      7283476.357279   14050          16.032190      1533723.653771      0 95754.818482 95940.843900 96075.477000 95990.989449 27.233451 -111.199154   -72.884799  -38.314355 95650.606508 95990.297000 96329.987492 101.210282 31.976335  3.887172  7.820781 -155.263172 -2032.464780 -0.438453
2025-02-18 05:50:00 95645.500000 95730.000000 95619.220000 95690.920000  36.068280 2025-02-18 05:54:59.999      3450627.310873   12923          15.206500      1454930.439182      0 95733.518988 95917.041623 96077.094333 95986.386383 31.476561 -116.762513   -81.660342  -35.102171 95621.953203 95961.841000 96301.728797 101.893833 33.413261  5.959664  5.336394 -131.558789 -1996.396500 -0.413277
2025-02-18 05:55:00 95690.920000 95718.430000 95539.140000 95609.490000 130.507990 2025-02-18 05:59:59.999     12477588.331963   17779          41.080520      3927159.215228      0 95692.175992 95887.750993 96076.620333 95967.878447 28.290786 -126.286484   -90.585570  -35.700913 95571.046858 95937.355000 96303.663142 107.422131 35.146348  9.631598  6.492811 -135.295127 -2126.904490 -0.362328
2025-02-18 06:00:00 95609.500000 95641.790000 95395.180000 95471.080000 171.119170 2025-02-18 06:04:59.999     16347302.599021   26520          54.538450      5209605.176615      0 95618.477328 95848.068041 96073.842833 95938.805635 23.868724 -143.350375  -101.138531  -42.211844 95496.632634 95904.808500 96312.984366 117.364121 37.312167 11.542778  9.044680 -158.718797 -2298.023660 -0.367675
2025-02-18 06:05:00 95471.070000 95528.890000 95366.310000 95385.520000 121.748720 2025-02-18 06:09:59.999     11619544.239766   24878          54.423610      5194327.737916      0 95540.824885 95804.015847 96065.251833 95917.013087 21.619122 -161.911198  -113.293065  -48.618133 95413.561045 95868.759500 96323.957955 120.593827 39.417601  8.306231  9.826869 -164.416789 -2419.772380 -0.402248
2025-02-18 06:10:00 95385.520000 95439.990000 95300.000000 95300.010000 118.973020 2025-02-18 06:14:59.999     11344583.170584   24530          31.955500      3047314.568461      0 95460.553257 95756.015290 96053.982167 95894.233544 19.628060 -181.429321  -126.920316  -54.509005 95323.897438 95828.829000 96333.760562 121.979268 41.577631  4.396987  8.081999 -169.478969 -2538.745400 -0.446545
2025-02-18 06:15:00 95300.010000 95469.490000 95300.010000 95443.590000  73.863110 2025-02-18 06:19:59.999      7047370.217400   13312          37.133280      3542633.880190      0 95454.898838 95726.260500 96043.781833 95882.380526 31.102056 -183.200053  -138.176263  -45.023789 95292.279416 95789.897500 96287.515584 125.372177 43.101632  7.440084  6.714434 -131.897555 -2464.882290 -0.393589
2025-02-18 06:20:00 95443.600000 95467.350000 95328.560000 95361.950000  94.193920 2025-02-18 06:24:59.999      8984521.299650   16324          30.845270      2942169.460166      0 95423.915892 95691.564262 96031.540500 95867.521149 28.601732 -189.012220  -148.343455  -40.668766 95256.402914 95747.279000 96238.155086 126.330593 44.516776  9.784721  7.207264 -121.716088 -2559.076210 -0.409370
2025-02-18 06:25:00 95361.940000 95468.090000 95358.490000 95433.960000  63.392000 2025-02-18 06:29:59.999      6048957.211896   11748          40.223070      3838218.779053      0 95427.263928 95667.030523 96022.012833 95858.687629 33.667097 -185.667540  -155.808272  -29.859268 95236.292546 95712.602500 96188.912454 125.135551 45.817395 16.934173 11.386326  -98.252889 -2495.684210 -0.366284
2025-02-18 06:30:00 95433.960000 95433.970000 95254.120000 95328.070000 171.860750 2025-02-18 06:34:59.999     16383759.137078   25076          81.698310      7787572.819052      0 95394.199285 95634.748568 96009.138833 95832.265697 30.266663 -189.378260  -162.522269  -26.855991 95192.822250 95679.631500 96166.440750 129.043726 47.422534 14.031694 13.583529 -111.084633 -2667.544960 -0.335755
2025-02-18 06:35:00 95328.070000 95361.720000 95264.720000 95281.440000 179.451330 2025-02-18 06:39:59.999     17102292.096342   14453          54.881390      5230008.411575      0 95356.612857 95601.100133 95996.190000 95805.579570 28.883195 -193.847135  -168.787243  -25.059893 95158.645227 95640.163000 96121.680773 126.754888 48.913021 12.185137 14.383668 -109.615695 -2846.996290 -0.381687
2025-02-18 06:40:00 95281.440000 95563.210000 95256.730000 95509.430000 146.975660 2025-02-18 06:44:59.999     14026864.948368   19884         103.287380      9857837.906374      0 95407.551905 95592.369644 95986.257500 95791.214831 42.679162 -176.952070  -170.420208   -6.531862 95163.411877 95614.543500 96065.675123 139.592396 47.285984 19.296603 15.171145  -58.927644 -2700.020630 -0.285989
2025-02-18 06:45:00 95509.430000 95610.010000 95433.970000 95515.870000  90.779810 2025-02-18 06:49:59.999      8673345.053564   15054          43.729140      4178231.432388      0 95443.657936 95585.083964 95974.881333 95784.733315 43.015435 -161.184915  -168.573149    7.388234 95174.395887 95590.174000 96005.952113 142.195796 45.243937 30.240856 20.574199  -27.925263 -2609.240820 -0.277230
2025-02-18 06:50:00 95515.860000 95515.870000 95299.990000 95372.810000  96.697140 2025-02-18 06:54:59.999      9222717.939622   16491          29.874410      2849134.909930      0 95420.041958 95564.867396 95960.533500 95775.090703 37.721428 -158.407060  -166.539931    8.132872 95169.207437 95561.598500 95953.989563 147.458954 44.241040 36.860732 28.799397  -64.961653 -2705.937960 -0.270064
2025-02-18 06:55:00 95372.810000 95382.750000 95301.200000 95382.750000  81.819610 2025-02-18 06:59:59.999      7799982.979042   11370          59.462810      5668582.071101      0 95407.611305 95547.522882 95945.808667 95766.461572 38.289719 -153.632534  -163.958452   10.325918 95163.688675 95537.535500 95911.382325 142.751171 43.309779 31.609330 32.903639  -74.446266 -2624.118350 -0.204992
2025-02-18 07:00:00 95382.740000 95545.030000 95325.560000 95534.580000 137.926950 2025-02-18 07:04:59.999     13161737.805364   14369          60.157000      5741131.936371      0 95449.934203 95546.290227 95934.685500 95756.472642 46.343667 -136.029216  -158.372605   22.343389 95170.734594 95524.068000 95877.401406 148.231088 40.779839 37.122759 35.197607  -25.333750 -2486.191400 -0.117968
2025-02-18 07:05:00 95534.590000 95538.960000 95400.180000 95400.190000 107.271920 2025-02-18 07:09:59.999     10239425.751526   18635          28.819810      2750601.450751      0 95433.352802 95532.375919 95920.638500 95748.597401 41.216090 -131.407822  -152.979648   21.571826 95181.559251 95500.577500 95819.595749 147.556010 38.430609 41.704162 36.812084  -29.854395 -2593.463320 -0.182159
2025-02-18 07:10:00 95400.180000 95409.730000 95298.060000 95402.110000  65.331700 2025-02-18 07:14:59.999      6228401.201801   13936          24.312400      2317854.511541      0 95422.938535 95519.969641 95907.392000 95742.829104 41.315989 -126.136384  -147.610995   21.474611 95193.625402 95479.809000 95765.992598 144.992724 37.004422 46.555212 41.794045  -64.157123 -2528.131620 -0.139994
2025-02-18 07:15:00 95402.100000 95554.700000 95398.150000 95517.300000  92.068250 2025-02-18 07:19:59.999      8791647.749816   16366          49.848790      4759746.947649      0 95454.392357 95519.715390 95897.970000 95737.516181 47.121969 -111.379943  -140.364785   28.984842 95214.132279 95466.829000 95719.525721 145.818243 34.416825 51.070614 46.443330   14.400883 -2436.063370 -0.110267
2025-02-18 07:20:00 95517.300000 95578.000000 95510.850000 95543.820000  76.112800 2025-02-18 07:24:59.999      7271510.984937   13636          23.123650      2209185.614434      0 95484.201571 95522.011067 95887.746333 95734.214960 48.388016  -96.433786  -131.578585   35.144799 95236.113805 95456.520000 95676.926195 140.199083 32.084231 65.644815 54.423547   69.096310 -2359.950570 -0.093298
2025-02-18 07:25:00 95543.810000 95584.910000 95520.390000 95559.790000  23.407500 2025-02-18 07:29:59.999      2237085.896819    5867           7.059820       674728.714985      0 95509.397714 95525.609061 95876.981000 95733.278730 49.177148  -82.350913  -121.733051   39.382138 95243.679676 95452.234000 95660.788324 134.793434 29.974253 80.413424 65.709618   89.518042 -2336.543070 -0.072949
2025-02-18 07:30:00 95559.800000 95600.000000 95504.240000 95599.990000  42.671860 2025-02-18 07:34:59.999      4077151.426524   10672          28.052060      2680393.194785      0 95539.595143 95532.692960 95867.219833 95731.720018 51.199823  -67.172014  -110.820843   43.648830 95256.940576 95447.687500 95638.434424 132.005332 27.870751 88.158326 78.072188  115.403730 -2293.871210 -0.057359
2025-02-18 07:35:00 95600.000000 95713.190000 95590.930000 95624.760000  77.330560 2025-02-18 07:39:59.999      7395819.339951   14546          57.844310      5531983.480943      0 95567.983428 95541.461249 95858.976333 95730.227861 52.455428  -52.538266   -99.164328   46.626062 95255.016304 95448.451000 95641.885696 131.309237 26.836925 87.936855 85.502868  181.954740 -2216.540650 -0.062030
2025-02-18 07:40:00 95624.750000 95626.680000 95474.960000 95475.240000  36.287080 2025-02-18 07:44:59.999      3467506.934071    7047          21.539640      2058226.868246      0 95537.068952 95535.154463 95848.623167 95728.626484 44.938981  -52.401874   -89.811837   37.409963 95255.118502 95448.659000 95642.199498 132.767148 24.975029 75.264078 83.786420   70.923023 -2252.827730 -0.050824
2025-02-18 07:45:00 95475.240000 95559.790000 95470.360000 95470.360000  31.037890 2025-02-18 07:49:59.999      2964828.089014    7361          13.128660      1253912.408690      0 95514.832635 95528.983562 95837.845833 95727.107227 44.713781  -52.087129   -82.266895   30.179766 95261.373388 95452.901000 95644.428612 129.671638 23.283752 58.469728 73.890220   43.310848 -2283.865620 -0.019105
2025-02-18 07:50:00 95470.360000 95476.910000 95405.500000 95471.680000  56.288620 2025-02-18 07:54:59.999      5372369.803819    8168          13.481250      1286873.644795      0 95500.448423 95523.526080 95827.673667 95723.821316 44.794368  -51.141650   -76.041846   24.900196 95283.205172 95461.484500 95639.763828 125.510092 22.239195 45.498362 59.744056   -4.800707 -2227.577000  0.075923
2025-02-18 07:55:00 95471.680000 95482.250000 95412.080000 95456.930000  55.254900 2025-02-18 07:59:59.999      5274276.137463    5542          12.399230      1183579.650107      0 95485.942282 95517.183596 95817.548000 95720.660131 44.022177  -50.994717   -71.032421   20.037703 95284.045224 95462.151500 95640.257776 121.557229 21.218253 42.298152 48.755414   -8.101880 -2282.831900  0.055939
2025-02-18 08:00:00 95456.920000 95482.000000 95284.820000 95381.550000  99.398580 2025-02-18 08:04:59.999      9479852.280635    9233          46.122100      4398858.946548      0 95451.144855 95504.266111 95805.187833 95713.775703 40.207502  -56.311682   -68.088273   11.776591 95287.037048 95463.131500 95639.225952 126.958855 21.219030 34.224643 40.673719  -73.548353 -2382.230480  0.082915
2025-02-18 08:05:00 95381.540000 95381.550000 95266.140000 95323.230000  50.975280 2025-02-18 08:09:59.999      4858108.105246    8425          14.151410      1348619.671997      0 95408.506570 95487.024577 95790.443833 95709.741120 37.500031  -64.487974   -67.368213    2.880239 95271.501111 95457.595000 95643.688889 126.133937 21.345231 24.540423 33.687739 -118.746504 -2433.205760  0.069287
2025-02-18 08:10:00 95323.240000 95356.150000 95263.000000 95326.000000  23.792520 2025-02-18 08:14:59.999      2267575.544461    7181          10.633850      1013506.724391      0 95381.004380 95471.688903 95776.520000 95707.845157 37.714562  -69.938027   -67.882176   -2.055851 95271.107498 95457.491500 95643.875502 123.777941 21.484536 16.448474 25.071180 -123.701655 -2409.413240  0.100595
2025-02-18 08:15:00 95326.010000 95357.840000 95279.570000 95303.130000 106.946580 2025-02-18 08:19:59.999     10193160.256659   12543          77.687780      7404323.046707      0 95355.046253 95455.635674 95762.183167 95699.510587 36.597611  -75.235384   -69.352817   -5.882566 95276.090494 95458.576000 95641.061506 120.527374 21.593413 11.892830 17.627242 -126.408841 -2516.359820  0.155533
2025-02-18 08:20:00 95303.130000 95426.670000 95293.210000 95426.660000  49.339040 2025-02-18 08:24:59.999      4704903.079536   11543          36.197550      3451746.487704      0 95378.917502 95452.876086 95749.402833 95696.446206 45.914975  -68.674106   -69.217075    0.542969 95273.001694 95454.437500 95635.873306 121.451133 20.881384 19.753882 16.031728  -59.145604 -2467.020780  0.133490
2025-02-18 08:25:00 95426.670000 95540.170000 95388.260000 95466.040000  61.761790 2025-02-18 08:29:59.999      5897889.163699   12414          36.008350      3438507.380258      0 95407.958335 95454.129792 95737.053000 95693.679754 48.512599  -59.609469   -67.295554    7.686085 95272.596468 95451.946000 95631.295532 123.626766 19.684899 30.122837 20.589849   15.752157 -2405.258990  0.141997
2025-02-18 08:30:00 95466.040000 95582.110000 95400.000000 95400.010000  50.525610 2025-02-18 08:34:59.999      4825137.811631   11863          14.868440      1420055.773804      0 95405.308890 95448.975526 95722.253167 95691.425430 44.641057  -57.095586   -65.255560    8.159975 95275.976294 95453.306000 95630.635706 127.804140 18.938051 37.296105 29.057608    9.465581 -2455.784600  0.132566
2025-02-18 08:35:00 95400.010000 95421.760000 95300.000000 95316.450000  70.711460 2025-02-18 08:39:59.999      6741611.563133    8962           8.848120       843607.781120      0 95375.689260 95436.354047 95706.027500 95686.811050 40.262126  -61.141112   -64.432671    3.291559 95265.187995 95449.991000 95634.794005 127.372416 17.863533 29.135846 32.184929  -96.174522 -2526.496060  0.032179
2025-02-18 08:40:00 95316.450000 95378.470000 95301.050000 95365.340000  32.778260 2025-02-18 08:44:59.999      3124800.323391    6544          14.631830      1394883.028739      0 95372.239507 95429.590805 95691.051833 95684.727272 43.739440  -59.713862   -63.488909    3.775047 95257.496863 95441.529000 95625.561137 123.804386 16.865766 21.679735 29.370562  -82.814927 -2493.717800 -0.050306
2025-02-18 08:45:00 95365.340000 95395.410000 95050.000000 95159.600000 307.211370 2025-02-18 08:49:59.999     29234889.215110   25851         136.381440     12975486.013946      0 95301.359671 95403.877395 95672.813500 95658.378980 34.609418  -74.327454   -65.656618   -8.670836 95208.492709 95429.499500 95650.506291 139.633359 17.718338 17.870243 22.895275 -169.864625 -2800.929170 -0.046714
2025-02-18 08:50:00 95159.590000 95247.500000 95132.070000 95220.410000  53.543280 2025-02-18 08:54:59.999      5096984.313082   11799          21.800490      2075268.047003      0 95274.376447 95386.404310 95656.233333 95654.062364 38.683387  -80.078873   -68.541069  -11.537804 95181.442745 95420.414500 95659.386255 137.904547 18.510013 24.587766 21.379248 -149.371116 -2747.385890 -0.067147
2025-02-18 08:55:00 95220.410000 95268.770000 95175.780000 95238.890000  64.782850 2025-02-18 08:59:59.999      6169008.694602    9263          28.654090      2728571.009308      0 95262.547632 95372.355328 95640.214833 95649.260492 39.908641  -82.198202   -71.272495  -10.925707 95159.420636 95406.494000 95653.567364 134.696365 19.016672 28.842991 23.767000 -114.592017 -2682.603040 -0.086678
2025-02-18 09:00:00 95238.890000 95379.740000 95149.040000 95327.730000 109.512340 2025-02-18 09:04:59.999     10436374.499068   20315          69.502510      6624526.274929      0 95284.275088 95368.105296 95624.639833 95642.462682 45.542395  -75.834962   -72.184989   -3.649973 95154.759291 95395.689500 95636.619709 141.553768 18.388638 39.905909 31.112222  -71.406099 -2573.090700 -0.040794
2025-02-18 09:05:00 95327.720000 95380.010000 95285.360000 95295.290000  79.016040 2025-02-18 09:09:59.999      7533712.887100   13944          42.251030      4028492.975969      0 95287.946725 95361.170506 95608.331833 95638.175461 43.923064  -72.573108   -72.262613   -0.310495 95150.132883 95382.464500 95614.796117 138.203499 17.802938 44.596669 37.781856  -44.447234 -2652.106740 -0.085579
2025-02-18 09:10:00 95295.290000 95440.000000 95248.580000 95437.900000  89.210500 2025-02-18 09:14:59.999      8507116.142233   14813          52.920810      5047815.371102      0 95337.931150 95368.478077 95594.629500 95634.288151 52.002675  -57.814184   -69.372927   11.558743 95162.543100 95374.360000 95586.176900 142.004677 16.698116 57.063389 47.188656   -0.319989 -2562.896240 -0.053319
2025-02-18 09:15:00 95437.890000 95582.540000 95427.660000 95563.430000  64.247410 2025-02-18 09:19:59.999      6136940.803618   16325          40.211540      3841307.099833      0 95413.097433 95387.044927 95585.699833 95633.130872 57.770409  -35.578284   -62.613999   27.035714 95172.702850 95371.293500 95569.884150 142.924343 16.466050 71.802536 57.820865  125.929759 -2498.648830  0.001772
2025-02-18 09:20:00 95562.780000 95700.000000 95542.000000 95698.110000  67.442320 2025-02-18 09:24:59.999      6450781.777937   16030          51.010830      4879032.160684      0 95508.101622 95416.670172 95578.634833 95633.279468 62.918912   -7.007841   -51.492767   44.484926 95141.309719 95382.437000 95623.564281 144.001176 16.994904 89.673076 72.846334  205.212171 -2431.206510  0.068663
2025-02-18 09:25:00 95698.110000 95760.680000 95604.120000 95628.580000  74.182800 2025-02-18 09:29:59.999      7096986.725182   16338          27.702820      2650471.718237      0 95548.261082 95436.852060 95570.669500 95633.650495 58.924836    9.909718   -39.212270   49.121988 95128.693238 95390.348000 95652.002762 144.898235 17.827365 92.510979 84.662197  191.945609 -2505.389310  0.054030
2025-02-18 09:30:00 95628.580000 95672.870000 95578.680000 95660.260000  46.035250 2025-02-18 09:34:59.999      4402719.770521   14026          20.412170      1952098.042496      0 95585.594054 95458.129007 95563.363500 95633.677027 60.165605   25.578464   -26.254123   51.832587 95114.548830 95399.777000 95685.005170 141.276218 18.347080 88.997090 90.393715  148.511345 -2459.354060  0.045178
2025-02-18 09:35:00 95660.260000 95660.270000 95582.000000 95639.790000  45.630590 2025-02-18 09:39:59.999      4362806.776193   11638          18.719570      1789691.733083      0 95603.659370 95475.430054 95553.656333 95633.631412 58.926971   35.930120   -13.817274   49.747395 95105.788533 95408.920000 95712.051467 136.775774 18.829671 83.423857 88.310642  124.038285 -2504.984650  0.049578
2025-02-18 09:40:00 95639.800000 95691.200000 95586.440000 95600.320000  32.873340 2025-02-18 09:44:59.999      3143948.662690    7941          12.266740      1173242.597187      0 95602.546246 95487.324335 95543.423000 95633.591890 56.511160   40.482328    -2.957354   43.439682 95105.872749 95419.858500 95733.844251 134.488933 19.477934 82.098366 84.839771  105.552898 -2537.857990  0.036752
2025-02-18 09:45:00 95600.320000 95663.440000 95585.760000 95649.000000  37.172170 2025-02-18 09:49:59.999      3554201.608223    7499          23.072460      2205997.559965      0 95618.030831 95502.722017 95535.448167 95633.586900 58.756943   47.470841     7.128285   40.342556 95110.325664 95436.147000 95761.968336 130.431152 20.071807 81.570233 82.364152   95.547203 -2500.685820  0.053390
2025-02-18 09:50:00 95649.000000 95730.190000 95639.280000 95704.840000  35.199700 2025-02-18 09:54:59.999      3368124.885386    8314          15.074980      1442463.332311      0 95646.967221 95521.971349 95530.737333 95633.903532 61.230167   56.859666    17.074561   39.785105 95113.420946 95455.089000 95796.757054 127.608213 21.064502 84.621302 82.763300  108.717705 -2465.486120  0.057834
2025-02-18 09:55:00 95704.840000 95780.500000 95704.840000 95775.950000  39.353350 2025-02-18 09:59:59.999      3767363.934141    7651          22.018910      2107864.494265      0 95689.961480 95546.159792 95525.823000 95634.632518 64.176304   69.240202    27.507689   41.732513 95117.518815 95478.730000 95839.941185 123.897626 22.292534 91.908838 86.033458  120.393909 -2426.132770  0.115325
2025-02-18 10:00:00 95775.940000 95871.100000 95751.790000 95828.240000  48.160450 2025-02-18 10:04:59.999      4613725.189515   15170          31.438340      3011650.729119      0 95736.054320 95573.024573 95522.596667 95635.980192 66.209708   82.322272    38.470606   43.851666 95107.976496 95498.809000 95889.641504 123.569938 23.926092 95.168416 90.566185  127.583642 -2377.972320  0.090039
2025-02-18 10:05:00 95828.230000 95837.000000 95714.500000 95738.820000  25.401570 2025-02-18 10:09:59.999      2432738.276868   10458           9.705280       929433.826640      0 95736.976214 95588.814614 95518.189333 95636.474944 59.943615   84.500392    47.676563   36.823829 95108.328895 95512.448000 95916.567105 123.493514 24.953231 91.680901 92.919385   94.680221 -2403.373890  0.080188
2025-02-18 10:10:00 95738.830000 95738.830000 95634.050000 95634.570000  26.082100 2025-02-18 10:14:59.999      2495384.435578    8801          11.208600      1072269.206107      0 95702.840809 95593.172270 95513.026833 95636.604658 53.577379   76.927690    53.526789   23.400902 95120.175550 95524.176000 95928.176450 122.156835 24.930108 79.249611 88.699642   54.827818 -2429.455990  0.099955
2025-02-18 10:15:00 95634.570000 95732.960000 95634.570000 95643.980000  35.944720 2025-02-18 10:19:59.999      3439122.298179    9111          14.887860      1424299.857527      0 95683.220539 95598.011101 95509.359667 95636.789107 54.051738   70.868648    56.995160   13.873487 95145.098096 95540.552500 95936.006904 120.459204 24.908637 69.066886 79.999133   50.781548 -2393.511270  0.119753
2025-02-18 10:20:00 95643.990000 95752.820000 95643.980000 95722.630000  22.452170 2025-02-18 10:24:59.999      2149372.003479    5039           8.393270       803414.288119      0 95696.357026 95609.879568 95508.004667 95637.025153 57.921885   71.587989    59.913726   11.674263 95163.957644 95558.417000 95952.876356 119.629260 25.036919 64.013016 70.776504   59.522390 -2371.059100  0.111754
2025-02-18 10:25:00 95722.630000 95739.210000 95679.990000 95725.130000  28.882380 2025-02-18 10:29:59.999      2764728.731506    5174          10.583700      1013013.044791      0 95705.948017 95620.855799 95505.590167 95637.362470 58.042859   71.535188    62.238018    9.297169 95231.520885 95586.693500 95941.866115 115.314313 25.156038 61.893438 64.991113   59.603605 -2342.176720  0.266374
2025-02-18 10:30:00 95725.120000 95740.000000 95679.990000 95740.000000  35.053330 2025-02-18 10:34:59.999      3354735.980227    5800          11.380190      1089119.802024      0 95717.298678 95632.202866 95504.298833 95637.795286 58.801559   71.864815    64.163378    7.701437 95294.371720 95612.673000 95930.974280 111.364005 25.273289 59.110503 61.672319   60.313821 -2307.123390  0.277865
2025-02-18 10:35:00 95739.990000 95850.030000 95721.360000 95850.020000  49.465200 2025-02-18 10:39:59.999      4738315.872918    5408          32.863840      3148058.006002      0 95761.539119 95652.947355 95505.517500 95639.037739 63.989960   80.080621    67.346826   12.733795 95358.791669 95643.229500 95927.667331 112.600148 26.218000 67.868039 62.957326  112.131695 -2257.658190  0.308696
2025-02-18 10:40:00 95850.030000 95872.170000 95831.940000 95865.610000  26.939900 2025-02-18 10:44:59.999      2582328.729502    5792           9.905960       949537.245473      0 95796.229413 95673.200940 95507.444333 95639.903526 64.668958   86.848554    71.247172   15.601382 95409.366216 95670.123500 95930.880784 107.430851 27.242305 81.899224 69.625922  144.726647 -2230.718290  0.290550
2025-02-18 10:45:00 95865.620000 95872.020000 95799.250000 95799.250000  25.058590 2025-02-18 10:49:59.999      2401468.645119    6394           5.020600       481142.676031      0 95797.236275 95685.205613 95510.006667 95640.580726 59.524000   85.867663    74.171270   11.696393 95493.605600 95695.321500 95897.037400 104.955076 27.685977 88.356814 79.374692  115.690618 -2255.776880  0.352618
2025-02-18 10:50:00 95799.260000 95799.260000 95722.110000 95728.950000  29.720620 2025-02-18 10:54:59.999      2845637.836708    6755           7.919090       758168.357510      0 95774.474183 95689.371745 95510.640500 95641.057770 54.570863   78.512632    75.039542    3.473090 95546.120487 95709.874000 95873.627513 102.968999 27.012906 74.091338 81.449125   45.320780 -2285.497500  0.238539
2025-02-18 10:55:00 95728.950000 95751.860000 95713.990000 95742.500000  17.722380 2025-02-18 10:59:59.999      1696607.134442    4833           4.628810       443128.850066      0 95763.816122 95694.431579 95512.857333 95641.304018 55.342218   72.936325    74.618899   -1.682574 95569.100166 95718.827500 95868.554834  98.319071 26.280299 56.693007 73.047053   23.191142 -2267.775120  0.200700
2025-02-18 11:00:00 95742.500000 95742.500000 95651.540000 95657.770000  36.749760 2025-02-18 11:04:59.999      3516271.737628    6754          14.199870      1358569.901921      0 95728.467415 95690.940000 95515.968833 95641.531805 49.663626   60.977151    71.890549  -10.913398 95564.949505 95716.810500 95868.671495  97.793423 24.804060 35.166797 55.317047  -39.400956 -2304.524880  0.073438
2025-02-18 11:05:00 95657.770000 95690.340000 95639.890000 95665.800000  45.868250 2025-02-18 11:09:59.999      4388043.489276    4883          19.433990      1859126.826379      0 95707.578277 95688.545714 95520.640167 95641.689546 50.185307   51.553102    67.823060  -16.269958 95570.309110 95718.671500 95867.033890  94.411750 23.291343 22.946414 38.268739  -61.265388 -2258.656630  0.152200
2025-02-18 11:10:00 95665.790000 95697.680000 95638.030000 95638.030000  30.054260 2025-02-18 11:14:59.999      2875347.343887    5544           9.961610       953134.720282      0 95684.395518 95683.734694 95526.273833 95641.759663 48.320230   41.366817    62.531811  -21.164994 95567.144952 95717.560000 95867.975048  91.928768 21.973442  8.322134 22.145115  -72.361609 -2288.710890  0.061176
2025-02-18 11:15:00 95638.040000 95693.700000 95585.000000 95585.000000  34.902790 2025-02-18 11:19:59.999      3338391.721570    6208           8.085840       773420.874537      0 95651.263678 95674.331389 95528.630667 95641.657154 44.889436   28.684380    55.762325  -27.077945 95557.024862 95714.820500 95872.616138  93.126713 20.726946  5.001680 12.090076 -115.120648 -2323.613680 -0.023278
2025-02-18 11:20:00 95585.000000 95658.100000 95566.840000 95653.280000  36.987300 2025-02-18 11:24:59.999      3536224.584561    6256          20.101210      1921776.001715      0 95651.935786 95672.326495 95533.486167 95641.575114 49.828859   23.867947    49.383450  -25.515502 95565.788609 95717.468500 95869.148391  92.993376 19.786943  9.993926  7.772580 -109.396617 -2286.626380  0.062664
2025-02-18 11:25:00 95653.270000 95735.850000 95618.130000 95735.850000  20.878970 2025-02-18 11:29:59.999      1997695.949516    5932          10.490430      1003731.058486      0 95679.907190 95678.376353 95538.517667 95641.738177 55.072868   26.409170    44.788594  -18.379423 95573.280367 95721.811000 95870.341633  94.759564 18.817903 27.887859 14.294488  -31.072922 -2265.747410  0.060433
2025-02-18 11:30:00 95735.840000 95782.100000 95734.460000 95778.270000  21.931320 2025-02-18 11:34:59.999      2100100.184789    4757           5.546140       531092.246424      0 95712.694794 95687.890034 95546.021000 95642.120432 57.528911   31.483129    42.127501  -10.644372 95575.191615 95725.482500 95875.773385  91.393881 18.426363 50.969989 29.617258   48.528223 -2243.816090  0.066139
2025-02-18 11:35:00 95778.270000 95778.280000 95701.190000 95701.200000  32.218250 2025-02-18 11:39:59.999      3084372.973953    6590          10.529770      1008055.879005      0 95708.863196 95689.157649 95553.017000 95642.505046 51.970120   28.951637    39.492328  -10.540691 95572.949810 95721.745000 95870.540190  90.372175 17.613336 56.201487 45.019778    3.770064 -2276.034340 -0.039113
2025-02-18 11:40:00 95701.190000 95709.490000 95629.340000 95629.340000  33.171970 2025-02-18 11:44:59.999      3173638.287054    4380           9.987920       955617.711802      0 95682.355464 95683.460730 95555.015500 95642.568058 47.373716   20.905919    35.775046  -14.869127 95566.253113 95711.800000 95857.346887  89.642019 16.726469 44.573631 50.581702  -78.740313 -2309.206310 -0.115990
2025-02-18 11:45:00 95629.340000 95640.380000 95569.460000 95640.370000  52.361040 2025-02-18 11:49:59.999      5006122.654823    6144          24.273780      2320751.228754      0 95668.360309 95679.356851 95557.090500 95642.379849 48.132009   15.243936    31.668824  -16.424888 95558.683690 95706.877500 95855.071310  88.304732 16.533271 29.518881 43.431333 -116.861463 -2256.845270 -0.005803
2025-02-18 11:50:00 95640.380000 95688.030000 95632.200000 95632.210000  38.974010 2025-02-18 11:54:59.999      3728446.050023    5268          17.046750      1630819.803363      0 95656.310206 95674.866675 95561.413833 95642.425339 47.585735    9.983249    27.331709  -17.348460 95558.332003 95706.759500 95855.186997  85.985109 15.752196 21.990647 32.027720  -71.176975 -2295.819280 -0.025735
2025-02-18 11:55:00 95632.210000 95664.420000 95572.850000 95640.340000  36.557470 2025-02-18 11:59:59.999      3495676.598649    7059          15.716510      1502812.093674      0 95650.986804 95671.578420 95565.707000 95642.341999 48.216335    6.396406    23.144649  -16.748242 95557.833942 95706.577500 95855.321058  86.384029 15.634856 25.708690 25.739406  -95.828875 -2259.261810  0.045026
2025-02-18 12:00:00 95640.350000 95681.830000 95600.170000 95647.650000  40.217660 2025-02-18 12:04:59.999      3846469.625117    9985          14.498290      1386693.682089      0 95649.874536 95669.299523 95567.591500 95642.346816 48.812655    4.096442    19.335007  -15.238565 95552.125548 95702.828500 95853.531452  86.046599 15.300177 30.194860 25.964732  -67.751615 -2219.044150  0.038723
2025-02-18 12:05:00 95647.650000 95800.000000 95626.410000 95795.440000  34.525580 2025-02-18 12:09:59.999      3304651.838988    7700          18.063200      1728917.952583      0 95698.396357 95681.312902 95574.179000 95642.809258 59.073874   14.037309    18.275468   -4.238159 95550.530485 95706.344000 95862.157515  92.299699 14.759371 55.736231 37.213260   41.637827 -2184.518570  0.064254
2025-02-18 12:10:00 95795.430000 95822.050000 95768.800000 95812.460000  53.374290 2025-02-18 12:14:59.999      5112992.785406    6241          27.751960      2658354.548472      0 95736.417572 95693.803102 95581.018167 95643.952517 60.066695   23.023488    19.225072    3.798416 95547.945635 95709.967000 95871.988365  89.510435 14.472863 77.275740 54.402277   97.593909 -2131.144280  0.061271
2025-02-18 12:15:00 95812.460000 95910.010000 95802.040000 95890.000000  79.581000 2025-02-18 12:19:59.999      7630411.266285    8560          56.198030      5388426.049822      0 95787.611714 95712.488521 95587.229833 95646.332556 64.314049   35.987093    22.577476   13.409617 95542.277031 95711.966000 95881.654969  90.828975 14.992551 96.151881 76.387951  155.496710 -2051.563280  0.059596
2025-02-18 12:20:00 95890.010000 95940.850000 95830.000000 95910.010000  99.761510 2025-02-18 12:24:59.999      9564719.753052   10515          53.063980      5087612.125866      0 95828.411143 95731.300090 95593.333000 95649.591670 65.338603   47.329894    27.527960   19.801934 95535.586946 95714.186000 95892.785054  92.259048 15.723667 94.055204 89.160942  174.424761 -1951.801770  0.086772
2025-02-18 12:25:00 95910.000000 95978.770000 95896.800000 95937.860000  43.619690 2025-02-18 12:29:59.999      4184962.104143    7642          22.713580      2179306.135591      0 95864.894095 95750.972462 95599.634167 95651.243036 66.768645   57.898984    33.602164   24.296819 95520.456764 95721.116500 95921.776236  91.524116 16.699552 91.997334 94.068140  193.861505 -1908.182080  0.115493
2025-02-18 12:30:00 95937.850000 96043.990000 95916.010000 96028.700000  69.488890 2025-02-18 12:34:59.999      6670429.708741   11095          47.867620      4594936.677842      0 95919.496064 95777.422704 95606.779333 95654.363471 70.975047   72.766288    41.434989   31.331299 95494.701684 95736.104000 95977.506316  94.128108 18.076731 92.866932 92.973157  198.128650 -1838.693190  0.200181
2025-02-18 12:35:00 96028.710000 96281.050000 96028.700000 96198.660000 178.750780 2025-02-18 12:39:59.999     17195954.858956   24984         115.882090     11146958.896848      0 96012.550709 95817.540542 95616.344333 95666.075955 76.873379   97.143278    52.576647   44.566631 95444.304804 95758.912000 96073.519196 105.429672 20.579612 91.756090 92.206785  238.661413 -1659.942410  0.220607
2025-02-18 12:40:00 96198.670000 96244.210000 96113.210000 96151.990000  44.798440 2025-02-18 12:44:59.999      4308898.113024   12474          22.817620      2194784.511970      0 96059.030473 95849.392871 95627.623500 95668.930222 72.515603  111.412051    64.343728   47.068323 95429.516695 95783.623000 96137.729305 107.256124 22.903715 89.020906 91.214643  187.249261 -1704.740850  0.231954
2025-02-18 12:45:00 96152.000000 96210.660000 96091.710000 96093.310000  34.209270 2025-02-18 12:49:59.999      3288989.683000   11089          15.667910      1506335.261172      0 96070.456982 95872.623074 95638.006000 95670.924801 67.346215  116.640610    74.803104   41.837506 95430.875013 95804.998500 96179.121987 108.091401 24.762305 81.300562 87.359186  141.090975 -1738.950120  0.200636
2025-02-18 12:50:00 96093.320000 96150.950000 96093.310000 96117.760000  23.147880 2025-02-18 12:54:59.999      2224904.121733    6413           9.863640       948012.807930      0 96086.224655 95895.969448 95648.774000 95672.232108 68.358354  121.358249    84.114133   37.244116 95439.555636 95828.985000 96218.414364 104.487729 26.488139 77.510926 82.610798  116.515784 -1715.802240  0.228304
2025-02-18 12:55:00 96117.770000 96237.120000 96117.760000 96194.000000  32.325890 2025-02-18 12:59:59.999      3109750.877523    9078          20.149170      1938216.643299      0 96122.149770 95924.353310 95661.058500 95674.296906 71.341340  129.753229    93.241952   36.511276 95456.089151 95859.435000 96262.780849 105.550034 28.502654 79.459301 79.423596  122.198930 -1683.476350  0.272461
2025-02-18 13:00:00 96194.000000 96320.000000 96194.000000 96237.940000 157.796300 2025-02-18 13:04:59.999     15190975.866728   15570         124.897540     12024100.638471      0 96160.746513 95954.218709 95675.331667 95685.450970 72.925553  138.357008   102.264963   36.092044 95465.084678 95888.668000 96312.251322 107.010746 30.712162 84.592668 80.520965  128.371469 -1525.680050  0.171604
2025-02-18 13:05:00 96237.940000 96300.000000 96190.020000 96190.020000  85.254290 2025-02-18 13:09:59.999      8205072.058152   16236          41.431340      3987965.144303      0 96170.504342 95976.675975 95689.778167 95691.051512 68.479644  139.698464   109.751664   29.946800 95474.510314 95911.376500 96348.242686 107.222836 32.702510 86.222721 83.424897  105.573554 -1610.934340  0.073304
2025-02-18 13:10:00 96190.020000 96350.000000 96175.880000 96350.000000 173.326140 2025-02-18 13:14:59.999     16692962.538041   14895         131.539150     12669092.162480      0 96230.336228 96012.230644 95706.844833 95703.432732 74.146410  151.919395   118.185210   33.734185 95468.244907 95939.963000 96411.681093 112.001204 34.751651 90.319963 87.045117  111.827022 -1437.608200  0.180358
2025-02-18 13:15:00 96350.000000 96482.910000 96235.330000 96371.670000 167.335700 2025-02-18 13:19:59.999     16126114.083851   27640         110.289720     10629530.876292      0 96277.447485 96046.462963 95724.653833 95716.302900 74.807104  161.491584   126.846484   34.645099 95479.628938 95973.486500 96467.344062 121.685404 37.103352 88.788509 88.443731  118.247387 -1270.272500  0.197134
2025-02-18 13:20:00 96371.670000 96411.960000 96256.830000 96275.720000  55.366530 2025-02-18 13:24:59.999      5332954.338601   10640          22.189070      2137316.632955      0 96276.871657 96068.296967 95738.804833 95720.140672 66.681503  159.496671   133.376522   26.120149 95521.761209 96005.805500 96489.849791 124.074304 39.287074 84.664128 87.924200   94.423311 -1325.639030  0.188415
2025-02-18 13:25:00 96275.730000 96284.060000 96214.160000 96249.990000  53.550070 2025-02-18 13:29:59.999      5153786.493056    6416          15.785200      1519183.920451      0 96267.911105 96085.601065 95751.870667 95723.402713 64.653429  154.063544   137.513926   16.549617 95571.744679 96036.286500 96500.828321 120.204711 40.630386 72.772749 82.075129   68.354166 -1379.189100  0.154312
2025-02-18 13:30:00 96249.990000 96321.820000 96185.410000 96291.430000  84.114160 2025-02-18 13:34:59.999      8096448.309756   13789          31.600560      3041852.778683      0 96275.750736 96105.203821 95766.727667 95728.607425 66.424615  151.356865   140.282514   11.074351 95631.277786 96069.247500 96507.217214 121.362231 42.032345 67.075348 74.837408   68.297377 -1295.074940  0.205136
2025-02-18 13:35:00 96291.430000 96330.000000 96230.990000 96254.650000  43.800910 2025-02-18 13:39:59.999      4217238.235483    9235          22.021600      2120268.776581      0 96268.717158 96119.436790 95782.364333 95731.306481 63.388596  144.577366   141.141484    3.435882 95702.312159 96099.963000 96497.613841 119.765643 43.367962 63.797211 67.881769   66.386818 -1338.875850  0.178318
2025-02-18 13:40:00 96254.650000 96327.740000 96246.920000 96278.940000  45.233110 2025-02-18 13:44:59.999      4355408.599205    7123          17.402600      1675675.405069      0 96272.124772 96134.627572 95797.591000 95734.130373 64.541251  139.555852   140.824358   -1.268506 95785.651707 96131.527500 96477.403293 116.983812 44.608177 60.719742 63.864100   68.908288 -1293.642740  0.167521
2025-02-18 13:45:00 96278.940000 96326.900000 96212.370000 96212.370000  34.174430 2025-02-18 13:49:59.999      3290183.123445   10337          15.813430      1522577.671828      0 96252.206514 96142.031613 95815.137167 95736.114265 59.053848  128.720809   138.403648   -9.682839 95841.555888 96152.374000 96463.192112 116.808539 45.127139 48.557473 57.691475   49.912468 -1327.817170  0.124656
2025-02-18 13:50:00 96212.380000 96254.000000 96107.770000 96211.490000  34.005170 2025-02-18 13:54:59.999      3270607.917860   10976          14.386730      1383674.610213      0 96238.634343 96148.646698 95831.655167 95737.846831 58.982457  118.694712   134.461861  -15.767149 95902.869968 96172.325500 96441.781032 118.910072 43.956821 38.851876 49.376364   12.001213 -1361.822340  0.113289
2025-02-18 13:55:00 96211.490000 96264.160000 96211.490000 96230.000000  29.694510 2025-02-18 13:59:59.999      2857632.341257    7717           7.919280       762125.742364      0 96235.756229 96156.394631 95848.173667 95739.495273 60.075754  110.963443   129.762177  -18.798734 95952.314918 96189.325500 96426.336082 114.178639 42.949913 32.182290 39.863880   32.915664 -1332.127830  0.077542
2025-02-18 14:00:00 96230.000000 96292.000000 96113.200000 96274.230000  45.311050 2025-02-18 14:04:59.999      4359114.610724   13252          24.517680      2358851.817250      0 96248.580819 96167.617047 95863.948667 95741.945711 62.638403  107.169960   125.243734  -18.073774 96005.829339 96207.536500 96409.243661 118.794450 40.712299 36.692026 35.908731   17.620463 -1286.816780  0.074947
2025-02-18 14:05:00 96274.220000 96285.590000 96198.120000 96231.410000  37.292280 2025-02-18 14:09:59.999      3588986.988273   11202          14.519110      1397219.079217      0 96242.857213 96173.692566 95879.550667 95743.993132 58.709467   99.560707   120.107128  -20.546422 96062.862286 96222.214000 96381.565714 116.556989 38.634513 37.471944 35.448753   18.969174 -1324.109060  0.068990
2025-02-18 14:10:00 96231.410000 96354.960000 96198.460000 96281.590000  54.470730 2025-02-18 14:14:59.999      5245744.690118   10169          40.966970      3945305.837732      0 96255.768142 96183.968513 95893.612167 95747.192821 61.738247   96.467409   115.379185  -18.911775 96100.809988 96234.858500 96368.907012 119.410062 37.355960 41.221944 38.461971   60.821843 -1269.638330  0.034723
2025-02-18 14:15:00 96281.580000 96367.330000 96252.430000 96364.990000  42.238640 2025-02-18 14:19:59.999      4067709.344566    9820          25.220940      2428761.481883      0 96292.175428 96201.208654 95906.971500 95749.878417 66.178704   99.597533   112.222854  -12.625321 96098.893601 96243.175000 96387.456399 119.087914 36.278650 49.286489 42.660125  120.065173 -1227.399690  0.021594
2025-02-18 14:20:00 96364.990000 96650.000000 96355.360000 96650.000000 142.556860 2025-02-18 14:24:59.999     13758832.465776   19531         104.720390     10107175.668546      0 96411.450285 96243.950687 95922.836333 95762.195348 76.300877  123.650735   114.508431    9.142305 96044.971583 96268.075500 96491.179417 131.627349 37.073224 71.633701 54.047378  328.636779 -1084.842830  0.137010
2025-02-18 14:25:00 96649.990000 96753.910000 96481.370000 96508.450000 118.526560 2025-02-18 14:29:59.999     11452134.056560   25306          63.561120      6142375.665296      0 96443.783524 96269.141098 95937.500833 95772.523050 65.772481  129.794974   117.565739   12.229235 96057.533279 96288.832500 96520.131721 141.692538 38.237330 76.859244 65.926478  274.073745 -1203.369390  0.086832
2025-02-18 14:30:00 96508.450000 96626.590000 96300.800000 96322.010000 171.892730 2025-02-18 14:34:59.999     16579285.106916   44409          65.860710      6353016.885982      0 96403.192349 96274.176231 95948.530000 95784.087206 55.006356  118.256984   117.703988    0.552996 96081.216769 96299.045000 96516.873231 154.842357 37.399495 65.056077 71.183007  102.719002 -1375.262120 -0.011980
2025-02-18 14:35:00 96322.000000 96330.520000 96011.020000 96096.030000 213.004640 2025-02-18 14:39:59.999     20473622.965478   45572          79.737180      7663617.227604      0 96300.804899 96257.209924 95956.134000 95791.962576 45.322567   89.842696   112.131730  -22.289034 96063.085286 96294.146500 96525.207714 166.603617 34.934427 35.537126 59.150815 -132.383575 -1588.266760 -0.071491
2025-02-18 14:40:00 96096.030000 96150.950000 95748.000000 95941.320000 221.667750 2025-02-18 14:44:59.999     21270460.933778   46068          72.950020      6998261.106288      0 96180.976600 96227.125169 95961.817333 95795.391659 40.115664   54.215403   100.548464  -46.333062 96002.232617 96279.315500 96556.398383 183.485502 33.929332 21.272823 40.622008 -258.014707 -1809.934510 -0.048103
2025-02-18 14:45:00 95941.320000 96009.740000 95590.000000 95674.620000 161.809770 2025-02-18 14:49:59.999     15495000.991069   44832          62.337860      5970828.342525      0 96012.191066 96174.505629 95962.244333 95794.798545 33.063758    4.409228    81.320617  -76.911389 95871.897567 96253.545500 96635.193433 200.360823 33.600499 12.643963 23.151304 -305.565035 -1971.744280 -0.052058
2025-02-18 14:50:00 95674.620000 95730.770000 95375.120000 95699.540000 209.551880 2025-02-18 14:54:59.999     20014793.858953   41530          77.999720      7450450.641612      0 95907.974044 96129.270807 95962.156000 95790.901653 34.227210  -32.675031    58.521488  -91.196518 95772.750387 96221.022500 96669.294613 211.452907 33.978736 16.672689 16.863158 -280.444108 -1762.192400 -0.051392
2025-02-18 14:55:00 95699.540000 95811.330000 95507.570000 95536.830000 122.038830 2025-02-18 14:59:59.999     11677116.120490   30744          54.151350      5181791.795067      0 95784.259363 96072.847873 95958.170667 95788.898730 30.499587  -74.337000    31.949790 -106.286790 95647.243612 96179.280500 96711.317388 218.046271 33.815665 14.176016 14.497556 -203.164080 -1884.231230 -0.112747
2025-02-18 15:00:00 95536.830000 95610.840000 95382.870000 95563.180000 161.480780 2025-02-18 15:04:59.999     15417176.580766   39440          68.376420      6529183.542416      0 95710.566242 96024.308076 95953.753000 95784.810170 31.795057 -104.029004     4.754031 -108.783035 95550.322254 96143.653500 96736.984746 218.755109 34.052307 16.299074 15.715926 -182.495673 -1722.750450 -0.039806
2025-02-18 15:05:00 95563.170000 95730.770000 95485.190000 95666.630000  72.980810 2025-02-18 15:09:59.999      6978974.413403   29302          49.534490      4736698.313229      0 95695.920828 95990.243497 95952.549833 95783.740846 36.777542 -117.854033   -19.767582  -98.086451 95488.476177 96114.485500 96740.494823 220.671172 33.526542 15.503449 15.326179 -124.064943 -1649.769640 -0.023048
2025-02-18 15:10:00 95666.630000 95674.530000 95369.000000 95578.010000 117.193470 2025-02-18 15:14:59.999     11192103.376818   29437          53.020580      5063301.246068      0 95656.617219 95950.983164 95951.607167 95781.114045 34.455477 -134.411944   -42.696454  -91.715490 95416.925300 96078.814500 96740.703700 226.732517 33.423556 16.624634 16.142385 -121.972659 -1766.963110 -0.024359
2025-02-18 15:15:00 95578.010000 95651.360000 95359.570000 95359.580000 109.136810 2025-02-18 15:19:59.999     10416883.824605   37120          61.318730      5852776.788575      0 95557.604812 95894.659053 95946.867167 95777.885157 29.509825 -163.277522   -66.812668  -96.464854 95307.864168 96034.061000 96760.257832 231.379480 33.358920 12.078375 14.735486 -119.602514 -1876.099920 -0.063846
2025-02-18 15:20:00 95359.570000 95597.390000 95359.570000 95581.900000  82.255850 2025-02-18 15:24:59.999      7853203.026863   31349          45.648620      4357347.690519      0 95565.703208 95864.872477 95944.521667 95775.911740 39.092504 -166.297362   -86.709606  -79.587755 95256.645898 95999.209000 96741.772102 231.839517 33.298902 10.345950 13.016320  -94.927532 -1793.844070 -0.025659
2025-02-18 15:25:00 95581.890000 95653.400000 95368.520000 95403.510000  73.110790 2025-02-18 15:29:59.999      6981058.729902   26468          30.732620      2934312.604869      0 95511.638806 95820.933193 95939.161333 95773.933560 34.982978 -180.998748  -105.567435  -75.431313 95179.829961 95958.766000 96737.702039 235.628123 32.844145  6.365736  9.596687  -91.064838 -1866.954860 -0.034657
2025-02-18 15:30:00 95403.510000 95530.390000 95362.250000 95415.000000  67.815790 2025-02-18 15:34:59.999      6473122.399745   33347          34.799270      3321542.952591      0 95479.425870 95782.272889 95933.744667 95771.883687 35.453634 -189.537683  -122.361484  -67.176198 95114.727724 95918.941500 96723.155276 230.807543 32.448260  7.690616  8.134101  -88.056500 -1799.139070 -0.051661
2025-02-18 15:35:00 95414.990000 95722.730000 95404.850000 95649.130000  75.647530 2025-02-18 15:39:59.999      7228596.614942   35290          43.244750      4131881.950233      0 95535.993914 95769.592614 95930.396500 95770.676713 44.301568 -175.390721  -132.967332  -42.423389 95090.777315 95889.898000 96689.018685 237.027004 30.779156  9.993431  8.016594  -54.413207 -1723.491540 -0.029133
2025-02-18 15:40:00 95649.140000 95718.680000 95530.300000 95531.770000  79.687900 2025-02-18 15:44:59.999      7622416.681323   26602          35.551500      3401125.064686      0 95534.585942 95746.942841 95924.832500 95769.432156 41.249224 -171.670215  -140.707908  -30.962307 95059.559824 95852.775000 96645.990176 233.552218 29.229273 14.854730 10.846259  -49.522835 -1803.179440 -0.077860
2025-02-18 15:45:00 95531.770000 95598.360000 95383.760000 95456.650000  74.764260 2025-02-18 15:49:59.999      7137854.513842   31408          31.041000      2963470.171866      0 95508.607295 95719.295904 95919.122500 95767.533608 39.378976 -172.791412  -147.124609  -25.666803 95022.899910 95814.037000 96605.174090 232.198488 28.519218 17.618671 14.155611  -65.649173 -1877.943700 -0.082984
2025-02-18 15:50:00 95456.640000 95520.000000 95200.000000 95499.990000 256.157030 2025-02-18 15:54:59.999     24427638.723457   34646          96.330980      9191752.642256      0 95505.734863 95698.409627 95915.306500 95759.612527 41.039936 -168.243388  -151.348365  -16.895023 95003.080810 95774.957000 96546.833190 238.470025 28.618898 22.350027 18.274476  -75.451325 -1621.786670  0.009287
2025-02-18 15:55:00 95500.000000 95624.210000 95495.830000 95546.480000  65.999640 2025-02-18 15:59:59.999      6306382.306267   18908          38.557430      3684226.761524      0 95519.316576 95683.940139 95912.039500 95758.464704 42.848844 -159.054214  -152.889535   -6.164679 95006.085193 95734.031500 96461.977807 230.606452 28.020851 35.330433 25.099710  -41.797523 -1555.787030 -0.011758
2025-02-18 16:00:00 95546.490000 95613.400000 95452.020000 95452.020000  69.172150 2025-02-18 16:04:59.999      6608229.235741   23893          25.234010      2410542.433806      0 95496.884384 95661.852507 95908.610333 95756.984306 40.153263 -157.577406  -153.827109   -3.750297 95071.089629 95674.132500 96277.175371 225.661705 27.651209 44.982997 34.221152  -50.621767 -1624.959180 -0.095990
2025-02-18 16:05:00 95452.010000 95509.440000 95410.000000 95462.030000  65.676770 2025-02-18 16:09:59.999      6270372.416843   19844          29.758900      2840845.145476      0 95485.266256 95642.821792 95905.214167 95755.343926 40.579860 -153.826089  -153.826905    0.000816 95150.121865 95621.811500 96093.501135 216.645869 27.487473 49.089732 43.134388  -65.991421 -1559.282410 -0.058374
2025-02-18 16:10:00 95462.010000 95624.140000 95381.070000 95402.580000  35.484480 2025-02-18 16:14:59.999      3388868.925155   17580          17.876180      1707238.935996      0 95457.704171 95619.941621 95901.290000 95754.491323 38.810451 -153.876470  -153.836818   -0.039652 95221.446859 95575.840000 95930.233141 218.533307 26.552994 42.919987 45.664239  -64.161737 -1594.766890 -0.010253
2025-02-18 16:15:00 95402.580000 95630.000000 95280.000000 95630.000000 182.212480 2025-02-18 16:19:59.999     17380440.107013   28523          71.105360      6785461.738748      0 95515.136114 95620.899562 95902.040000 95750.856329 48.128192 -134.020598  -149.873574   15.852976 95288.171723 95552.538500 95816.905277 227.923785 26.153420 56.598510 49.536076  -30.893902 -1412.554410  0.111957
2025-02-18 16:20:00 95630.000000 95633.150000 95250.000000 95266.490000 133.045000 2025-02-18 16:24:59.999     12691539.845331   23856          48.640010      4642991.316278      0 95432.254076 95587.146270 95895.593500 95746.854162 38.132715 -145.934652  -149.085790    3.151138 95291.926166 95518.797000 95745.667834 239.011372 25.917276 44.382464 47.966987 -138.190286 -1545.599410  0.065596
2025-02-18 16:25:00 95266.500000 95409.410000 95250.000000 95266.780000  38.683970 2025-02-18 16:29:59.999      3687135.216074   16108          23.813790      2269502.564565      0 95377.096051 95556.635197 95887.775667 95745.471786 38.143752 -153.582817  -149.985195   -3.597622 95258.293790 95498.405000 95738.516210 233.325560 25.697999 35.918479 45.633151 -199.178510 -1506.915440  0.101017
2025-02-18 16:30:00 95266.780000 95266.780000 95123.000000 95123.000000  98.463510 2025-02-18 16:34:59.999      9371724.655348   21283          33.266880      3165905.121407      0 95292.397367 95515.336607 95876.854500 95740.894339 34.826435 -169.294368  -153.847030  -15.447338 95196.770129 95469.578000 95742.385871 226.929448 26.072955  8.498332 29.599758 -270.065538 -1605.378950 -0.030225
2025-02-18 16:35:00 95123.010000 95132.710000 94771.430000 94814.980000 691.716610 2025-02-18 16:39:59.999     65665451.260749   60736         204.590930     19411145.498533      0 95133.258245 95448.635978 95862.084167 95696.662194 29.006434 -204.246103  -163.926844  -40.319258 95041.046203 95433.485500 95825.924797 236.525916 27.596885  5.784395 16.733735 -338.457968 -2297.095560 -0.190655
2025-02-18 16:40:00 94814.980000 94894.040000 94666.330000 94671.660000 173.394850 2025-02-18 16:44:59.999     16430697.730012   36892          76.872130      7284541.153504      0 94979.392163 95374.638265 95846.122833 95684.170802 26.765153 -240.735284  -179.288532  -61.446752 94880.213118 95388.909500 95897.605882 235.896208 29.279708  1.694163  5.325630 -290.436915 -2470.490410 -0.290931
2025-02-18 16:45:00 94671.660000 94767.990000 94617.450000 94726.510000 226.522930 2025-02-18 16:49:59.999     21448515.835875   30675         105.916500     10028133.080650      0 94895.098109 95312.911764 95830.891833 95667.663153 29.025418 -262.204753  -195.871776  -66.332977 94774.221690 95341.903500 95909.585310 229.799336 30.962580  4.995320  4.157959 -222.286416 -2243.967480 -0.249880
2025-02-18 16:50:00 94726.510000 94913.570000 94686.230000 94848.350000 186.106230 2025-02-18 16:54:59.999     17643137.082668   26122          76.329870      7236658.695786      0 94879.515406 95268.667786 95817.827500 95656.040661 33.905267 -266.318044  -209.961030  -56.357014 94710.014457 95305.420500 95900.826543 229.623669 31.438486 11.047035  5.912173 -147.571243 -2057.861250 -0.230707
2025-02-18 16:55:00 94848.350000 94853.480000 94617.710000 94639.980000 170.154760 2025-02-18 16:59:59.999     16113382.133871   25183          34.413280      3259962.869085      0 94799.670271 95208.792759 95801.154833 95644.304224 30.094436 -283.127853  -224.594394  -58.533458 94608.149584 95269.440500 95930.731416 230.062693 32.094405 11.618246  9.220200 -145.269614 -2228.016010 -0.235909
2025-02-18 17:00:00 94639.980000 94770.990000 94630.000000 94728.830000  62.376710 2025-02-18 17:04:59.999      5907449.621091   22249          30.684400      2905771.516704      0 94776.056847 95163.082020 95785.841167 95640.101881 33.525392 -285.983653  -236.872246  -49.111407 94541.984732 95226.787000 95911.589268 223.700357 32.703473 11.972367 11.545883 -120.406746 -2165.639300 -0.254010
2025-02-18 17:05:00 94728.070000 94878.740000 94663.660000 94819.490000 136.252350 2025-02-18 17:09:59.999     12917880.049103   24074         109.673590     10398438.965388      0 94790.534565 95130.358971 95769.575333 95631.805267 36.927043 -277.729894  -245.043776  -32.686118 94495.820143 95197.586000 95899.351857 223.084618 32.459996 11.025237 11.538617  -89.773547 -2029.386950 -0.208196
2025-02-18 17:10:00 94819.490000 94823.350000 94692.300000 94774.170000  60.319820 2025-02-18 17:14:59.999      5715973.534715   22057          26.878860      2547074.466986      0 94785.079710 95096.436212 95752.270500 95628.080609 35.937043 -271.713531  -250.377727  -21.335804 94448.068968 95165.544500 95883.020032 216.510716 32.233911 15.429097 12.808900  -83.855377 -2089.706770 -0.194749
2025-02-18 17:15:00 94774.180000 94774.180000 94618.240000 94618.250000  56.361290 2025-02-18 17:19:59.999      5335628.540126   15329          33.375000      3159186.722413      0 94729.469807 95050.894668 95731.074667 95624.257774 32.689904 -276.341468  -255.570475  -20.770993 94394.779206 95114.000500 95833.221794 212.184237 32.328680 11.800072 12.751469  -90.969097 -2146.068060 -0.229937
2025-02-18 17:20:00 94618.250000 94635.330000 94513.060000 94561.390000 150.719250 2025-02-18 17:24:59.999     14255719.372725   22555          71.230030      6736734.803006      0 94673.443204 95004.275175 95708.597667 95613.124086 31.569647 -281.353995  -260.727179  -20.626816 94334.706364 95065.481500 95796.256636 205.761791 32.817597  6.607783 11.278984  -99.144238 -2296.787310 -0.208391
2025-02-18 17:25:00 94561.390000 94625.460000 94456.000000 94529.580000 215.596870 2025-02-18 17:29:59.999     20378428.345785   20849          55.170570      5216043.692714      0 94625.488803 94959.066111 95685.126333 95597.110760 30.931030 -284.612425  -265.504228  -19.108197 94275.977117 95019.128000 95762.278883 203.168806 33.475945  3.548095  7.318650  -95.665987 -2512.384180 -0.200275
2025-02-18 17:30:00 94529.580000 94549.310000 94300.000000 94333.180000 256.794420 2025-02-18 17:34:59.999     24242084.791137   33132         112.603480     10629474.990718      0 94528.052535 94899.457910 95656.867667 95576.160750 27.263940 -299.589116  -272.321206  -27.267910 94194.942830 94960.787500 95726.632170 206.464606 34.590897  4.518767  4.891548 -112.350579 -2769.178600 -0.334398
2025-02-18 17:35:00 94333.190000 94373.900000 94180.630000 94373.900000 198.491350 2025-02-18 17:39:59.999     18708848.141015   33766          73.425300      6921583.600649      0 94476.668357 94849.404776 95626.455000 95559.335767 29.139717 -304.660551  -278.789075  -25.871476 94145.158588 94902.158500 95659.158412 205.522134 35.957535  9.011837  5.692900 -121.324705 -2570.687250 -0.254362
2025-02-18 17:40:00 94373.900000 94499.000000 94248.310000 94258.860000  95.535950 2025-02-18 17:44:59.999      9019610.745780   26292          53.288710      5031432.041152      0 94404.065571 94793.162416 95594.902833 95551.560665 27.019708 -314.338962  -285.899052  -28.439910 94080.195038 94842.500500 95604.805962 208.748410 36.202808  9.667190  7.732598 -110.839677 -2666.223200 -0.257954
2025-02-18 17:45:00 94258.860000 94271.900000 94111.520000 94120.670000  99.328610 2025-02-18 17:49:59.999      9353986.674721   19049          32.011330      3014676.341729      0 94309.600381 94729.115519 95562.025500 95542.482851 24.695462 -329.363256  -294.591893  -34.771363 94006.952413 94775.432500 95543.912587 205.293524 36.858841  9.050539  9.243189 -140.963882 -2765.551810 -0.283161
2025-02-18 17:50:00 94120.670000 94311.070000 94120.660000 94278.940000 118.440880 2025-02-18 17:54:59.999     11159583.946836   23504          39.518220      3723139.752295      0 94299.380254 94686.241660 95531.378500 95532.347404 31.918759 -324.755472  -300.624609  -24.130863 93978.592590 94719.250500 95459.908410 204.230415 37.160580 10.077194  9.598308 -120.535595 -2647.110930 -0.244014
2025-02-18 17:55:00 94278.940000 94342.790000 94102.150000 94102.160000  72.686380 2025-02-18 17:59:59.999      6846820.841044   18172          31.740350      2990406.166887      0 94233.640169 94630.614836 95496.514500 95525.946372 28.616916 -331.546576  -306.809002  -24.737574 93982.935478 94642.858500 95302.781522 206.831099 37.187139  7.338690  8.822141 -123.755038 -2719.797310 -0.330907
2025-02-18 18:00:00 94102.160000 94350.870000 93749.920000 94293.350000 585.390340 2025-02-18 18:04:59.999     55022427.295972   68279         231.348480     21751765.802066      0 94253.543446 94598.494375 95464.104667 95474.650955 36.292598 -317.837310  -309.014664   -8.822646 93983.729249 94594.201500 95204.673751 234.982449 38.244051 23.005555 13.473813 -121.954651 -2134.406970 -0.129299
2025-02-18 18:05:00 94293.340000 94338.710000 94013.010000 94017.100000  86.194340 2025-02-18 18:09:59.999      8118601.597279   28535          32.670200      3077348.889597      0 94174.728964 94543.123482 95427.889333 95467.369626 31.090576 -325.511390  -312.314009  -13.197381 93954.485979 94531.717500 95108.949021 241.462274 39.225469 23.937206 18.093817 -112.679091 -2220.601310 -0.141956
2025-02-18 18:10:00 94017.090000 94145.750000 93938.400000 94051.230000 150.744360 2025-02-18 18:14:59.999     14175889.978778   28671          68.430310      6435871.520295      0 94133.562643 94496.276484 95389.576500 95454.095967 32.380152 -325.091694  -314.869546  -10.222148 93932.271905 94478.129000 95023.986095 239.025683 40.321224 32.834287 26.592349 -119.079317 -2069.856950 -0.110531
2025-02-18 18:15:00 94051.230000 94108.160000 93863.000000 94048.010000  79.596450 2025-02-18 18:19:59.999      7481469.895602   27513          47.313650      4447339.009077      0 94105.045095 94453.584438 95350.848833 95446.996677 32.318701 -321.314990  -316.158635   -5.156355 93886.260591 94439.780500 94993.300409 239.463849 41.518144 26.043766 27.605086 -115.767075 -2149.453400  0.045970
2025-02-18 18:20:00 94048.020000 94180.000000 93915.000000 94179.990000  77.334380 2025-02-18 18:24:59.999      7270939.211261   23640          40.900560      3845777.956278      0 94130.026730 94427.527825 95315.920000 95440.569869 37.550084 -304.166005  -313.760109    9.594104 93861.381601 94415.197000 94969.012399 241.287860 42.027215 32.150232 30.342762  -84.903333 -2072.119020  0.126044
2025-02-18 18:25:00 94179.990000 94180.000000 94021.090000 94049.540000  72.313180 2025-02-18 18:29:59.999      6803966.957916   15004          35.703130      3359099.392751      0 94103.197820 94391.528984 95279.245833 95434.579397 34.695508 -297.670179  -310.542123   12.871944 93825.033424 94381.348500 94937.663576 235.403727 42.499924 34.532637 30.908879  -79.841052 -2144.432200  0.082139
2025-02-18 18:30:00 94049.540000 94049.540000 93900.000000 93956.950000 121.931160 2025-02-18 18:34:59.999     11457892.115309   23695          49.669760      4667133.432663      0 94054.448547 94350.140510 95240.337833 95423.749883 32.790140 -296.574701  -307.748639   11.173937 93794.611310 94336.778500 94878.945690 229.270604 43.287276 33.158010 33.280293 -102.981225 -2266.363360  0.046168
2025-02-18 18:35:00 93956.950000 93956.950000 93770.000000 93886.900000 129.772220 2025-02-18 18:39:59.999     12177615.029527   26136          66.791770      6267236.428389      0 93998.599031 94306.022366 95200.875333 95411.637298 31.385815 -297.924686  -305.783848    7.859162 93742.019600 94299.124500 94856.229400 226.247703 44.346872 24.873745 30.854797 -119.710295 -2396.135580  0.107167
2025-02-18 18:40:00 93886.890000 93911.030000 93700.000000 93736.370000 142.025800 2025-02-18 18:44:59.999     13319567.436662   16599          74.704680      7006192.069880      0 93911.189354 94251.769760 95158.499167 95397.843813 28.555625 -307.595305  -306.146140   -1.449165 93677.727713 94249.501500 94821.275287 225.160724 45.493104 15.111161 24.380972 -133.810699 -2538.161380  0.063573
2025-02-18 18:45:00 93736.370000 93815.450000 93603.180000 93618.400000 180.549050 2025-02-18 18:49:59.999     16912340.048779   32318          88.112720      8254123.681916      0 93813.592903 94191.448830 95115.266333 95379.540912 26.536086 -321.077353  -309.132382  -11.944971 93617.450904 94189.447000 94761.443096 224.239958 46.769025  7.795503 15.926803 -154.537801 -2718.710430 -0.010545
2025-02-18 18:50:00 93618.400000 93970.750000 93600.000000 93970.750000 129.485740 2025-02-18 18:54:59.999     12150336.802842   28320          73.186030      6867551.023245      0 93865.978602 94170.429894 95077.920667 95367.927132 40.150744 -299.873518  -307.280609    7.407092 93637.504395 94149.276000 94661.047605 234.704961 46.618929 18.542333 13.816332  -99.581959 -2589.224690  0.027599
2025-02-18 18:55:00 93970.750000 94045.000000 93891.040000 93924.030000  82.159730 2025-02-18 18:59:59.999      7721998.612790   15778          44.815830      4212232.056538      0 93885.329068 94146.963237 95039.487833 95361.157159 39.115611 -283.570416  -302.538571   18.968155 93642.070989 94114.565000 94587.059011 228.937464 45.904734 31.409667 19.249167  -59.205810 -2671.384420  0.030453
2025-02-18 19:00:00 93924.030000 93924.030000 93727.200000 93734.150000  76.596130 2025-02-18 19:04:59.999      7183824.298962   21781          40.618470      3809404.180664      0 93834.936045 94107.647691 94997.153167 95354.200881 35.149354 -282.712881  -298.573433   15.860552 93619.970246 94073.203000 94526.435754 226.644074 45.770121 36.798647 28.916882 -107.720709 -2747.980550  0.017878
2025-02-18 19:05:00 93734.160000 93734.160000 93388.090000 93593.790000 326.329150 2025-02-18 19:09:59.999     30521184.847427   39703         121.859170     11396538.538825      0 93754.554030 94058.708863 94953.192833 95321.100183 32.524024 -290.016034  -296.861953    6.845919 93578.111959 94026.413500 94474.715041 235.174497 46.470840 27.461699 31.890004 -170.725032 -3074.309700  0.046432
2025-02-18 19:10:00 93593.800000 93675.860000 93436.000000 93512.710000 120.633760 2025-02-18 19:14:59.999     11283685.534551   23590          64.262530      6010232.757757      0 93673.939353 94006.708971 94907.044833 95308.965125 31.079911 -298.900771  -297.269717   -1.631054 93507.687497 93985.390000 94463.092503 235.509176 47.121507 17.446832 27.235726 -158.953577 -3194.943460  0.097795
2025-02-18 19:15:00 93512.710000 93644.880000 93422.190000 93510.360000 133.573340 2025-02-18 19:19:59.999     12492339.402014   24974          67.044490      6270736.752230      0 93619.412902 93959.437641 94859.467667 95295.602298 31.036897 -302.642935  -298.344360   -4.298575 93456.738630 93942.213000 94427.687370 234.593521 47.756345 16.638146 20.515559 -143.141312 -3328.516800  0.021442
2025-02-18 19:20:00 93510.350000 93764.400000 93457.900000 93762.900000  78.904640 2025-02-18 19:24:59.999      7386073.147392   17066          50.723250      4748078.583900      0 93667.241935 93940.719770 94811.349333 95288.401330 40.557764 -281.980266  -295.071541   13.091275 93448.796641 93917.415000 94386.033359 239.729698 47.425490 25.293033 19.792670  -86.288544 -3249.612160  0.079397
2025-02-18 19:25:00 93762.910000 93876.380000 93666.230000 93679.630000  88.602960 2025-02-18 19:29:59.999      8305946.187184   20082          49.577640      4647317.643015      0 93671.371290 93915.854078 94764.202333 95280.779673 38.662404 -269.220737  -289.901381   20.680644 93425.571742 93895.363000 94365.154258 237.616862 46.331877 33.194850 25.042009  -52.982062 -3338.215120  0.083443
2025-02-18 19:30:00 93679.620000 93871.030000 93601.410000 93834.990000 135.923980 2025-02-18 19:34:59.999     12739032.810709   20004          60.204060      5643768.517801      0 93725.910860 93908.152737 94722.752000 95269.445188 43.927463 -243.762522  -280.673609   36.911087 93437.234741 93873.165500 94309.096259 239.902800 45.538256 46.859281 35.115721  -37.430354 -3202.291140  0.090291
2025-02-18 19:35:00 93834.990000 93977.980000 93797.590000 93919.050000  91.062550 2025-02-18 19:39:59.999      8550175.349766   17145          46.794270      4393430.670692      0 93790.290573 93909.190572 94686.469000 95262.591331 46.598411 -214.333065  -267.405500   53.072435 93440.177821 93864.010000 94287.842179 235.651886 44.075067 57.840033 45.964721   17.938996 -3111.228590  0.125799
2025-02-18 19:40:00 93919.050000 94037.900000 93900.000000 94021.770000  83.108200 2025-02-18 19:44:59.999      7809253.621406   10908          61.824170      5809647.452731      0 93867.450382 93919.912422 94654.476500 95256.796884 49.748444 -180.639068  -250.052214   69.413145 93467.015775 93850.431000 94233.846225 228.669609 42.328735 77.723019 60.807444   59.712902 -3028.120390 -0.019363
2025-02-18 19:45:00 94021.760000 94391.810000 93951.630000 94366.450000 130.722580 2025-02-18 19:49:59.999     12317889.014075   27716          79.886780      7527366.208768      0 94033.783588 93962.439810 94632.673667 95249.561918 58.577981 -124.686232  -224.979017  100.292785 93428.027847 93867.898500 94307.769153 243.777494 39.751855 91.403092 75.655381  158.591842 -2897.397810  0.063123
2025-02-18 19:50:00 94366.440000 94403.880000 94212.000000 94259.510000  85.921140 2025-02-18 19:54:59.999      8100825.810172   18969          42.720750      4027541.977398      0 94109.025725 93990.732209 94608.673167 95245.118122 55.329686  -87.958441  -197.574902  109.616461 93412.477538 93878.312500 94344.147462 240.070530 37.411823 93.241521 87.455877  163.771330 -2983.318950  0.040899
2025-02-18 19:55:00 94259.510000 94259.520000 94080.320000 94104.140000  63.742110 2025-02-18 19:59:59.999      6000694.271576   15114          26.465530      2491227.443007      0 94107.397150 94001.532951 94584.795000 95241.354682 50.912393  -70.574919  -172.174905  101.599987 93410.575836 93881.119000 94351.662164 235.722635 34.887949 84.584249 89.742954  101.654158 -3047.061060  0.004022
2025-02-18 20:00:00 94104.150000 94111.320000 93957.610000 94007.660000  58.816220 2025-02-18 20:04:59.999      5530715.559243   14238          22.618450      2127040.387088      0 94074.151434 94002.116480 94558.869667 95237.518508 48.331991  -63.847487  -150.509422   86.661934 93418.133000 93872.502500 94326.872000 229.864590 33.092696 72.424418 83.416730   58.836200 -3105.877280 -0.037899
2025-02-18 20:05:00 94007.650000 94282.430000 93978.190000 94249.240000  60.500900 2025-02-18 20:09:59.999      5694833.779788   12860          36.084480      3396641.011530      0 94132.514289 94025.652053 94535.246500 95234.064851 54.544396  -38.577762  -128.123090   89.545328 93404.815420 93882.487500 94360.159580 235.177119 30.857916 72.087407 76.365358  108.705176 -3045.376380  0.002299
2025-02-18 20:10:00 94249.250000 94458.400000 94195.760000 94444.000000  77.956510 2025-02-18 20:14:59.999      7351142.521497   11839          49.760450      4692612.796303      0 94236.342859 94065.494715 94516.346333 95230.461603 58.841009   -2.803502  -103.059172  100.255671 93370.417812 93906.840000 94443.262188 237.138753 29.515472 81.474961 75.328929  154.699961 -2967.419870  0.045600
2025-02-18 20:15:00 94444.000000 94452.900000 94272.010000 94386.000000  82.220530 2025-02-18 20:19:59.999      7757205.105506   15201          30.995740      2924190.618677      0 94286.228573 94096.019028 94500.120000 95226.712065 57.109750   20.629933   -78.321351   98.951284 93356.384629 93931.795000 94507.205371 233.120985 28.268917 92.147992 81.903453  131.908066 -3049.640400  0.041585
2025-02-18 20:20:00 94386.000000 94401.840000 94204.000000 94271.370000 103.429900 2025-02-18 20:24:59.999      9753973.479639   20940          48.410610      4564920.227475      0 94281.275715 94112.719120 94478.277833 95221.616638 53.744110   29.610090   -56.735063   86.345153 93372.320729 93958.545000 94544.769271 230.600915 26.753355 91.206055 88.276336   96.699512 -3153.070300  0.069749
2025-02-18 20:25:00 94271.380000 94276.000000 94103.550000 94225.490000  97.411320 2025-02-18 20:29:59.999      9173188.738148   11726          72.352530      6813136.311950      0 94262.680477 94123.459204 94458.644167 95216.404670 52.412724   32.648445   -38.858361   71.506806 93413.499191 93988.899500 94564.299809 226.447278 24.846654 83.894736 89.082928   64.657221 -3250.481620  0.165049
2025-02-18 20:30:00 94225.480000 94318.860000 94138.850000 94201.510000 144.534940 2025-02-18 20:34:59.999     13614774.592830   15761          96.476110      9086192.305334      0 94242.290318 94130.892613 94438.419333 95208.904682 51.691938   32.743926   -24.537904   57.281830 93417.747379 94000.437500 94583.127621 223.130330 23.279318 76.231788 83.777526   63.258528 -3395.016560  0.082170
2025-02-18 20:35:00 94201.510000 94217.700000 93785.330000 93796.670000  79.117740 2025-02-18 20:39:59.999      7437144.521197   20634          22.816120      2145264.369976      0 94093.750212 94099.061888 94407.545000 95203.671497 41.352625    0.150654   -19.600192   19.750846 93405.425134 93994.069500 94582.713866 238.076020 22.940044 56.509730 72.212085  -14.720460 -3474.134300  0.069066
2025-02-18 20:40:00 93796.660000 93962.320000 93730.720000 93849.830000 101.264340 2025-02-18 20:44:59.999      9505293.305955   17940          49.200510      4618007.074921      0 94012.443475 94075.325518 94379.512667 95196.588604 42.965833  -21.146418   -19.909437   -1.236981 93419.321203 93999.853500 94580.385797 237.613447 22.819891 36.392337 56.377952  -39.159503 -3372.869960  0.102828
2025-02-18 20:45:00 93849.840000 94028.310000 93849.840000 93939.570000  64.759990 2025-02-18 20:49:59.999      6084120.711428   21635          38.871090      3651916.240911      0 93988.152316 94062.396421 94354.228000 95192.402662 45.682087  -30.432427   -22.014035   -8.418392 93466.169345 94017.142500 94568.115655 233.389630 22.346615 22.617886 38.506651  -20.560038 -3308.109970  0.084579
2025-02-18 20:50:00 93939.580000 94115.390000 93939.580000 94019.630000  63.807230 2025-02-18 20:54:59.999      5999198.163733   20395          32.971480      3099854.081966      0 93998.644878 94058.323428 94329.555333 95188.585429 48.058721  -30.974429   -23.806114   -7.168315 93542.375966 94042.488500 94542.601034 229.277513 21.442183 28.257384 29.089202   -2.526283 -3244.302740  0.107905
2025-02-18 20:55:00 94019.620000 94329.650000 93990.900000 94196.020000 152.319280 2025-02-18 20:59:59.999     14340731.577205   34466          77.080070      7256224.065376      0 94064.436585 94071.437388 94307.047667 95180.714070 52.943876  -16.975093   -22.439910    5.464817 93636.892555 94076.771500 94516.650445 237.096977 20.231529 44.115545 31.663605   39.323765 -3091.983460  0.139315
2025-02-18 21:00:00 94196.770000 94923.850000 94118.800000 94889.970000 237.152350 2025-02-18 21:04:59.999     22426337.200213   41326         150.913300     14271095.426300      0 94339.614390 94149.392875 94297.680167 95174.322169 66.351908   49.544331    -8.043062   57.587393 93591.510825 94133.125000 94674.739175 277.665050 21.007398 66.935414 46.436115  190.072665 -2854.831110  0.197752
2025-02-18 21:05:00 94889.970000 95177.000000 94679.230000 95022.640000 225.274080 2025-02-18 21:09:59.999     21388864.832946   39401         134.287180     12751582.327413      0 94567.289593 94232.559267 94290.357000 95171.919575 68.216484  111.679443    15.901439   95.778004 93573.837155 94200.275500 94826.713845 293.386832 22.285535 83.476818 64.842592  260.445768 -2629.557030  0.261255
2025-02-18 21:10:00 95022.650000 95181.680000 94864.670000 95159.770000 233.256930 2025-02-18 21:14:59.999     22166921.072810   31072         139.842140     13289725.302867      0 94764.783062 94320.865051 94286.310167 95170.737338 70.063077  170.027244    46.726600  123.300644 93536.916104 94266.514500 94996.112896 295.074201 23.482199 94.992492 81.801575  238.769927 -2396.300100  0.295238
2025-02-18 21:15:00 95160.040000 95216.990000 94905.660000 95139.810000 199.023030 2025-02-18 21:19:59.999     18924798.168990   30253          95.825270      9114569.471982      0 94889.792041 94398.859808 94278.140333 95169.931582 69.430761  212.211450    79.823570  132.387880 93523.939434 94327.552500 95131.165566 296.235330 24.671591 94.208067 90.892459  194.570495 -2595.323130  0.310980
2025-02-18 21:20:00 95139.820000 95336.130000 95035.150000 95284.970000 109.687000 2025-02-18 21:24:59.999     10438954.990891   22372          60.873510      5794883.977290      0 95021.518028 94483.251255 94278.448333 95170.190606 71.448846  254.423104   114.743477  139.679627 93499.384118 94390.712500 95282.040882 296.574235 26.037992 96.703458 95.301339  179.344868 -2485.636130  0.311177
2025-02-18 21:25:00 95284.970000 95351.400000 95122.110000 95159.100000  93.172380 2025-02-18 21:29:59.999      8873457.128313   15857          55.181050      5256083.688370      0 95067.378685 94547.617802 94276.653667 95170.373126 67.299977  274.554593   146.705700  127.848893 93478.426159 94430.345000 95382.263841 291.768218 27.340451 93.251673 94.721066  143.134030 -2578.808510  0.239570
2025-02-18 21:30:00 95159.110000 95234.660000 95003.720000 95040.140000  80.560010 2025-02-18 21:34:59.999      7661480.082752   18378          23.658430      2250166.794720      0 95058.299123 94594.524678 94275.272667 95170.073504 63.544412  277.708613   172.906283  104.802331 93485.207451 94469.376500 95453.545549 287.423345 27.875618 88.580789 92.845307  103.700391 -2659.368520  0.235062
2025-02-18 21:35:00 95040.150000 95118.000000 94997.830000 95027.650000  45.166400 2025-02-18 21:39:59.999      4292631.543827   11876          18.947100      1800774.255436      0 95048.082749 94635.774709 94278.817167 95169.809214 63.145982  276.018588   193.528744   82.489844 93517.697136 94515.552000 95513.406864 275.476678 28.338916 82.984303 88.272255   84.330029 -2704.534920  0.247365
2025-02-18 21:40:00 95027.640000 95027.640000 94795.170000 94908.400000  91.534550 2025-02-18 21:44:59.999      8684748.978868   13672          30.277430      2872897.746315      0 95001.521833 94661.739022 94282.762833 95168.677612 59.321541  262.036163   207.230228   54.805935 93577.290440 94560.589000 95543.887560 272.405486 27.669209 77.828031 83.131041   56.408722 -2796.069470  0.251658
2025-02-18 21:45:00 94908.400000 94976.920000 94705.880000 94820.330000  92.974440 2025-02-18 21:49:59.999      8814614.244391   20559          35.695550      3384144.725235      0 94941.124555 94676.842925 94284.326500 95167.202891 56.595344  241.069577   213.998097   27.071479 93610.511773 94589.143500 95567.775227 272.307952 26.609094 73.307089 78.039808   40.156611 -2889.043910  0.222210
2025-02-18 21:50:00 94820.340000 94915.090000 94726.000000 94858.970000  59.225940 2025-02-18 21:54:59.999      5616764.241412   10741          40.410370      3832607.277099      0 94913.739703 94694.188361 94284.503500 95166.267372 57.517800  224.977926   216.194063    8.783863 93626.863009 94609.892000 95592.920991 266.363812 25.624701 69.034297 73.389806   36.387021 -2829.817970  0.204732
2025-02-18 21:55:00 94858.960000 95077.500000 94854.680000 95065.460000 135.541150 2025-02-18 21:59:59.999     12870555.728054   13723         103.362220      9814278.714120      0 94964.313136 94729.547564 94291.594833 95165.202881 62.147477  226.278793   218.211009    8.067784 93647.264652 94643.865000 95640.465348 263.253540 25.321580 71.394602 71.245329   56.606021 -2694.276820  0.241496
2025-02-18 22:00:00 95065.460000 95094.730000 94953.660000 95056.010000 157.927940 2025-02-18 22:04:59.999     15007508.997632   16732          89.647160      8518434.442775      0 94994.878757 94760.639225 94297.047833 95164.241828 61.815462  223.965469   219.361901    4.603568 93686.463743 94683.097000 95679.730257 254.526144 25.102366 75.080093 71.836331   57.086992 -2852.204760  0.278457
2025-02-18 22:05:00 95056.020000 95071.250000 94855.670000 94934.270000 110.071550 2025-02-18 22:09:59.999     10454291.150362   11219           9.021840       856754.071316      0 94974.675838 94777.175489 94298.960833 95163.166037 57.549998  209.889270   217.467375   -7.578105 93739.255192 94718.536000 95697.816808 251.744277 24.343600 74.731122 73.735272   40.685525 -2962.276310  0.248703
2025-02-18 22:10:00 94934.270000 95018.870000 94866.500000 95018.860000 104.234500 2025-02-18 22:14:59.999      9897240.043697    8846          67.956350      6452371.650444      0 94989.403892 94800.193062 94303.039000 95162.226477 59.634260  203.216928   214.617285  -11.400357 93801.861849 94759.403500 95716.945151 244.646114 23.639031 64.991351 71.600855   39.418537 -2858.041810  0.313626
2025-02-18 22:15:00 95018.860000 95140.000000 94997.110000 95079.690000 149.616960 2025-02-18 22:19:59.999     14224033.601926   12855         121.854250     11584420.252652      0 95019.499261 94826.811818 94310.729667 95161.608863 61.112905  200.525983   211.799025  -11.273042 93965.900642 94823.554500 95681.208358 237.377820 23.495086 58.198092 65.973522   54.941395 -2708.424850  0.344016
2025-02-18 22:20:00 95079.690000 95261.000000 95079.680000 95171.940000  32.444140 2025-02-18 22:24:59.999      3088273.731167    6606          21.015430      2000247.769145      0 95070.312841 94859.681168 94320.905500 95161.622635 63.308010  203.491471   210.137514   -6.646043 94146.197154 94889.660000 95633.122846 233.373690 23.823041 60.211636 61.133693   75.523500 -2675.980710  0.352776
2025-02-18 22:25:00 95171.940000 95430.770000 95171.940000 95399.950000  83.915180 2025-02-18 22:29:59.999      7998319.977684   13175          55.374500      5276829.740940      0 95180.191894 94911.135343 94335.411667 95162.283709 68.100929  221.684700   212.446951    9.237748 94327.891728 94962.679000 95597.466272 235.191998 24.696652 75.285277 64.565001  123.464580 -2592.065530  0.375900
2025-02-18 22:30:00 95399.940000 95534.250000 95270.040000 95337.090000 100.491790 2025-02-18 22:34:59.999      9594405.569313   14583          50.875880      4857205.019640      0 95232.491263 94951.702453 94352.143500 95163.279861 65.558420  228.397859   215.637133   12.760726 94542.994271 95028.552000 95514.109729 237.264713 25.817513 81.382173 72.293028  147.383329 -2692.557320  0.352811
2025-02-18 22:35:00 95337.100000 95390.710000 95215.270000 95288.010000  49.960480 2025-02-18 22:39:59.999      4761484.120833   11154          15.314840      1459140.041362      0 95250.997508 94983.731743 94367.378667 95163.584967 63.563025  227.139419   217.937590    9.201829 94769.011927 95083.151500 95397.291073 232.848662 26.485240 80.740505 79.135985  117.378436 -2742.517800  0.350902
2025-02-18 22:40:00 95288.010000 95326.000000 95264.010000 95272.210000  23.701760 2025-02-18 22:44:59.999      2258570.091877    4951          12.678210      1208083.231019      0 95258.068339 95011.205863 94384.267833 95163.717863 62.899308  222.304579   218.810988    3.493592 94790.963962 95102.263500 95413.563038 220.644472 27.105272 71.613329 77.912002  103.119294 -2766.219560  0.277560
2025-02-18 22:45:00 95272.210000 95305.770000 95182.000000 95259.990000 120.754540 2025-02-18 22:49:59.999     11501686.282196    8513         109.584850     10437745.702639      0 95258.708893 95034.899590 94403.256500 95164.183040 62.356979  215.008399   218.050470   -3.042071 94797.821655 95114.131000 95430.440345 213.724866 27.095105 68.510851 73.621562   73.561418 -2886.974100  0.265443
2025-02-18 22:50:00 95260.000000 95360.000000 95259.990000 95299.990000  58.449490 2025-02-18 22:54:59.999      5571098.768773    5157          41.981160      4001196.836028      0 95272.469262 95060.146296 94420.274000 95164.557109 63.467358  210.032664   216.446909   -6.414245 94795.032946 95121.142000 95447.251054 205.602376 27.301782 68.992922 69.705700   89.841298 -2828.524610  0.177841
2025-02-18 22:55:00 95300.000000 95330.010000 95235.560000 95304.430000  49.078490 2025-02-18 22:59:59.999      4676416.312249    6542          32.044490      3053283.785833      0 95283.122841 95083.411411 94440.311833 95164.833044 63.595723  204.094949   213.976517   -9.881568 94793.627089 95129.373000 95465.118911 197.662921 27.310768 70.059234 69.187669   73.490236 -2779.446120  0.148568
2025-02-18 23:00:00 95304.420000 95433.840000 95257.150000 95432.460000  92.410990 2025-02-18 23:04:59.999      8808984.925831   16277          56.998110      5432765.116098      0 95332.901894 95116.654133 94459.297000 95165.697801 67.177147  207.330244   212.647262   -5.317018 94781.729128 95136.747500 95491.765872 196.164855 27.747892 76.102502 71.718219  102.272376 -2687.035130  0.160777
2025-02-18 23:05:00 95432.460000 95480.010000 95336.020000 95470.860000 218.238710 2025-02-18 23:09:59.999     20822168.891799   12703         163.325050     15582118.475608      0 95378.887929 95150.388026 94483.526333 95168.237549 68.188024  210.565530   212.230916   -1.665386 94768.548571 95152.335500 95536.122429 192.438079 28.334965 82.415191 76.192309  112.883392 -2468.796420  0.286567
2025-02-18 23:10:00 95470.860000 95547.160000 95434.500000 95442.930000  61.268070 2025-02-18 23:14:59.999      5849973.621675    8507          26.625460      2542245.136244      0 95400.235286 95178.249166 94506.721333 95169.065746 66.581816  208.472656   211.479264   -3.006608 94772.423158 95172.475000 95572.526842 186.739645 29.137686 86.868866 81.795519  115.185767 -2530.064490  0.291238
2025-02-18 23:15:00 95442.930000 95507.220000 95436.470000 95485.100000  47.944290 2025-02-18 23:19:59.999      4577651.963510    4117          25.153090      2401249.238068      0 95428.523524 95207.473055 94530.672833 95169.713675 67.814553  207.821173   210.747646   -2.926473 94779.053262 95195.347500 95611.641738 178.454671 29.883070 88.822522 86.035526  103.799332 -2482.120200  0.312929
2025-02-18 23:20:00 95485.100000 95555.000000 95485.100000 95554.990000  22.903150 2025-02-18 23:24:59.999      2187751.992560    3651          12.685640      1211813.654806      0 95470.679016 95240.569907 94553.589500 95170.078026 69.802715  210.517689   210.701654   -0.183965 94805.159688 95227.677000 95650.194312 170.700765 30.766895 91.935780 89.209056  113.965527 -2459.217050  0.339318
2025-02-18 23:25:00 95554.990000 95605.000000 95515.790000 95581.180000  60.485460 2025-02-18 23:29:59.999      5780886.897793    9249          37.542760      3588317.882888      0 95507.512677 95273.008963 94579.116833 95171.131182 70.537181  212.320513   211.025426    1.295087 94860.086033 95265.719500 95671.352967 164.879997 31.784176 95.448736 92.069012  121.583926 -2398.731590  0.370183
2025-02-18 23:30:00 95581.180000 95584.910000 95530.870000 95541.690000  43.108610 2025-02-18 23:34:59.999      4119355.156396    7480          24.054610      2298523.812934      0 95518.905118 95298.597633 94605.529167 95171.850401 67.857175  208.163176   210.452976   -2.289800 94922.999618 95299.855500 95676.711382 156.962854 32.728794 93.614869 93.666461  112.874351 -2441.840200  0.344669
2025-02-18 23:35:00 95541.680000 95549.610000 95384.610000 95447.850000  27.478740 2025-02-18 23:39:59.999      2623146.903795    7627           6.823320       651267.943659      0 95495.220079 95312.812145 94631.545000 95172.197214 61.844037  195.047960   207.371973  -12.324012 94952.982706 95318.975000 95684.967294 157.536936 32.164230 81.231700 90.098435   67.816646 -2469.318940  0.288885
2025-02-18 23:40:00 95447.850000 95486.760000 95385.090000 95395.560000  21.927710 2025-02-18 23:44:59.999      2092409.679796    5853           6.895290       657915.593745      0 95462.000053 95320.692893 94659.198167 95172.436784 58.721430  178.378456   201.573270  -23.194813 94989.339818 95335.952500 95682.565182 153.546440 31.639992 66.238825 80.361798   44.867897 -2491.246650  0.255501
2025-02-18 23:45:00 95395.560000 95456.970000 95351.950000 95401.830000  94.994000 2025-02-18 23:49:59.999      9062642.584610    8012          71.078910      6780730.197216      0 95441.943368 95328.420236 94688.922000 95173.391363 58.988826  163.785671   194.015750  -30.230079 95065.132555 95359.330500 95653.528445 150.080266 30.838585 55.101655 67.524060   28.479034 -2396.252650  0.275251
2025-02-18 23:50:00 95401.830000 95556.510000 95386.020000 95547.240000  44.849220 2025-02-18 23:54:59.999      4281093.164494    6166          33.296280      3178036.931449      0 95477.042246 95349.260214 94715.196833 95174.020299 64.699902  162.085732   187.629746  -25.544014 95125.675394 95385.749500 95645.823606 151.538104 30.676753 62.933806 61.424762   76.365260 -2351.403430  0.241133
2025-02-18 23:55:00 95547.240000 95685.000000 95529.230000 95671.740000 321.021900 2025-02-18 23:59:59.999     30699744.521044    9079         298.703830     28565334.035185      0 95541.941497 95379.972574 94744.325333 95180.265892 68.716767  168.838365   183.871470  -15.033105 95166.842567 95415.352000 95663.861433 151.840382 31.162490 78.454694 65.496718  152.117576 -2030.381530  0.369173
2025-02-19 00:00:00 95671.740000 95676.550000 95576.920000 95611.000000 128.521480 2025-02-19 00:04:59.999     12288572.634258   11767          86.046680      8226902.382383      0 95564.960998 95401.975186 94775.606167 95621.490000 64.840213  167.359448   180.569066  -13.209617 95201.434381 95437.305000 95673.175619 148.111069 31.613532 88.976627 76.788376  135.375626 -2158.903010  0.323323
2025-02-19 00:05:00 95611.000000 95770.190000 95568.110000 95757.040000 310.614430 2025-02-19 00:09:59.999     29711120.986598   23699         205.921270     19696594.969149      0 95628.987332 95435.790883 94811.660333 95675.923834 69.321465  175.943438   179.643940   -3.700502 95182.163473 95455.159500 95728.155527 151.965993 32.458050 92.673858 86.701727  161.863575 -1848.288580  0.393369
2025-02-19 00:10:00 95757.030000 95849.060000 95584.000000 95584.000000 148.738950 2025-02-19 00:14:59.999     14242966.439261   19680          81.216550      7779082.099362      0 95613.991555 95449.906037 94846.181833 95675.020457 59.624472  166.859971   177.087146  -10.227175 95194.651415 95467.505000 95740.358585 160.044136 33.563769 76.435775 86.028753  127.513240 -1997.027530  0.332627
2025-02-19 00:15:00 95584.000000 95692.620000 95582.000000 95683.370000  35.132530 2025-02-19 00:19:59.999      3359921.560997    6606          22.410680      2143166.284170      0 95637.117703 95472.140700 94882.398667 95673.759698 62.839225  165.768709   174.823459   -9.054750 95212.024326 95487.273000 95762.521674 156.513841 34.567592 70.813869 79.974501  104.436714 -1961.895000  0.354744
2025-02-19 00:20:00 95683.370000 95690.020000 95492.160000 95532.690000  35.830010 2025-02-19 00:24:59.999      3424301.240695    9197           8.479590       810195.909969      0 95602.308469 95477.907300 94911.895167 95668.205145 55.608887  151.004572   170.059681  -19.055110 95242.915074 95500.297000 95757.678926 159.467138 34.498618 50.454304 65.901316   49.124001 -1997.725010  0.350617
2025-02-19 00:25:00 95532.700000 95566.520000 95426.920000 95464.960000  35.427430 2025-02-19 00:29:59.999      3383223.854169    9687          12.882370      1230174.116757      0 95556.525646 95476.674224 94941.650667 95658.914258 52.675006  132.313415   162.510428  -30.197013 95277.038372 95510.545500 95744.052628 158.048057 33.774980 41.920299 54.396158  -13.941422 -2033.152440  0.341131
2025-02-19 00:30:00 95464.960000 95509.440000 95420.000000 95509.440000  49.751900 2025-02-19 00:34:59.999      4749608.045094    8709          14.359570      1370754.772156      0 95540.830431 95479.794774 94969.558167 95646.925417 54.377350  119.709764   153.950295  -34.240531 95308.367097 95521.018000 95733.668903 153.147481 33.033442 30.257555 40.877386  -26.860249 -1983.400540  0.375955
2025-02-19 00:35:00 95509.430000 95634.710000 95509.430000 95559.860000  26.548370 2025-02-19 00:39:59.999      2537444.694632    9233          13.443900      1284791.115610      0 95547.173620 95487.420034 94996.905000 95644.206190 56.296443  112.493003   145.658837  -33.165834 95345.407894 95533.789500 95722.171106 151.156947 33.069798 32.079419 34.752425   33.805301 -1956.852170  0.365447
2025-02-19 00:40:00 95559.860000 95560.870000 95456.810000 95499.990000  23.505220 2025-02-19 00:44:59.999      2244743.642784    7294           9.156910       874407.322418      0 95531.445747 95488.617173 95021.542000 95640.111902 53.422797  100.780919   136.683253  -35.902334 95353.816677 95537.166000 95720.515323 147.792879 32.564222 34.428329 32.255101  -27.015412 -1980.357390  0.325758
2025-02-19 00:45:00 95499.990000 95578.260000 95486.040000 95562.030000  18.135250 2025-02-19 00:49:59.999      1732839.956044    4682           5.581230       533294.583360      0 95541.640498 95495.608871 95041.468333 95637.923677 55.933023   95.405344   128.427671  -33.022327 95360.676989 95541.724500 95722.772011 143.823388 32.199038 37.954712 34.820820    1.457443 -1962.222140  0.252876
2025-02-19 00:50:00 95562.040000 95586.750000 95439.050000 95443.740000  17.647820 2025-02-19 00:54:59.999      1685770.654818    5042           6.181240       590532.382477      0 95509.006999 95490.668979 95061.205500 95634.774643 50.360054   80.670232   118.876184  -38.205952 95360.805567 95541.765000 95722.724433 144.100289 31.365725 30.168373 34.183805  -51.978187 -1979.869960  0.283645
2025-02-19 00:55:00 95443.740000 95443.760000 95279.940000 95330.150000  74.264730 2025-02-19 00:59:59.999      7079846.471348   10549          18.222060      1736888.677542      0 95449.387999 95475.381457 95081.639000 95611.488520 45.655798   59.144999   106.929947  -47.784948 95331.977359 95534.017500 95736.057641 145.508840 29.169248 23.182461 30.435182 -169.381213 -2054.134690  0.248489
2025-02-19 01:00:00 95330.150000 95373.460000 95238.670000 95264.170000  26.507480 2025-02-19 01:04:59.999      2526341.664476    9653          10.550430      1005432.846994      0 95387.648666 95455.266080 95102.580833 95602.391215 43.135255   36.343121    92.812582  -56.469460 95286.131216 95519.476500 95752.821784 144.743208 27.358895 10.488258 21.279698 -182.632888 -2080.642170  0.222416
2025-02-19 01:05:00 95264.170000 95313.150000 95245.160000 95305.660000  24.040880 2025-02-19 01:09:59.999      2290830.708185    9316           8.956650       853389.496863      0 95360.319111 95441.017882 95120.187833 95594.473809 45.184607   21.373979    78.524861  -57.150882 95256.556077 95505.700500 95754.844923 139.260836 25.677853  7.991667 13.887462 -159.429051 -2056.601290  0.221530
2025-02-19 01:10:00 95305.660000 95358.840000 95215.010000 95215.010000  42.942710 2025-02-19 01:14:59.999      4092457.088288    7572          20.946420      1996445.735610      0 95311.882740 95419.493322 95133.038000 95580.203304 41.652577    2.171102    63.254109  -61.083007 95210.714585 95489.366500 95768.018415 139.587205 23.968161  5.050869  7.843598 -152.897805 -2099.544000  0.210217
2025-02-19 01:15:00 95215.010000 95217.310000 95055.000000 95107.250000  83.902710 2025-02-19 01:19:59.999      7981297.145918   17992          41.915830      3986856.003896      0 95243.671827 95389.755862 95145.058833 95545.006965 37.863535  -21.494869    46.304314  -67.799182 95147.768039 95472.336500 95796.904961 141.210262 23.354032  5.851686  6.298074 -195.403578 -2183.446710  0.187631
2025-02-19 01:20:00 95107.250000 95175.200000 95057.430000 95064.330000  32.929060 2025-02-19 01:24:59.999      3132008.780149   10438          11.290400      1073945.484944      0 95183.891218 95358.762923 95158.274833 95531.828134 36.441625  -43.215446    28.400362  -71.615807 95086.502082 95455.775000 95825.047918 139.535957 22.783770  2.681120  4.527892 -171.626298 -2216.375770  0.178920
2025-02-19 01:25:00 95064.330000 95200.000000 95058.030000 95199.990000  26.160720 2025-02-19 01:29:59.999      2488286.290779    5730          15.723090      1495618.957160      0 95189.257479 95343.641692 95174.516500 95523.131880 43.645355  -48.918627    12.936564  -61.855191 95060.380165 95445.683000 95830.985835 139.709818 22.012406 10.291904  6.274904 -125.748840 -2190.215050  0.207617
2025-02-19 01:30:00 95199.990000 95256.220000 95145.440000 95198.960000  49.248220 2025-02-19 01:34:59.999      4688671.951563   13731          20.544380      1955780.913958      0 95192.491652 95329.862484 95191.140667 95509.765915 43.604945  -52.911620    -0.233073  -52.678547 95031.586548 95428.269000 95824.951452 137.643402 20.761384 16.376237  9.783087  -91.703325 -2239.463270  0.179455
2025-02-19 01:35:00 95198.960000 95250.440000 95172.010000 95188.330000  27.294630 2025-02-19 01:39:59.999      2598757.717643   10378          10.374660       987829.012115      0 95191.104435 95316.383199 95214.335000 95502.899954 43.160802  -56.285029   -11.443464  -44.841565 95010.806453 95404.098500 95797.390547 133.413873 19.599721 23.554963 16.741035  -80.193379 -2266.757900 -0.009177
2025-02-19 01:40:00 95188.330000 95327.080000 95186.010000 95326.060000  47.438250 2025-02-19 01:44:59.999      4518587.494693    9491          27.257150      2596660.905583      0 95236.089623 95317.304800 95238.938833 95494.527687 50.233770  -47.299580   -18.614687  -28.684893 95007.068165 95389.851500 95772.634835 133.960739 18.591964 31.530133 23.820444  -45.511749 -2219.319650  0.067055
2025-02-19 01:45:00 95326.050000 95450.010000 95304.410000 95333.850000  54.573510 2025-02-19 01:49:59.999      5205806.184829   12270          42.007110      4007232.077110      0 95268.676416 95318.880533 95262.176833 95489.076318 50.608141  -39.099247   -22.711599  -16.387648 95024.607797 95368.692000 95712.776203 134.792115 18.612904 40.732450 31.939182   -7.118731 -2164.746140 -0.257397
2025-02-19 01:50:00 95333.840000 95396.230000 95308.670000 95308.670000  22.334770 2025-02-19 01:54:59.999      2129937.397621    8504           5.244490       500085.821258      0 95282.007610 95317.908101 95283.660833 95486.558630 49.316728  -34.237571   -25.016794   -9.220777 95024.645477 95354.925500 95685.205523 131.418393 18.632349 48.967556 40.410046  -11.837338 -2187.080910 -0.132840
2025-02-19 01:55:00 95308.670000 95480.000000 95308.670000 95479.990000  51.607090 2025-02-19 01:59:59.999      4924244.253307    8179          38.159920      3641687.985712      0 95348.001740 95333.344472 95305.060333 95484.199913 57.300445  -16.371840   -23.287803    6.915963 95044.382853 95344.756500 95645.130147 134.269222 19.233990 60.022567 49.907524   37.699733 -2135.473820 -0.100983
2025-02-19 02:00:00 95480.000000 95538.360000 95458.030000 95524.900000  28.389470 2025-02-19 02:04:59.999      2711018.503965   16386          14.985590      1431026.259382      0 95406.967827 95351.587856 95315.642500 95484.657199 59.118420    1.394665   -18.351310   19.745974 95044.950473 95344.367000 95643.783527 130.416420 20.158731 74.947657 61.312593   85.824606 -2107.084350 -0.049484
2025-02-19 02:05:00 95524.900000 95629.100000 95512.420000 95629.100000  31.836080 2025-02-19 02:09:59.999      3042112.770652   15346          13.037510      1246058.165630      0 95481.011885 95378.017584 95325.750167 95486.969334 63.049355   23.610648    -9.958918   33.569566 95032.126065 95352.574000 95673.021935 129.435247 21.527332 92.379407 75.783210  122.491436 -2075.248270  0.013460
2025-02-19 02:10:00 95629.090000 95727.270000 95584.900000 95609.560000  32.362360 2025-02-19 02:14:59.999      3095907.770799   14887          18.200710      1741176.332478      0 95523.861256 95400.069243 95333.246667 95490.315328 61.848369   39.188519    -0.129431   39.317950 95024.603107 95357.580000 95690.556893 130.359158 23.271673 93.235331 86.854132  135.089635 -2107.610630 -0.081824
2025-02-19 02:15:00 95609.650000 95624.050000 95480.160000 95504.810000  32.870270 2025-02-19 02:19:59.999      3140466.980907   12249           9.126140       871769.456860      0 95517.510838 95410.044553 95339.330000 95491.311566 55.720792   42.590686     8.414593   34.176093 95027.726290 95354.827500 95681.928710 131.325647 23.728822 83.133265 89.582668   86.552192 -2140.480900 -0.103103
2025-02-19 02:20:00 95504.810000 95678.140000 95504.810000 95645.920000  35.696670 2025-02-19 02:24:59.999      3413138.245586   10096          21.075620      2014939.888332      0 95560.313892 95432.508881 95345.345833 95494.028843 61.285279   56.027476    17.937169   38.090306 95016.414896 95362.124000 95707.833104 134.325958 24.446687 79.099667 85.156088  114.911315 -2104.784230 -0.066689
2025-02-19 02:25:00 95645.930000 95674.570000 95533.260000 95542.670000  18.692870 2025-02-19 02:29:59.999      1787371.735571    5049           3.471380       331964.397928      0 95554.432594 95443.000416 95351.738667 95495.092117 55.763347   57.679918    25.885719   31.794199 95017.589520 95361.156000 95704.722480 134.824818 25.113276 75.749839 79.327590   99.933413 -2123.477100 -0.103388
2025-02-19 02:30:00 95542.670000 95636.890000 95533.110000 95571.220000  28.285470 2025-02-19 02:34:59.999      2703763.186200    5298           7.132910       681728.593509      0 95560.028396 95455.211805 95360.590000 95496.599184 56.919243   60.594738    32.827523   27.767215 95013.500668 95367.530000 95721.559332 132.607331 25.730458 79.007631 77.952379   92.924892 -2095.191630 -0.090275
2025-02-19 02:35:00 95571.220000 95642.030000 95562.760000 95642.030000  32.645400 2025-02-19 02:39:59.999      3120707.743558    5094           7.732430       739203.172774      0 95587.362264 95473.004014 95370.829667 95498.976993 59.729808   67.836552    39.829329   28.007223 95010.089586 95383.124000 95756.158414 128.797522 26.336121 78.157786 77.638419   94.778791 -2062.546230 -0.011304
2025-02-19 02:40:00 95642.030000 95721.120000 95633.840000 95721.110000  39.993380 2025-02-19 02:44:59.999      3826229.375730    5207          23.248450      2224425.845391      0 95631.944843 95496.633156 95384.374833 95503.589403 62.659657   79.045648    47.672593   31.373055 95009.633229 95405.971000 95802.308771 125.831984 27.379591 86.974263 81.379893  110.609419 -2022.552850  0.064868
2025-02-19 02:45:00 95721.120000 95867.900000 95721.110000 95843.380000  37.190390 2025-02-19 02:49:59.999      3562306.828041    9201          23.130980      2215719.653890      0 95702.423229 95529.656665 95401.425667 95510.266641 66.694407   96.680630    57.474200   39.206430 94996.456877 95432.857000 95869.257123 127.328986 29.064987 93.548131 86.226727  136.301814 -1985.362460  0.071701
2025-02-19 02:50:00 95843.390000 95961.540000 95818.180000 95823.090000  58.220630 2025-02-19 02:54:59.999      5582819.883361   15589          28.980920      2779003.842714      0 95742.645486 95557.602697 95417.494333 95522.025296 65.430927  107.776862    67.534733   40.242130 95007.506295 95463.261000 95919.015705 128.474058 30.995926 91.408610 90.643668  138.082354 -2043.583090  0.055651
2025-02-19 02:55:00 95823.090000 95875.190000 95783.340000 95831.760000  23.259430 2025-02-19 02:59:59.999      2229013.006886    6081           9.249980       886433.470727      0 95772.350324 95583.712916 95430.266000 95526.022731 65.729685  115.933889    77.214564   38.719325 95047.521082 95499.486500 95951.451918 125.858054 32.340851 85.152279 90.036340  116.547555 -2020.323660  0.104204
2025-02-19 03:00:00 95831.760000 95837.820000 95750.000000 95770.230000  37.399000 2025-02-19 03:04:59.999      3582304.669816    7208           9.314870       892093.247968      0 95771.643549 95601.476448 95442.169667 95531.336302 61.657132  116.095162    84.990684   31.104479 95115.165051 95534.781500 95954.397949 123.141050 33.164114 76.583267 84.381386   95.865987 -2057.722660  0.115994
2025-02-19 03:05:00 95770.240000 95800.000000 95670.110000 95699.050000  36.287040 2025-02-19 03:09:59.999      3474358.124863    7543          14.108930      1351046.821016      0 95747.445699 95610.769167 95454.916000 95535.064061 57.238865  109.220317    89.836610   19.383707 95164.048875 95559.734500 95955.420125 123.623118 32.972131 66.228887 75.988145   67.448630 -2094.009700  0.050604
2025-02-19 03:10:00 95699.050000 95738.120000 95642.780000 95660.000000  23.973870 2025-02-19 03:14:59.999      2294149.124043    5082           5.019530       480278.292925      0 95718.297133 95615.457818 95465.601667 95536.906124 54.913991   99.474267    91.764142    7.710126 95221.648686 95582.786500 95943.924314 121.602895 32.484890 51.974767 64.928974   45.253360 -2117.983570  0.032938
2025-02-19 03:15:00 95660.000000 95660.000000 95565.570000 95567.740000  26.189620 2025-02-19 03:19:59.999      2504232.462588    5482           4.402710       420986.783006      0 95668.111422 95610.913264 95473.735833 95537.737897 49.770505   83.345091    90.080332   -6.735241 95288.855906 95601.757000 95914.658094 119.661974 31.206864 34.473584 50.892413   -2.681506 -2144.173190  0.020047
2025-02-19 03:20:00 95567.750000 95744.800000 95567.740000 95709.970000  42.207630 2025-02-19 03:24:59.999      4039313.467284    4973          19.912240      1905552.914552      0 95682.064281 95620.347239 95482.703000 95540.677998 56.530167   81.104453    88.285156   -7.180703 95331.861737 95620.952500 95910.043263 123.761833 30.616599 34.430872 40.293075   31.277391 -2101.965560 -0.010277
2025-02-19 03:25:00 95709.970000 95747.990000 95704.980000 95704.980000  14.993520 2025-02-19 03:29:59.999      1435390.734234    3090           5.703070       545981.095378      0 95689.702854 95628.407502 95487.786833 95542.035129 56.244185   78.026638    86.233452   -8.206814 95380.428608 95639.509000 95898.589392 117.993845 30.090211 36.586709 35.163722   51.602214 -2116.959080  0.015859
2025-02-19 03:30:00 95704.990000 95709.540000 95602.980000 95709.530000  28.917680 2025-02-19 03:34:59.999      2766254.152730    6504          10.059510       962285.030780      0 95696.311903 95636.133454 95493.994167 95543.941038 56.460475   75.089015    84.004565   -8.915550 95448.351949 95659.552000 95870.752051 117.177142 28.548478 44.248285 38.421955   12.741269 -2088.041400  0.093228
2025-02-19 03:35:00 95709.540000 95709.580000 95655.620000 95669.690000  10.889540 2025-02-19 03:39:59.999      1042001.358099    3151           4.730250       452604.257408      0 95687.437935 95639.329315 95500.355500 95544.667706 53.945970   68.753623    80.954376  -12.200753 95474.569383 95669.037000 95863.504617 112.661632 27.117198 38.961404 39.932133    7.345481 -2098.930940  0.007760
2025-02-19 03:40:00 95669.690000 95730.770000 95669.690000 95711.600000  42.956400 2025-02-19 03:44:59.999      4111592.536292    3453          19.965020      1910931.316200      0 95695.491957 95646.212238 95507.678667 95547.996509 56.157953   66.349728    78.033447  -11.683719 95494.860932 95678.372000 95861.883068 108.977229 25.971191 36.793760 40.001150   23.306009 -2055.974540  0.003041
2025-02-19 03:45:00 95711.590000 95799.990000 95708.670000 95751.990000  45.809220 2025-02-19 03:49:59.999      4386350.379876    5402          16.641120      1593546.520510      0 95714.324638 95656.286310 95515.878667 95552.475819 58.239658   66.932206    75.813199   -8.880992 95499.790572 95684.516500 95869.242428 107.715999 25.476778 38.760783 38.171982   62.946111 -2010.165320 -0.049709
2025-02-19 03:50:00 95752.000000 95786.520000 95708.720000 95738.350000  28.879690 2025-02-19 03:54:59.999      2765449.275325    4803           9.216490       882426.616058      0 95722.333092 95664.101900 95523.184667 95555.078518 57.251021   65.537713    73.758101   -8.220389 95508.161816 95690.956000 95873.750184 105.579142 25.017680 42.679260 39.411268   48.920819 -2039.045010 -0.027866
2025-02-19 03:55:00 95738.350000 95786.430000 95669.690000 95710.260000  27.584390 2025-02-19 03:59:59.999      2639800.068202    5709           5.865110       561394.294723      0 95718.308728 95668.497909 95529.948500 95557.213171 55.173846   61.457495    71.297980   -9.840486 95539.561933 95701.228500 95862.895067 106.376346 24.120234 42.418197 41.286080   20.684284 -2066.629400 -0.007480
2025-02-19 04:00:00 95710.250000 95768.950000 95687.960000 95705.760000  35.461870 2025-02-19 04:04:59.999      3395015.993027    6668          12.406790      1187588.642192      0 95714.125819 95672.046680 95534.503500 95559.858589 54.830636   57.201398    68.478664  -11.277266 95544.556567 95704.220500 95863.884433 104.563035 23.286892 41.817783 42.305080   14.453989 -2102.091270 -0.073593
2025-02-19 04:05:00 95705.750000 95714.340000 95653.880000 95653.880000  14.278420 2025-02-19 04:09:59.999      1366421.198514    5791           6.220330       595334.580621      0 95694.043879 95670.316520 95537.553833 95560.596797 50.899558   49.076406    64.598212  -15.521806 95566.058994 95709.781000 95853.503006 101.412819 22.086339 38.085276 40.773752  -46.234458 -2116.369690 -0.071075
2025-02-19 04:10:00 95653.880000 95665.010000 95601.450000 95631.990000  18.881680 2025-02-19 04:14:59.999      1805732.710357    4430           6.019660       575663.302007      0 95673.359253 95666.666375 95540.704833 95561.209047 49.293689   40.405185    59.759607  -19.354422 95578.694398 95712.819500 95846.944602  98.709046 20.661235 35.349244 38.417434 -103.937714 -2135.251370 -0.061320
2025-02-19 04:15:00 95632.000000 95671.850000 95601.520000 95601.520000  27.324300 2025-02-19 04:19:59.999      2613397.006059    3998           6.175710       590628.948345      0 95649.412835 95660.461958 95542.645167 95561.981716 47.067663   30.720380    53.951761  -23.231381 95571.336417 95710.794000 95850.251583  96.681971 19.255938 25.368457 32.934326 -115.479170 -2162.575670 -0.158462
2025-02-19 04:20:00 95601.530000 95614.360000 95557.420000 95584.690000  18.149760 2025-02-19 04:24:59.999      1734924.326171    3547           8.348550       798016.133260      0 95627.838557 95653.245581 95543.140167 95562.169451 45.836414   21.439917    47.449392  -26.009476 95554.234985 95703.973000 95853.711015  93.843259 18.462930 18.303463 26.340388 -144.319038 -2180.725430 -0.232288
2025-02-19 04:25:00 95584.690000 95585.740000 95495.430000 95535.980000  92.640900 2025-02-19 04:29:59.999      8849558.409800    6616          13.520860      1291620.396520      0 95597.219038 95642.077431 95542.386833 95561.263964 42.380905   10.038870    39.967288  -29.928418 95536.175992 95688.603000 95841.030008  93.590883 18.374418 13.297376 18.989765 -173.572320 -2273.366330 -0.264892
2025-02-19 04:30:00 95535.980000 95583.590000 95503.210000 95583.590000  20.021460 2025-02-19 04:34:59.999      1912850.331405    3377          10.729680      1025067.818375      0 95592.676025 95636.507199 95543.085167 95561.226469 46.617031    4.789972    32.931825  -28.141852 95530.859054 95676.628000 95822.396946  92.647249 18.292228 17.834361 16.478400 -144.327035 -2253.344870 -0.160794
2025-02-19 04:35:00 95583.580000 95607.050000 95452.470000 95452.470000  47.929820 2025-02-19 04:39:59.999      4578998.973145    7525          13.198520      1260737.270195      0 95545.940683 95618.979847 95543.162167 95560.099195 38.271824   -9.836714    24.378117  -34.214831 95499.403742 95657.663500 95815.923258  97.071017 18.722670 14.086989 15.072908 -174.998442 -2301.274690 -0.231375
2025-02-19 04:40:00 95452.540000 95474.700000 95368.710000 95377.200000  27.750500 2025-02-19 04:44:59.999      2648277.703051    6749           5.080240       484791.280576      0 95489.693789 95595.953195 95542.856167 95558.371413 34.458320  -27.188713    14.064751  -41.253464 95446.441813 95638.012000 95829.582187  97.708087 19.837138 10.305079 14.075476 -221.643735 -2329.025190 -0.239881
2025-02-19 04:45:00 95377.190000 95433.970000 95310.050000 95433.970000  30.659130 2025-02-19 04:49:59.999      2924476.547470    6752          15.259630      1455762.699380      0 95471.119193 95580.526224 95543.391833 95556.332479 39.365652  -35.945081     4.062785  -40.007865 95416.004646 95624.758000 95833.511354  99.580366 21.297387  9.087151 11.159739 -190.822581 -2298.366060 -0.160862
2025-02-19 04:50:00 95433.960000 95458.460000 95375.690000 95375.690000  19.668640 2025-02-19 04:54:59.999      1876811.308420    5417           5.730930       546854.922206      0 95439.309462 95561.018012 95540.532667 95555.133808 36.356173  -47.044969    -6.158766  -40.886203 95376.174808 95610.542500 95844.910192  98.379626 22.260815 13.553004 10.981744 -150.857123 -2318.034700 -0.168987
2025-02-19 04:55:00 95375.700000 95392.370000 95213.850000 95213.850000  79.853650 2025-02-19 04:59:59.999      7608866.853725   10911           7.179580       684190.957561      0 95364.156308 95527.954392 95532.901167 95546.450374 29.590928  -68.115651   -18.550143  -49.565508 95301.673807 95592.848000 95884.022193 104.103938 24.170950 12.896817 11.845657 -191.872978 -2397.888350 -0.236852
2025-02-19 05:00:00 95213.840000 95275.990000 95129.080000 95152.870000 259.852200 2025-02-19 05:04:59.999     24742946.615738   24321          50.612570      4819773.967932      0 95293.727539 95492.232069 95525.265667 95513.596738 27.513449  -88.712275   -32.582569  -56.129705 95221.989469 95564.993000 95907.996531 107.161514 26.343545  5.672212 10.707344 -193.961481 -2657.740550 -0.404634
2025-02-19 05:05:00 95152.880000 95215.700000 95122.260000 95173.900000 157.114650 2025-02-19 05:09:59.999     14954317.039553   18686          35.325730      3362283.252398      0 95253.785026 95461.914729 95515.546667 95495.683568 29.355464 -102.160658   -46.498187  -55.662471 95162.270903 95538.439000 95914.607097 106.181406 28.391442  3.868118  7.479049 -167.095478 -2500.625900 -0.318568
2025-02-19 05:10:00 95173.910000 95281.480000 95167.930000 95259.050000 178.765600 2025-02-19 05:14:59.999     17025722.116728   17390          47.542510      4527859.226431      0 95255.540017 95442.594279 95510.130833 95481.125877 36.402490 -104.740323   -58.146614  -46.593709 95129.611581 95515.915000 95902.218419 106.707734 29.308250 11.569217  7.036516 -118.268263 -2321.860300 -0.211376
2025-02-19 05:15:00 95259.060000 95273.180000 95083.940000 95144.580000 460.746230 2025-02-19 05:19:59.999     43849594.548925   24190         139.534100     13278436.408084      0 95218.553345 95414.211966 95501.151000 95441.477952 31.808757 -114.699317   -69.457155  -45.242162 95078.172546 95489.659500 95901.146454 112.602896 30.617050 13.801027  9.746121 -125.788539 -2782.606530 -0.251248
2025-02-19 05:20:00 95144.590000 95144.590000 95039.980000 95050.060000 275.834620 2025-02-19 05:24:59.999     26225547.539785   18656          71.965310      6841765.017063      0 95162.388897 95379.530827 95493.107167 95415.939452 28.599465 -128.734890   -81.312702  -47.422188 95016.419816 95456.582500 95896.745184 112.031975 32.048829 11.671022 12.347089 -136.751569 -3058.441150 -0.347734
2025-02-19 05:25:00 95050.060000 95109.550000 95029.990000 95109.540000 331.921710 2025-02-19 05:29:59.999     31557585.733674   11599          99.681370      9476965.290362      0 95144.772598 95353.817415 95487.183500 95389.972724 33.169004 -133.519514   -91.754064  -41.765449 94981.458477 95424.460000 95867.461523 109.712548 33.427552  8.507573 11.326541 -120.143549 -2726.519440 -0.146335
2025-02-19 05:30:00 95109.550000 95213.120000 95109.540000 95212.000000 184.301610 2025-02-19 05:34:59.999     17541790.080011    8591          34.609060      3293862.700358      0 95167.181732 95340.310994 95482.226167 95381.182575 40.261417 -127.573113   -98.917874  -28.655239 94970.588562 95398.142500 95825.696438 109.274509 33.249602 15.583043 11.920546  -80.235697 -2542.217830 -0.055402
2025-02-19 05:35:00 95211.990000 95261.810000 95203.730000 95258.170000 140.480290 2025-02-19 05:39:59.999     13378194.333313    9625          17.777190      1692995.702283      0 95197.511155 95332.488042 95477.198000 95376.890326 43.187266 -117.777351  -102.689769  -15.087582 94969.097956 95375.538000 95781.978044 105.617758 32.486513 28.231893 17.440837  -51.532411 -2401.737540  0.001394
2025-02-19 05:40:00 95258.180000 95340.050000 95243.040000 95314.720000  73.927320 2025-02-19 05:44:59.999      7043725.363934    8916          25.380130      2418351.539018      0 95236.580770 95330.795848 95474.110167 95375.657402 46.634830 -104.249305  -103.001677   -1.247629 94978.368682 95355.986000 95733.603318 105.002918 30.905942 40.141406 27.985448  -24.420187 -2327.810220  0.023809
2025-02-19 05:45:00 95314.710000 95338.500000 95274.950000 95336.230000  18.844290 2025-02-19 05:49:59.999      1796091.168753    4853          13.315170      1269084.960617      0 95269.797180 95331.313386 95470.346833 95375.419089 47.929185  -90.746485  -100.550638    9.804153 94988.086858 95340.103500 95692.120142 102.041996 29.438268 52.582053 40.318451  -11.697951 -2308.965930  0.036657
2025-02-19 05:50:00 95336.230000 95338.840000 95305.170000 95316.540000  32.863820 2025-02-19 05:54:59.999      3132832.375267    3771           6.623170       631356.834651      0 95285.378120 95329.906397 95468.226833 95375.033348 46.809944  -80.703917   -96.581294   15.877377 94998.766672 95324.331000 95649.895328  97.158282 28.071473 61.693946 51.472469   -3.830716 -2341.829750  0.032444
2025-02-19 05:55:00 95316.550000 95330.000000 95250.290000 95289.330000  15.466990 2025-02-19 05:59:59.999      1473941.316724    4981           4.845670       461753.879295      0 95286.695413 95326.041978 95467.546500 95374.754367 45.237798  -74.086704   -92.082376   17.995672 95008.895265 95308.721500 95608.547735  95.911976 27.316259 65.422447 59.899482  -11.743379 -2357.296740  0.043548
2025-02-19 06:00:00 95289.340000 95335.700000 95253.950000 95253.960000  30.245620 2025-02-19 06:04:59.999      2882289.243947    5432          13.639980      1299756.543678      0 95275.783609 95319.177028 95467.376333 95374.158883 43.206406  -70.879523   -87.841805   16.962282 95019.843322 95292.185000 95564.526678  94.900406 26.540354 63.069924 63.395439   -9.311145 -2387.542360  0.031446
2025-02-19 06:05:00 95253.960000 95335.320000 95249.650000 95280.050000  59.944050 2025-02-19 06:09:59.999      5712274.470075    4329          15.783430      1503840.026368      0 95277.205739 95315.450644 95466.949500 95373.089722 45.162517  -65.477777   -83.369000   17.891223 95031.079742 95279.388500 95527.697258  94.241091 25.862675 67.660395 65.384255    3.319062 -2327.598310  0.028615
2025-02-19 06:10:00 95280.040000 95372.320000 95280.040000 95351.460000  30.907180 2025-02-19 06:14:59.999      2946612.947462    3715          16.645290      1586654.141684      0 95301.957159 95318.880107 95469.223667 95372.844103 50.216665  -54.802930   -77.655786   22.852856 95058.857264 95267.782000 95476.706736  94.101013 24.712308 78.786886 69.839069   49.275115 -2296.691130  0.027231
2025-02-19 06:15:00 95351.450000 95359.590000 95280.310000 95302.300000  21.541160 2025-02-19 06:19:59.999      2053439.386332    3272           5.528470       527074.942332      0 95302.071440 95317.301049 95472.474500 95372.583796 47.004849  -49.736507   -72.071930   22.335423 95068.334963 95260.273500 95452.212037  93.042370 23.644110 84.700474 77.049252   44.536608 -2318.232290  0.043300
2025-02-19 06:20:00 95302.310000 95396.230000 95302.300000 95355.930000  19.829200 2025-02-19 06:24:59.999      1890884.462194    4557          14.165360      1350764.152311      0 95320.024293 95320.979997 95477.334500 95372.498138 50.708701  -40.922112   -65.841966   24.919854 95069.653808 95259.210000 95448.766192  93.105772 22.128529 87.482934 83.656765   81.997989 -2298.403090  0.054222
2025-02-19 06:25:00 95355.930000 95391.850000 95350.000000 95387.620000  14.606360 2025-02-19 06:29:59.999      1392986.777524    3199           6.336160       604260.629683      0 95342.556195 95327.326664 95480.461667 95372.510041 52.807586  -31.021922   -58.877957   27.856036 95074.959323 95256.892500 95438.825677  89.444645 20.721205 88.730474 86.971294  106.129382 -2283.796730  0.046687
2025-02-19 06:30:00 95387.630000 95395.230000 95359.540000 95386.130000   8.305420 2025-02-19 06:34:59.999       792173.641393    2222           4.221350       402627.631826      0 95357.080797 95332.926981 95483.581167 95372.523227 52.693973  -23.030696   -51.708505   28.677809 95074.066503 95257.414500 95440.762497  85.605028 19.362490 94.629205 90.280871  112.027742 -2292.102150  0.056819
2025-02-19 06:35:00 95386.120000 95397.300000 95359.000000 95387.820000  10.007170 2025-02-19 06:39:59.999       954477.064891    2931           4.779630       455883.159520      0 95367.327198 95338.154888 95486.906000 95372.541240 52.817965  -16.372492   -44.641303   28.268811 95075.494590 95266.113000 95456.731410  82.226097 18.066989 97.198972 93.519550  101.982999 -2282.094980  0.095036
2025-02-19 06:40:00 95387.810000 95399.860000 95329.750000 95362.090000  22.436110 2025-02-19 06:44:59.999      2139699.202696    6183           9.062030       864157.403785      0 95365.581465 95340.434422 95487.506500 95372.501987 50.641645  -13.021904   -38.317423   25.295519 95089.023555 95276.574000 95464.124445  81.360662 17.331031 91.563399 94.463859   80.749705 -2304.531090  0.189150
2025-02-19 06:45:00 95362.090000 95507.940000 95362.090000 95507.930000  97.277020 2025-02-19 06:49:59.999      9281921.957255    6710          83.559500      7972257.381449      0 95413.030977 95356.386382 95490.407833 95374.178837 60.561093    1.385558   -30.376827   31.762385 95086.741874 95293.275500 95499.809126  85.967043 17.143339 92.481393 93.747921  154.343707 -2207.254070  0.234528
2025-02-19 06:50:00 95507.940000 95652.000000 95507.930000 95581.490000  87.453840 2025-02-19 06:54:59.999      8358533.935762   13387          48.866090      4670633.697660      0 95469.183985 95377.824822 95494.954833 95377.699821 64.442650   18.525700   -20.596321   39.122021 95068.574524 95309.397500 95550.220476  90.117254 18.372387 87.738015 90.594269  221.369814 -2119.800230  0.190709
2025-02-19 06:55:00 95581.980000 95650.000000 95555.220000 95616.310000  33.812910 2025-02-19 06:59:59.999      3232559.506003    6500          13.546830      1295128.432606      0 95518.225990 95400.537696 95497.226833 95379.204218 66.141371   34.521131    -9.572831   44.093962 95069.969725 95332.984000 95595.998275  90.450307 19.513646 91.200432 90.473280  208.375175 -2085.987320  0.360681
2025-02-19 07:00:00 95616.310000 95697.360000 95601.180000 95697.180000  39.841680 2025-02-19 07:04:59.999      3811781.777612    7338          19.541040      1869456.184198      0 95577.877326 95428.789344 95500.098167 95381.396807 69.755343   53.110928     2.963921   50.147007 95090.553877 95365.340000 95640.126123  90.859571 20.951955 91.188289 90.042245  212.945145 -2046.145640  0.633431
2025-02-19 07:05:00 95697.180000 95735.840000 95694.040000 95735.830000  42.736940 2025-02-19 07:09:59.999      4090680.372984    6453          22.317430      2136077.434546      0 95630.528218 95458.031311 95501.877000 95384.173780 71.330357   70.153523    16.401841   53.751681 95103.480726 95396.654500 95689.828274  87.355316 22.571942 97.029117 93.139279  203.314105 -2003.408700  0.525856
2025-02-19 07:10:00 95735.830000 95773.590000 95706.460000 95736.760000  60.082590 2025-02-19 07:14:59.999      5752675.761568    7426          29.859100      2858901.825356      0 95665.938812 95484.576901 95503.997000 95388.195193 71.368993   82.780700    29.677613   53.103087 95107.437235 95422.892500 95738.347765  85.910651 24.338584 97.642769 95.286725  168.476099 -1943.326110  0.385445
2025-02-19 07:15:00 95736.750000 95736.760000 95684.490000 95684.500000  50.162480 2025-02-19 07:19:59.999      4800908.453003    4699          19.506450      1866975.526615      0 95672.125875 95503.617196 95506.991833 95391.136390 65.987520   87.561530    41.254396   46.307133 95118.701015 95444.209000 95769.716985  83.507747 25.566173 91.639219 95.437035  124.968011 -1993.488590  0.206029
2025-02-19 07:20:00 95684.500000 95699.620000 95618.610000 95630.870000  35.256180 2025-02-19 07:24:59.999      3372668.123436    5092          14.893840      1424819.933039      0 95658.373916 95515.736511 95506.741000 95392.828979 60.911600   86.031165    50.209750   35.821415 95130.515475 95460.016500 95789.517525  83.329337 25.569191 81.995618 90.425869   87.452613 -2028.744770  0.135037
2025-02-19 07:25:00 95630.880000 95644.650000 95588.000000 95644.650000  19.330100 2025-02-19 07:29:59.999      1848167.947685    4542          13.057210      1248393.265598      0 95653.799278 95528.013986 95508.440667 95393.662020 61.726267   84.951008    57.158002   27.793006 95141.711590 95475.437500 95809.163410  81.423670 25.094002 75.219112 82.951316   67.691016 -2009.414670  0.137450
2025-02-19 07:30:00 95644.650000 95659.630000 95644.640000 95653.860000  19.497270 2025-02-19 07:34:59.999      1865029.142986    2741           8.779610       839809.077329      0 95653.819518 95539.999320 95509.818000 95394.593092 62.291934   83.871330    62.500667   21.370662 95158.308935 95492.303500 95826.298065  76.678408 24.810931 72.244085 76.486272   70.755169 -1989.917400  0.161093
2025-02-19 07:35:00 95653.860000 95707.460000 95637.160000 95681.870000  46.552010 2025-02-19 07:39:59.999      4453446.961986    6840          26.550900      2539873.728096      0 95663.169679 95553.510814 95510.482000 95396.983179 64.032953   84.304045    66.861343   17.442702 95181.841215 95511.930500 95842.019785  76.222807 25.031703 75.000002 74.154400   72.523161 -1943.365390  0.171721
2025-02-19 07:40:00 95681.880000 95720.000000 95681.870000 95719.990000  18.910150 2025-02-19 07:44:59.999      1809791.211469    3262          12.459630      1192453.375119      0 95682.109786 95569.365974 95510.463333 95398.051990 66.312568   86.723249    70.833724   15.889525 95215.646187 95535.232000 95854.817813  73.501892 25.358578 80.094178 75.779422   78.815401 -1924.455240  0.240896
2025-02-19 07:45:00 95719.990000 95846.150000 95719.990000 95817.130000  49.609840 2025-02-19 07:49:59.999      4751591.154629   12456          31.028140      2971950.245608      0 95727.116524 95592.962548 95510.025833 95401.601618 71.303832   95.379397    75.742859   19.636539 95242.523379 95562.086000 95881.648621  77.263186 26.688131 87.212932 80.769038  108.867121 -1874.845400  0.305001
2025-02-19 07:50:00 95817.140000 95843.260000 95793.830000 95793.840000  35.815300 2025-02-19 07:54:59.999      3432093.718661    3377          19.932650      1910159.672650      0 95749.357683 95612.093734 95509.538333 95404.227022 68.676547   99.216443    80.437576   18.778868 95264.779596 95584.205000 95903.630404  75.275101 27.922717 90.499130 85.935413  109.224624 -1910.660700  0.231021
2025-02-19 07:55:00 95793.840000 95793.840000 95687.710000 95687.710000  24.289530 2025-02-19 07:59:59.999      2325450.576738    2616           6.504210       622720.522066      0 95728.808455 95619.295283 95507.137500 95405.610094 58.160023   92.625794    82.875219    9.750574 95308.864313 95603.475500 95898.086687  77.479022 27.361688 78.909522 85.540528   64.196429 -1934.950230  0.210183
2025-02-19 08:00:00 95687.710000 95735.850000 95672.020000 95707.330000  24.512800 2025-02-19 08:04:59.999      2345942.185615    5685          15.131110      1448031.651012      0 95721.648970 95627.679542 95506.089167 95406.915230 59.397846   87.971743    83.894524    4.077219 95346.341426 95621.045500 95895.749574  76.504092 26.619845 64.877431 78.095361   51.018574 -1910.437430  0.208575
2025-02-19 08:05:00 95707.340000 95811.050000 95694.340000 95811.050000  20.353740 2025-02-19 08:09:59.999      1949164.112355    5470          13.412190      1284428.024334      0 95751.449313 95645.143395 95507.955833 95408.232191 65.250625   91.596840    85.434987    6.161853 95377.656519 95642.217000 95906.777481  79.375943 26.626848 63.947353 69.244769   86.348708 -1890.083690  0.218627
2025-02-19 08:10:00 95811.050000 95811.050000 95737.080000 95737.080000  22.624160 2025-02-19 08:14:59.999      2166957.283253    3176           9.901750       948375.417115      0 95746.659542 95653.899262 95509.240500 95409.643397 58.746716   87.492436    85.846477    1.645959 95420.089144 95659.764500 95899.439856  78.989804 26.633350 65.478893 64.767893   77.522774 -1912.707850  0.179413
2025-02-19 08:15:00 95737.080000 95811.290000 95737.080000 95796.020000  15.291050 2025-02-19 08:19:59.999      1464687.549143    3309          10.515540      1007199.514462      0 95763.113028 95667.434571 95513.045167 95410.643910 61.997176   87.981437    86.273469    1.707968 95468.749918 95680.174500 95891.599082  78.648389 26.641661 74.911227 68.112491   89.365814 -1897.416800  0.183326
2025-02-19 08:20:00 95796.010000 95800.000000 95750.000000 95799.990000  23.327430 2025-02-19 08:24:59.999      2234173.184725    4406          14.094500      1349882.758110      0 95775.405352 95680.058897 95514.545500 95412.167556 62.213145   87.678615    86.554498    1.124117 95542.638039 95702.069500 95861.500961  76.602076 26.649378 73.483117 71.291079   89.544667 -1874.089370  0.215791
2025-02-19 08:25:00 95800.000000 95866.000000 95799.990000 95819.910000  97.709820 2025-02-19 08:29:59.999      9363919.129311    5706          40.167190      3848902.080429      0 95790.240235 95693.378050 95516.461000 95419.179159 63.338954   88.031234    86.849845    1.181389 95577.367669 95717.668500 95857.969331  75.845499 27.292876 82.040281 76.811542  133.076595 -1776.379550  0.038393
2025-02-19 08:30:00 95819.910000 95866.000000 95720.960000 95720.970000  35.097240 2025-02-19 08:34:59.999      3362397.402250    6293          14.123360      1353367.794477      0 95767.150156 95696.005855 95516.651667 95421.283832 54.632485   79.411649    85.362206   -5.950557 95599.011932 95724.642500 95850.273068  80.787963 26.576748 71.123574 75.548991   57.675790 -1811.476790 -0.010478
2025-02-19 08:35:00 95720.970000 95736.300000 95702.910000 95719.310000  29.698650 2025-02-19 08:39:59.999      2842819.318652    4052          16.948600      1622327.090805      0 95751.203438 95698.225297 95517.478667 95422.793062 54.497132   71.621014    82.613968  -10.992953 95614.313278 95729.792500 95845.271722  77.402395 25.641478 55.716748 69.626868  -13.862743 -1841.175440 -0.025031
2025-02-19 08:40:00 95719.320000 95758.640000 95719.310000 95758.630000  14.585110 2025-02-19 08:44:59.999      1396395.211411    2697           7.113990       681112.413001      0 95753.678958 95703.978126 95518.262500 95423.593179 57.201896   67.837685    79.658711  -11.821026 95617.750731 95732.865000 95847.979269  74.682938 25.027851 45.603378 57.481233   17.879339 -1826.590330 -0.062594
2025-02-19 08:45:00 95758.630000 95758.640000 95679.800000 95699.990000  17.683930 2025-02-19 08:49:59.999      1692508.854589    5698           7.830060       749284.093481      0 95735.782639 95703.598304 95517.395833 95424.459939 52.216879   59.422625    75.611494  -16.188869 95615.086601 95731.073000 95847.059399  74.979871 23.849207 34.466071 45.262065  -29.441211 -1844.274260 -0.142715
2025-02-19 08:50:00 95700.000000 95724.290000 95636.030000 95663.920000  17.928180 2025-02-19 08:54:59.999      1715575.549098    4584           7.100100       679344.542440      0 95711.828426 95699.819418 95516.155333 95425.218085 49.366979   49.275069    70.344209  -21.069140 95607.868360 95727.431000 95846.993640  75.928451 22.156280 26.542479 35.537309  -76.528461 -1862.202440 -0.153664
2025-02-19 08:55:00 95663.920000 95682.950000 95616.600000 95629.990000  26.949410 2025-02-19 08:59:59.999      2577741.888175    5080          10.628030      1016586.781888      0 95684.548951 95693.168997 95514.817500 95426.206037 46.780517   38.056499    63.886667  -25.830168 95599.023970 95724.705500 95850.387030  75.244276 20.846794 10.638522 23.882357 -110.279822 -1889.151850 -0.102399
2025-02-19 09:00:00 95629.990000 95676.000000 95629.700000 95676.000000   8.755950 2025-02-19 09:04:59.999       837459.709804    2731           4.061730       388499.783079      0 95681.699300 95691.533855 95514.321500 95426.550668 50.562982   32.503642    57.610062  -25.106420 95606.592134 95726.962000 95847.331866  73.176828 19.630842 13.771238 16.984080  -88.929766 -1880.395900 -0.048527

==================================================

=== 1h 데이터 불러오기 ===
                            open         high          low        close      volume              close_time  quote_asset_volume  trades  taker_base_volume  taker_quote_volume ignore        EMA_5       EMA_20       SMA_60         VWAP    RSI_14        MACD  MACD_signal   MACD_hist          BBL          BBM          BBU     ATR_14    ADX_14   STOCH_K   STOCH_D      CCI_20          OBV    CMF_20
open_time                                                                                                                                                                                                                                                                                                                                                                                                  
2025-02-12 10:00:00 96129.280000 96196.000000 95913.490000 95978.010000  397.441550 2025-02-12 10:59:59.999     38193233.728704   73692         127.611440     12262619.731655      0 95731.984000 96883.147000 96715.046167 96029.166667 67.019652 -254.040093  -143.674564 -110.365529 95195.621750 96883.147000 98570.672250 977.572857 28.305382 94.337626 91.075050  -12.574607   397.441550  0.166056
2025-02-12 11:00:00 95978.000000 96377.320000 95978.000000 96094.650000  437.017560 2025-02-12 11:59:59.999     42035671.128182   85587         180.457290     17358226.804612      0 95731.984000 96883.147000 96715.046167 96092.443486 67.019652 -254.040093  -143.674564 -110.365529 95195.621750 96883.147000 98570.672250 977.572857 28.305382 94.337626 91.075050  -12.574607   834.459110  0.166056
2025-02-12 12:00:00 96094.650000 96350.000000 95944.440000 95982.970000  471.651160 2025-02-12 12:59:59.999     45359766.739777   91048         203.749930     19597404.995864      0 95731.984000 96883.147000 96715.046167 96092.453060 67.019652 -254.040093  -143.674564 -110.365529 95195.621750 96883.147000 98570.672250 977.572857 28.305382 94.337626 91.075050  -12.574607   362.807950  0.166056
2025-02-12 13:00:00 95982.970000 96631.660000 94088.230000 94975.380000 6201.226530 2025-02-12 13:59:59.999    589307583.580425  698898        2690.426680    255762974.882572      0 95731.984000 96883.147000 96715.046167 95381.498770 67.019652 -254.040093  -143.674564 -110.365529 95195.621750 96883.147000 98570.672250 977.572857 28.305382 94.337626 91.075050  -12.574607 -5838.418580  0.166056
2025-02-12 14:00:00 94975.370000 95685.900000 94500.000000 95628.910000 2815.251790 2025-02-12 14:59:59.999    267695128.861179  655222        1447.804550    137695629.247111      0 95731.984000 96883.147000 96715.046167 95351.527283 67.019652 -254.040093  -143.674564 -110.365529 95195.621750 96883.147000 98570.672250 977.572857 28.305382 94.337626 91.075050  -12.574607 -3023.166790  0.166056
2025-02-12 15:00:00 95628.920000 95999.650000 94708.170000 95816.180000 2317.410550 2025-02-12 15:59:59.999    221309374.236208  541780        1117.285440    106730239.738903      0 95760.049333 96883.147000 96715.046167 95380.214906 67.019652 -254.040093  -143.674564 -110.365529 95195.621750 96883.147000 98570.672250 977.572857 28.305382 94.337626 91.075050  -12.574607  -705.756240  0.166056
2025-02-12 16:00:00 95816.180000 97094.340000 95120.300000 96986.140000 2240.819190 2025-02-12 16:59:59.999    215542226.062571  353826        1359.604250    130826997.478812      0 96168.746222 96883.147000 96715.046167 95533.817790 67.019652 -254.040093  -143.674564 -110.365529 95195.621750 96883.147000 98570.672250 977.572857 28.305382 94.337626 91.075050  -12.574607  1535.062950  0.166056
2025-02-12 17:00:00 96986.140000 97700.000000 96769.230000 97354.890000 2542.312720 2025-02-12 17:59:59.999    247192149.051259  329075        1124.363130    109333251.431989      0 96564.127481 96883.147000 96715.046167 95787.841245 67.019652 -254.040093  -143.674564 -110.365529 95195.621750 96883.147000 98570.672250 977.572857 28.305382 94.337626 91.075050  -12.574607  4077.375670  0.166056
2025-02-12 18:00:00 97354.880000 97450.000000 96625.000000 96921.430000 1188.433190 2025-02-12 18:59:59.999    115256542.645764  180404         485.295770     47070715.246166      0 96683.228321 96883.147000 96715.046167 95865.167118 67.019652 -254.040093  -143.674564 -110.365529 95195.621750 96883.147000 98570.672250 977.572857 28.305382 94.337626 91.075050  -12.574607  2888.942480  0.166056
2025-02-12 19:00:00 96921.420000 97278.160000 96353.470000 97205.060000  717.993660 2025-02-12 19:59:59.999     69527290.367078  194742         334.595040     32404200.977054      0 96857.172214 96883.147000 96715.046167 95905.298281 67.019652 -254.040093  -143.674564 -110.365529 95195.621750 96883.147000 98570.672250 977.572857 28.305382 94.337626 91.075050  -12.574607  3606.936140  0.166056
2025-02-12 20:00:00 97205.060000 97623.480000 96931.890000 97025.240000  938.186080 2025-02-12 20:59:59.999     91295659.355844  191839         445.003750     43308132.116673      0 96913.194809 96883.147000 96715.046167 95964.930341 67.019652 -254.040093  -143.674564 -110.365529 95195.621750 96883.147000 98570.672250 977.572857 28.305382 94.337626 91.075050  -12.574607  2668.750060  0.166056
2025-02-12 21:00:00 97026.530000 97908.990000 96854.970000 97646.500000 1037.192370 2025-02-12 21:59:59.999    101164532.950582  151625         537.623550     52439324.293008      0 97157.629873 96883.147000 96715.046167 96038.209405 67.019652 -254.040093  -143.674564 -110.365529 95195.621750 96883.147000 98570.672250 977.572857 28.305382 94.337626 91.075050  -12.574607  3705.942430  0.166056
2025-02-12 22:00:00 97646.510000 98119.990000 97416.400000 97806.570000 1180.165050 2025-02-12 22:59:59.999    115509012.790592  233378         685.470860     67098308.641563      0 97373.943249 96883.147000 96715.046167 96129.681744 67.019652 -254.040093  -143.674564 -110.365529 95195.621750 96883.147000 98570.672250 977.572857 28.305382 94.337626 91.075050  -12.574607  4886.107480  0.166056
2025-02-12 23:00:00 97806.570000 98000.010000 97579.310000 97869.990000  856.939360 2025-02-12 23:59:59.999     83821995.577920  143959         384.133200     37572442.238641      0 97539.292166 96883.147000 96715.046167 96191.606350 67.019652 -254.040093  -143.674564 -110.365529 95195.621750 96883.147000 98570.672250 977.572857 28.305382 94.337626 91.075050  -12.574607  5743.046840  0.166056
2025-02-13 00:00:00 97870.000000 97870.000000 97534.070000 97818.910000  621.421520 2025-02-13 00:59:59.999     60697696.672636  111329         238.502690     23298819.294355      0 97632.498110 96883.147000 96715.046167 97740.993333 67.019652 -254.040093  -143.674564 -110.365529 95195.621750 96883.147000 98570.672250 977.572857 28.305382 94.337626 91.075050  -12.574607  5121.625320  0.166056
2025-02-13 01:00:00 97818.910000 98083.910000 97743.570000 97986.190000  683.241540 2025-02-13 01:59:59.999     66886141.556207  136063         305.454940     29902454.181402      0 97750.395407 96883.147000 96715.046167 97844.106532 68.082824 -254.040093  -143.674564 -110.365529 95195.621750 96883.147000 98570.672250 932.056224 28.305382 94.337626 91.075050  -12.574607  5804.866860  0.166056
2025-02-13 02:00:00 97986.180000 97986.190000 97367.450000 97473.660000  446.218330 2025-02-13 02:59:59.999     43582309.065994   88081         181.378920     17719347.887051      0 97658.150271 96883.147000 96715.046167 97784.214284 61.537268 -254.040093  -143.674564 -110.365529 95195.621750 96883.147000 98570.672250 909.676494 28.305382 91.060893 91.075050  -12.574607  5358.648530  0.166056
2025-02-13 03:00:00 97473.670000 97631.030000 97430.000000 97498.420000  376.456030 2025-02-13 03:59:59.999     36716268.297616   68647         173.784460     16950482.208607      0 97604.906848 96883.147000 96715.046167 97737.426184 61.728693 -254.040093  -143.674564 -110.365529 95195.621750 96883.147000 98570.672250 859.058887 28.305382 87.826632 91.075050  -12.574607  5735.104560  0.166056
2025-02-13 04:00:00 97498.430000 97564.830000 96767.280000 96927.460000  711.631960 2025-02-13 04:59:59.999     69121887.096469  110468         286.187090     27803941.809118      0 97379.091232 96883.147000 96715.046167 97574.267231 54.938603 -254.040093  -143.674564 -110.365529 95195.621750 96883.147000 98570.672250 854.665395 28.305382 77.281882 85.389803  -12.574607  5023.472600  0.166056
2025-02-13 05:00:00 96927.460000 96929.670000 96503.380000 96666.380000  746.302550 2025-02-13 05:59:59.999     72184019.909492  147635         307.734950     29764471.986687      0 97141.520821 96883.147000 96715.046167 97392.242081 52.115615 -254.040093  -143.674564 -110.365529 95195.621750 96883.147000 98570.672250 824.067153 28.305382 66.472646 77.193720  -12.574607  4277.170050  0.166056
2025-02-13 06:00:00 96666.370000 96757.500000 95800.000000 96056.720000 1088.551940 2025-02-13 06:59:59.999    104727690.236058  194074         474.147620     45611619.836633      0 96779.920547 96804.439667 96715.046167 97115.668181 46.151866 -254.040093  -143.674564 -110.365529 95207.671521 96887.082500 98566.493479 833.598071 28.305382 42.551331 62.101953  -59.316274  3188.618110  0.151439
2025-02-13 07:00:00 96056.720000 96231.670000 95901.000000 96070.230000  837.451430 2025-02-13 07:59:59.999     80468063.483455  156032         412.756940     39665561.868795      0 96543.357032 96734.514937 96715.046167 96956.416786 46.298519 -254.040093  -143.674564 -110.365529 95204.113891 96885.861500 98567.609109 797.674637 28.305382 24.751595 44.591857  -71.117990  4026.069540  0.156463
2025-02-13 08:00:00 96070.230000 96175.340000 95649.850000 95943.620000 1211.554550 2025-02-13 08:59:59.999    116229483.418712  173364         430.811530     41336510.231195      0 96343.444688 96659.191609 96715.046167 96770.168202 45.059985 -254.040093  -143.674564 -110.365529 95197.839217 96883.894000 98569.948783 778.232877 28.305382 11.535436 26.279454  -82.464976  2814.514990  0.170696
2025-02-13 09:00:00 95943.620000 96297.760000 95786.200000 96262.250000  640.542690 2025-02-13 09:59:59.999     61570152.088046  112118         319.912770     30759488.514077      0 96316.379792 96621.387646 96715.046167 96713.209947 48.773927 -254.040093  -143.674564 -110.365529 95473.441411 96948.237500 98423.033589 759.184815 28.305382 16.110953 17.465995  -74.399191  3455.057680  0.316228
2025-02-13 10:00:00 96262.240000 96336.000000 96103.140000 96155.860000  421.267290 2025-02-13 10:59:59.999     40530039.763886   96745         153.118950     14731802.150442      0 96262.873195 96577.051680 96715.046167 96685.347299 47.616477 -254.040093  -143.674564 -110.365529 95578.270512 96974.585000 98370.899488 721.590185 28.305382 19.056680 15.567690  -77.102115  3033.790390  0.219221
2025-02-13 11:00:00 96155.870000 96288.740000 95599.570000 95925.110000  881.282750 2025-02-13 11:59:59.999     84537049.827056  174890         336.528680     32289530.364075      0 96150.285463 96514.961996 96715.046167 96609.326003 45.115738 -254.040093  -143.674564 -110.365529 95601.091828 96980.031500 98358.971172 719.274457 28.305382 19.397764 18.188466 -111.617217  2152.507640  0.147305
2025-02-13 12:00:00 95925.120000 96069.810000 95707.020000 95820.280000  779.428630 2025-02-13 12:59:59.999     74749859.814110  160672         370.884890     35574432.834445      0 96040.283642 96448.801806 96715.046167 96547.962399 43.985552 -254.040093  -143.674564 -110.365529 95453.106630 96921.738500 98390.370370 693.811282 28.305382 14.095075 17.516506 -110.751245  1373.079010  0.031556
2025-02-13 13:00:00 95820.290000 96301.590000 95636.790000 96074.660000 1318.765910 2025-02-13 13:59:59.999    126602660.528385  284834         661.659330     63526340.113018      0 96051.742428 96413.169253 96715.046167 96481.361312 47.427188 -254.040093  -143.674564 -110.365529 95358.902783 96857.727000 98356.551217 691.739047 28.305382 13.641180 15.711340  -84.905263  2691.844920  0.019568
2025-02-13 14:00:00 96074.670000 96104.490000 95336.000000 95857.030000 1756.052280 2025-02-13 14:59:59.999    168165530.385561  337794         691.466740     66231365.597672      0 95986.838285 96360.203610 96715.046167 96381.003818 44.886225 -254.040093  -143.674564 -110.365529 95244.182725 96804.507000 98364.831275 697.221258 29.118706 15.656131 14.464129  -95.758773   935.792640  0.074547
2025-02-13 15:00:00 95857.030000 96480.060000 95519.990000 95998.000000 1574.357870 2025-02-13 15:59:59.999    151204201.790124  312203         793.759000     76248985.158191      0 95990.558857 96325.708028 96715.046167 96338.373109 46.871811 -254.040093  -143.674564 -110.365529 95157.319393 96744.154000 98330.988607 715.996168 28.310853 21.021229 16.772847  -67.039175  2510.150510  0.037272
2025-02-13 16:00:00 95998.000000 96002.240000 95217.360000 95359.220000 1167.886400 2025-02-13 16:59:59.999    111560264.690790  224513         503.379630     48088461.793161      0 95780.112571 96233.661549 96715.046167 96276.230888 39.863501 -254.040093  -143.674564 -110.365529 94970.263040 96660.853000 98351.442960 720.916442 28.280914 16.605885 17.761082  -98.587304  1342.264110  0.033489
2025-02-13 17:00:00 95359.220000 96023.580000 95287.000000 95692.090000  825.453630 2025-02-13 17:59:59.999     78977643.619345  178524         421.265320     40301864.439190      0 95750.771714 96182.083306 96715.046167 96245.000375 44.518878 -254.040093  -143.674564 -110.365529 94885.843742 96563.132500 98240.421258 722.035268 28.174450 17.026582 18.217898  -79.409966  2167.717740  0.009708
2025-02-13 18:00:00 95692.080000 95981.200000 95320.750000 95964.010000  845.965910 2025-02-13 18:59:59.999     80900181.392344  217177         330.515130     31615273.172139      0 95821.851143 96161.314420 96715.046167 96220.537343 48.056405 -254.040093  -143.674564 -110.365529 94876.667806 96471.004500 98065.341194 717.636320 28.080705 23.235081 18.955849  -67.246195  3013.683650  0.047730
2025-02-13 19:00:00 95964.010000 96361.580000 95561.460000 95627.760000  850.371500 2025-02-13 19:59:59.999     81602066.247466  177057         422.014520     40501573.633096      0 95757.154095 96110.499713 96715.046167 96202.832439 44.295279 -254.040093  -143.674564 -110.365529 94861.423898 96358.893000 97856.362102 723.528011 26.612038 30.158272 23.473312  -54.949793  2163.312150 -0.010546
2025-02-13 20:00:00 95627.750000 96291.950000 95600.000000 96264.520000  680.563410 2025-02-13 20:59:59.999     65386866.192219  152482         355.815980     34179618.508854      0 95926.276063 96125.168312 96715.046167 96197.278921 51.962609 -215.932774  -158.126206  -57.806569 94941.881241 96281.173500 97620.465759 721.272439 25.306514 51.060665 34.818006  -29.247063  2843.875560  0.000373
2025-02-13 21:00:00 96264.520000 96774.710000 96253.330000 96488.000000  718.622210 2025-02-13 21:59:59.999     69360017.920756  137237         347.386200     33531684.214994      0 96113.517376 96159.723711 96715.046167 96208.819338 54.338102 -165.788377  -159.658640   -6.129737 95111.550700 96206.264000 97300.977300 706.994408 23.449385 63.722346 48.313761   44.264613  3562.497770 -0.019910
2025-02-13 22:00:00 96487.990000 96600.000000 96265.160000 96411.400000  330.241550 2025-02-13 22:59:59.999     31852196.255999   69394         141.187350     13616226.555807      0 96212.811584 96183.692881 96715.046167 96212.486701 53.364015 -130.722671  -153.871446   23.148775 95218.126467 96153.151000 97088.175533 680.411950 21.786151 80.397126 65.060046   50.417243  3232.256220 -0.005895
2025-02-13 23:00:00 96411.400000 96630.000000 96312.510000 96608.140000  408.144280 2025-02-13 23:59:59.999     39375956.139394   88123         192.508520     18573710.740930      0 96344.587723 96224.116417 96715.046167 96218.722979 55.567173  -86.065463  -140.310250   54.244786 95369.855467 96108.637000 96847.418533 654.488954 20.378489 82.521805 75.547092   94.380291  3640.400500  0.020649
2025-02-14 00:00:00 96608.130000 96965.510000 96531.360000 96750.830000  427.843110 2025-02-14 00:59:59.999     41380114.857764   74381         205.303580     19859992.460071      0 96480.001815 96274.279615 96715.046167 96749.233333 57.148340  -38.714141  -119.991028   81.276887 95397.043577 96099.805500 96802.567423 638.750457 20.013174 84.565042 82.494658  163.421357  4068.243610  0.045569
2025-02-14 01:00:00 96750.830000 96884.620000 96356.410000 96529.270000  463.705520 2025-02-14 01:59:59.999     44789561.328459   81463         194.606150     18801839.126039      0 96496.424543 96298.564414 96715.046167 96666.466109 53.938697  -18.848643   -99.762551   80.913908 95410.034963 96092.950000 96775.865037 630.854710 19.105717 84.023159 83.703335  128.394453  3604.538090  0.047209
2025-02-14 02:00:00 96529.280000 96835.300000 96441.270000 96528.470000  459.074770 2025-02-14 02:59:59.999     44383593.518375   81272         221.235320     21393130.973386      0 96507.106362 96320.460184 96715.046167 96644.445413 53.926920   -3.133524   -80.436745   77.303222 95408.144615 96116.537500 96824.930385 613.938659 18.284127 79.255022 82.614407  115.755255  3145.463320  0.063997
2025-02-14 03:00:00 96528.470000 97190.000000 96527.710000 97129.980000  455.171300 2025-02-14 03:59:59.999     44099653.271078   72584         247.819970     24017903.125856      0 96714.730908 96397.557309 96715.046167 96721.269869 60.848802   57.198305   -52.909735  110.108040 95335.514184 96169.525000 97003.535816 617.392327 18.449615 82.334285 81.870822  159.696056  3600.634620  0.087271
2025-02-14 04:00:00 97129.980000 97248.600000 96750.000000 96750.000000  434.863560 2025-02-14 04:59:59.999     42170713.849712   60178         154.778200     15017511.772645      0 96726.487272 96431.123280 96715.046167 96759.101614 55.206342   73.503204   -27.627148  101.130351 95345.983371 96209.844000 97073.704629 608.907160 18.737762 82.470217 81.353175  130.624107  3165.771060  0.054230
2025-02-14 05:00:00 96750.010000 96908.160000 96561.360000 96683.290000  432.682450 2025-02-14 05:59:59.999     41863692.640726   61545         143.380470     13873934.239571      0 96712.088181 96455.139158 96715.046167 96752.385082 54.255141   80.118459    -6.078026   86.196485 95342.772481 96230.896000 97119.019519 590.185220 18.325920 81.526670 82.110391   83.307026  2733.088610  0.010323
2025-02-14 06:00:00 96683.300000 96857.180000 96611.110000 96834.290000  489.846110 2025-02-14 06:59:59.999     47390691.067841   55971         249.768610     24162836.334693      0 96752.822121 96491.248762 96715.046167 96754.729884 56.099003   96.433904    14.424360   82.009544 95339.695078 96264.817500 97189.939922 565.605562 17.950323 75.500537 79.832475   81.675313  3222.934720  0.051402
2025-02-14 07:00:00 96834.300000 97075.330000 96806.510000 96944.090000  425.140910 2025-02-14 07:59:59.999     41225975.987294   56864         227.757200     22087474.792059      0 96816.578081 96534.376499 96715.046167 96776.914666 57.442306  116.876672    34.914822   81.961850 95359.382539 96315.766500 97272.150461 544.406593 18.183769 78.417626 78.481611   98.483715  3648.075630  0.056938
2025-02-14 08:00:00 96944.090000 97025.560000 96799.990000 96871.970000  344.289510 2025-02-14 08:59:59.999     33364653.067214   56864         156.701350     15186659.714822      0 96835.042054 96566.528261 96715.046167 96787.618066 56.225364  125.807996    53.093457   72.714539 95411.073164 96368.351000 97325.628836 521.632551 18.371548 80.253361 78.057175   84.374725  3303.786120  0.070331
2025-02-14 09:00:00 96871.960000 97153.500000 96831.000000 97108.310000  553.351150 2025-02-14 09:59:59.999     53696022.813125   63482         314.726750     30543479.667316      0 96926.131369 96618.126522 96715.046167 96817.631792 59.270544  150.225096    72.519785   77.705311 95421.057266 96420.033500 97419.009734 507.408797 18.878609 84.457154 81.042714   96.882298  3857.137270  0.072798
2025-02-14 10:00:00 97108.310000 97196.000000 96962.260000 97017.400000  460.851650 2025-02-14 10:59:59.999     44744391.237531   70053         197.722570     19198709.671022      0 96956.554246 96656.152567 96715.046167 96840.076330 57.610383  160.391256    90.094079   70.297177 95481.827282 96478.052000 97474.276718 487.861026 19.453901 81.978967 82.229827   95.747551  3396.285620  0.010098
2025-02-14 11:00:00 97017.410000 97143.200000 96800.000000 96887.560000  399.892810 2025-02-14 11:59:59.999     38772383.168794   73535         172.303560     16706749.243940      0 96933.556164 96678.191370 96715.046167 96847.818104 55.230939  156.170769   103.309417   52.861352 95536.629450 96522.530000 97508.430550 477.528095 19.276944 77.182843 81.206321   72.096755  2996.392810 -0.005774
2025-02-14 12:00:00 96887.550000 96887.560000 96516.200000 96652.580000  342.620530 2025-02-14 12:59:59.999     33128958.048128   78252         121.248300     11723734.949113      0 96839.897443 96675.752192 96715.046167 96838.039842 51.116217  132.339552   109.115444   23.224108 95757.742357 96587.198000 97416.653643 469.944660 18.037373 58.795648 72.652486   21.085985  2653.772280  0.057035
2025-02-14 13:00:00 96652.580000 96980.000000 96450.340000 96786.680000  601.846180 2025-02-14 13:59:59.999     58227782.703206  111718         274.489820     26559843.995496      0 96822.158295 96686.316745 96715.046167 96828.565826 53.256456  122.857664   111.863888   10.993776 95918.235343 96641.927500 97365.619657 474.210041 17.196601 49.281032 61.753174   24.983431  3255.618460  0.066198
2025-02-14 14:00:00 96786.680000 97568.280000 96572.000000 97290.950000 1394.197240 2025-02-14 14:59:59.999    135389183.758770  223155         745.007030     72363066.055345      0 96978.422197 96743.900865 96715.046167 96885.741892 60.296085  154.255413   120.342193   33.913220 96002.261572 96708.274500 97414.287428 511.500753 17.952704 53.890193 53.988958  121.774974  4649.815700  0.045566
2025-02-14 15:00:00 97290.950000 97409.300000 96252.820000 96924.390000 1660.703880 2025-02-14 15:59:59.999    160581512.115927  353272         778.201260     75244035.795206      0 96960.411465 96761.090306 96715.046167 96881.553405 53.937172  147.855639   125.844882   22.010757 96265.680512 96773.106000 97280.531488 557.570699 17.569064 58.797970 53.989732   36.425125  2989.111820  0.127471
2025-02-14 16:00:00 96924.570000 97700.000000 96494.170000 97658.700000  994.977070 2025-02-14 16:59:59.999     96528292.250331  265750         556.394370     54010063.275051      0 97193.174310 96846.576944 96715.046167 96920.303182 62.474778  199.734043   140.622714   59.111329 96257.010724 96842.815000 97428.619276 603.874935 17.866432 75.104603 62.597589  167.181382  3984.088890  0.149520
2025-02-14 17:00:00 97658.700000 98826.000000 97142.000000 98526.000000 2618.644000 2025-02-14 17:59:59.999    256502995.510443  380851        1565.974300    153468643.836396      0 97637.449540 97006.521997 96715.046167 97171.739908 69.633759  307.289669   173.956105  133.333564 96026.523396 96944.715000 97862.906604 681.026725 19.861469 78.846517 70.916363  360.667099  6602.732890  0.257073
2025-02-14 18:00:00 98525.990000 98738.570000 98166.660000 98192.840000 1370.444790 2025-02-14 18:59:59.999    134910723.640333  304535         634.204220     62430153.357516      0 97822.579693 97119.504664 96715.046167 97285.953638 64.540145  361.478155   211.460515  150.017640 96001.305154 97033.787000 98066.268846 673.232673 21.701250 86.960440 80.303853  297.439551  5232.288100  0.157291
2025-02-14 19:00:00 98192.840000 98450.000000 97656.000000 97940.450000 1025.493350 2025-02-14 19:59:59.999    100610560.792821  243450         479.615840     47057570.818442      0 97861.869795 97197.689934 96715.046167 97334.673708 60.905463  379.680437   245.104500  134.575937 96015.763967 97100.402500 98185.041033 681.858911 21.963320 76.440176 80.749044  173.994748  4206.794750  0.109115
2025-02-14 20:00:00 97940.440000 98264.850000 97003.280000 97196.090000 1052.021680 2025-02-14 20:59:59.999    102805365.494506  225682         437.024070     42717554.211033      0 97639.943197 97197.537559 96715.046167 97344.509341 51.664373  330.235496   262.130699   68.104797 96049.423115 97122.665500 98195.907885 723.266846 20.763662 59.212336 74.204318   66.410664  3154.773070  0.058847
2025-02-14 21:00:00 97196.100000 97492.690000 96697.560000 97456.790000 1072.779050 2025-02-14 21:59:59.999    104126088.925046  261638         634.069690     61544569.451946      0 97578.892131 97222.228268 96715.046167 97336.603052 54.280798  308.529797   271.410519   37.119278 96122.547126 97169.041500 98215.535874 728.399928 19.371825 49.677442 61.776652   13.712618  4227.552120  0.125173
2025-02-14 22:00:00 97456.780000 97538.110000 96922.230000 97134.590000  435.458270 2025-02-14 22:59:59.999     42364379.013543  149327         209.040120     20339799.195946      0 97430.791421 97213.881766 96734.322500 97333.241744 50.632898  262.305333   269.589481   -7.284148 96194.535243 97199.347500 98204.159757 720.362791 17.999592 39.238219 49.375999    5.436954  3792.093850  0.132639
2025-02-14 23:00:00 97134.600000 97519.990000 96995.410000 97500.480000  257.127570 2025-02-14 23:59:59.999     25015929.808047   93742         139.944070     13616093.581511      0 97454.020947 97241.176836 96757.753000 97333.317934 54.382122  252.288157   266.129217  -13.841059 96205.228063 97217.872500 98230.516937 706.378306 16.731353 43.181329 44.032330   28.044805  4049.221420  0.126016
2025-02-15 00:00:00 97500.470000 97516.200000 97223.580000 97470.880000  490.016320 2025-02-15 00:59:59.999     47720404.377225  115321         240.657680     23433635.036735      0 97459.640632 97263.053328 96782.551500 97403.553333 54.024667  239.203610   260.744095  -21.540485 96259.294109 97253.916500 98248.538891 676.824141 15.558820 43.363853 41.927801   35.536608  3559.205100  0.172668
2025-02-15 01:00:00 97470.870000 97833.420000 97436.930000 97804.240000  352.002460 2025-02-15 01:59:59.999     34374322.610017   84663         202.765730     19798848.692607      0 97574.507088 97314.594916 96829.699167 97523.940785 57.419242  252.819038   259.159084   -6.340046 96323.983938 97309.964000 98295.944062 656.800274 15.036986 52.038593 46.194592   78.319833  3911.207560  0.199750
2025-02-15 02:00:00 97804.240000 97918.530000 97625.300000 97839.040000  362.118930 2025-02-15 02:59:59.999     35402673.532750   76466         218.624140     21371179.097887      0 97662.684725 97364.542067 96866.534667 97605.242589 57.769780  263.381335   260.003534    3.377801 96373.899017 97360.201500 98346.503983 630.830968 14.725992 56.424347 50.608931   85.376031  4273.326490  0.186958
2025-02-15 03:00:00 97839.050000 97972.260000 97642.160000 97653.190000  302.294540 2025-02-15 03:59:59.999     29566078.127213   54396         128.809960     12597003.457591      0 97659.519817 97392.032346 96897.151500 97635.468870 55.158224  253.829502   258.768728   -4.939226 96420.821613 97395.656500 98370.491387 609.350185 14.549848 58.786016 55.749652   69.634681  3971.031950  0.170231
2025-02-15 04:00:00 97653.190000 97780.730000 97482.210000 97527.630000  358.468010 2025-02-15 04:59:59.999     34990106.674145   60003         100.736630      9834475.400708      0 97615.556544 97404.946408 96906.176333 97628.046897 53.401806  233.437046   253.702391  -20.265346 96482.586421 97428.439500 98374.292579 587.148029 13.960401 55.202771 56.804378   36.718917  3612.563940  0.162330
2025-02-15 05:00:00 97527.640000 97640.970000 97450.010000 97611.170000  221.136080 2025-02-15 05:59:59.999     21572966.631000   45597         109.483700     10681480.140234      0 97614.094363 97424.586750 96910.447667 97621.616087 54.441288  221.463958   247.254705  -25.790746 96516.410759 97453.582500 98390.754241 558.848884 13.328162 50.622086 54.870291   27.343501  3833.700020  0.150143
2025-02-15 06:00:00 97611.180000 97664.060000 97439.040000 97488.610000  210.605770 2025-02-15 06:59:59.999     20545537.055814   49676         107.504460     10487566.217780      0 97572.266242 97430.684203 96919.900667 97613.267015 52.587874  199.782662   237.760296  -37.977634 96561.574961 97477.143000 98392.711039 535.003964 12.801570 44.870070 50.231642   17.012809  3623.094250  0.160655
2025-02-15 07:00:00 97488.620000 97526.540000 97345.500000 97346.260000  239.220000 2025-02-15 07:59:59.999     23303138.693351   56042          92.421770      9003204.535591      0 97496.930828 97422.643802 96922.254000 97593.723959 50.439983  169.163611   224.040959  -54.877348 96622.544395 97500.078000 98377.611605 509.720823 12.036926 38.950431 44.814196  -11.211071  3383.874250  0.159643
2025-02-15 08:00:00 97346.270000 97544.000000 97301.770000 97505.510000  208.694230 2025-02-15 08:59:59.999     20336508.880392   51416          98.701530      9618425.355477      0 97499.790552 97430.535821 96930.258500 97582.827729 52.764342  155.950239   210.422815  -54.472576 96755.866406 97542.724500 98329.582594 490.614336 11.196722 38.351097 40.723866  -11.243164  3592.568480  0.176370
2025-02-15 09:00:00 97505.510000 97606.800000 97441.490000 97562.550000  224.441390 2025-02-15 09:59:59.999     21890090.534903   49369         100.294900      9782326.876135      0 97520.710368 97443.108600 96928.859333 97579.359350 53.603687  148.370871   198.012426  -49.641555 96875.200882 97581.518000 98287.835118 467.378312 10.611255 44.359247 40.553592   -0.908976  3817.009870  0.176931
2025-02-15 10:00:00 97562.560000 97731.090000 97458.000000 97653.950000  204.413890 2025-02-15 10:59:59.999     19949657.766400   56081          91.565810      8935991.378500      0 97565.123579 97463.188733 96926.315667 97581.613042 54.984033  148.032951   188.016531  -39.983580 96905.600635 97599.668000 98293.735365 453.500575 10.447083 58.774364 47.161569   13.464155  4021.423760  0.153612
2025-02-15 11:00:00 97653.940000 97669.830000 97472.750000 97615.590000  236.628870 2025-02-15 11:59:59.999     23091264.292301   58734         120.173970     11727462.330370      0 97581.945719 97477.703140 96922.075667 97581.921393 54.254479  143.021157   179.017456  -35.996299 97013.097934 97634.228000 98255.358066 435.184820 10.294926 65.417067 56.183560   -4.301430  3784.794890  0.158277
2025-02-15 12:00:00 97615.590000 97833.420000 97531.520000 97753.820000  316.934580 2025-02-15 12:59:59.999     30958949.964316   79807         157.550270     15390954.282179      0 97639.237146 97503.999984 96920.990833 97592.494335 56.494604  148.491562   172.912277  -24.420716 97015.724219 97638.984000 98262.243781 425.664476 10.657792 72.899787 65.697073   26.391559  4101.729470  0.100340
2025-02-15 13:00:00 97753.810000 97962.510000 97677.280000 97716.890000  706.147640 2025-02-15 13:59:59.999     69067578.841628   93212         407.443980     39862559.613853      0 97665.121431 97524.275223 96916.502500 97623.247570 55.709701  148.139297   167.957681  -19.818384 97123.385830 97598.528500 98073.671170 415.633442 11.365479 69.853787 69.390214   63.925192  3395.581830 -0.107380
2025-02-15 14:00:00 97716.890000 97756.000000 97426.570000 97593.610000  673.388620 2025-02-15 14:59:59.999     65695310.647444  132285         356.103630     34737004.311133      0 97641.284287 97530.878535 96918.501667 97619.134908 53.059549  136.340807   161.634307  -25.293500 97179.294091 97568.567000 97957.839909 409.476053 11.042173 62.351779 68.368451   12.563062  2722.193210  0.024432
2025-02-15 15:00:00 97593.620000 97722.220000 97548.230000 97633.220000  312.887330 2025-02-15 15:59:59.999     30548726.660356   83807         153.472450     14984427.275676      0 97638.596191 97540.625342 96920.748333 97620.025279 53.819689  128.703006   155.048046  -26.345040 97201.401430 97553.205500 97905.009570 392.655621 10.742382 52.950335 61.718634   44.943572  3035.080540  0.060966
2025-02-15 16:00:00 97633.210000 97714.390000 97455.480000 97535.390000  278.610590 2025-02-15 16:59:59.999     27185276.188334   76707         111.531830     10882988.460181      0 97604.194128 97540.126738 96930.880500 97617.501980 51.597275  113.448171   146.728071  -33.279900 97258.446197 97570.170500 97881.894803 383.102362 10.109187 42.601182 52.634432   10.057537  2756.469950  0.150869
2025-02-15 17:00:00 97535.390000 97584.840000 97304.380000 97410.280000  331.547000 2025-02-15 17:59:59.999     32298061.120541   85096         155.375110     15135231.182282      0 97539.556085 97527.760382 96943.278833 97607.365941 48.820801   90.223236   135.427104  -45.203869 97252.104004 97567.845000 97883.585996 375.770765  9.790886 33.566555 43.039358  -71.481295  2424.922950  0.010252
2025-02-15 18:00:00 97410.290000 97584.910000 97368.820000 97540.790000  178.749620 2025-02-15 18:59:59.999     17423552.534038   59299          86.359280      8417856.998202      0 97539.967390 97529.001298 96968.013333 97604.222066 51.738269   81.409930   124.623669  -43.213739 97341.889275 97588.155000 97834.420725 364.364996  9.495369 29.146754 35.104831  -50.305334  2603.672570  0.047922
2025-02-15 19:00:00 97540.800000 97650.000000 97509.610000 97531.900000  132.930670 2025-02-15 19:59:59.999     12972803.473970   45258          58.637930      5722217.838936      0 97537.278260 97529.277365 96992.374500 97603.375471 51.522815   72.867996   114.272535  -41.404538 97345.323710 97589.726000 97834.128290 348.366782  8.947203 29.142073 30.618461  -16.278353  2470.741900 -0.002979
2025-02-15 20:00:00 97531.910000 97641.780000 97414.050000 97539.400000  186.072880 2025-02-15 20:59:59.999     18146719.319408   71774          83.662480      8159112.397761      0 97537.985507 97530.241425 97018.970833 97601.333466 51.705534   65.943484   104.606725  -38.663240 97353.637499 97593.152000 97832.666501 339.749869  8.819113 35.655982 31.314936  -47.895805  2656.814780 -0.056044
2025-02-15 21:00:00 97539.400000 97691.470000 97539.390000 97684.230000  178.149510 2025-02-15 21:59:59.999     17392017.504447   51610          88.442660      8633748.367821      0 97586.733671 97544.907004 97042.670500 97602.317270 55.215904   71.320194    97.949419  -26.629224 97363.610488 97587.151500 97810.692512 326.344878  8.474548 42.892313 35.896789   40.066808  2834.964290 -0.081412
2025-02-15 22:00:00 97684.230000 97741.350000 97432.500000 97545.760000  290.272630 2025-02-15 22:59:59.999     28327325.662985   67655         144.957790     14147103.061232      0 97573.075781 97544.988241 97065.835500 97601.109250 51.371248   63.673911    91.094317  -27.420406 97380.749292 97572.487500 97764.225708 325.095244  8.593234 43.508150 40.685482   -5.014498  2544.691660 -0.124408
2025-02-15 23:00:00 97545.770000 97634.220000 97426.560000 97569.660000  353.645270 2025-02-15 23:59:59.999     34486322.685117   90053         163.864330     15977975.925105      0 97571.937187 97547.337933 97093.244667 97598.336184 51.992587   58.864157    84.648285  -25.784128 97380.181290 97568.311000 97756.440710 316.707012  8.727820 44.956125 43.785529  -26.362110  2898.336930 -0.052144
2025-02-16 00:00:00 97569.670000 97704.470000 97554.650000 97594.570000  146.658760 2025-02-16 00:59:59.999     14319963.728592   44252          70.020170      6836535.821289      0 97579.481458 97551.836225 97122.816167 97617.896667 52.671353   56.412137    79.001055  -22.588918 97384.161609 97571.658000 97759.154391 304.786512  8.487496 40.359301 42.941192   51.988567  3044.995690 -0.021984
2025-02-16 01:00:00 97594.580000 97660.380000 97538.870000 97643.000000  128.320380 2025-02-16 01:59:59.999     12523786.494721   35341          56.448470      5508673.347797      0 97600.654305 97560.518489 97148.955167 97616.117156 54.032143   57.711527    74.743150  -17.031622 97383.907319 97573.249500 97762.591681 291.695332  8.339301 45.284366 43.533264   43.935480  3173.316070 -0.033277
2025-02-16 02:00:00 97643.010000 97653.300000 97469.290000 97524.870000  306.896760 2025-02-16 02:59:59.999     29945768.482632   54699         135.099850     13182872.165581      0 97575.392870 97557.123395 97176.752500 97580.798662 50.237868   48.648411    69.524202  -20.875791 97388.320271 97575.062500 97761.804729 284.003523  8.535545 43.015818 42.886495  -23.980431  2866.419310 -0.033362
2025-02-16 03:00:00 97524.870000 97547.170000 97411.110000 97547.170000  353.509030 2025-02-16 03:59:59.999     34459997.377457   56958         158.923580     15491989.740074      0 97565.985247 97556.175453 97202.572000 97550.949081 50.938273   42.772199    64.173801  -21.401603 97429.690841 97585.108000 97740.525159 273.436128  8.990949 46.238046 44.846077  -84.018274  3219.928340  0.070055
2025-02-16 04:00:00 97547.170000 97583.490000 97472.040000 97530.810000  212.158820 2025-02-16 04:59:59.999     20690539.231524   33759         116.605060     11371687.260602      0 97554.260165 97553.759695 97238.765167 97546.850443 50.378058   36.375825    58.614206  -22.238381 97433.171895 97586.373000 97739.574105 261.865690  9.182938 46.360167 45.204677  -61.917284  3007.769520  0.047278
2025-02-16 05:00:00 97530.810000 97682.040000 97485.940000 97603.300000  142.814400 2025-02-16 05:59:59.999     13932641.469757   28493          70.918410      6918450.931710      0 97570.606776 97558.477819 97270.618667 97551.673377 52.852343   36.732560    54.237877  -17.505317 97435.447202 97588.410500 97741.373798 257.168141  8.755707 57.995148 50.197787    8.405521  3150.583920  0.034528
2025-02-16 06:00:00 97603.300000 97625.630000 97451.990000 97487.260000  175.633110 2025-02-16 06:59:59.999     17132333.207215   30776          63.163090      6162522.912326      0 97542.824518 97551.695170 97296.006167 97548.073631 48.668829   27.336696    48.857641  -21.520945 97424.168609 97580.076000 97735.983391 251.201845  8.548476 54.025829 52.793715  -68.853460  2974.950810  0.000458
2025-02-16 07:00:00 97487.270000 97487.270000 97212.000000 97248.980000  215.820700 2025-02-16 07:59:59.999     21014150.281294   42410          59.691170      5812570.692170      0 97444.876345 97522.865154 97323.026500 97518.303175 41.418810    0.655644    39.217241  -38.561598 97350.473758 97561.745500 97773.017242 252.920999  9.516397 39.081737 50.367571 -249.420047  2759.130110 -0.046544
2025-02-16 08:00:00 97248.980000 97331.420000 97131.060000 97163.860000  297.815950 2025-02-16 08:59:59.999     28954432.806534   52756          99.735630      9697359.886853      0 97351.204230 97488.674187 97338.015500 97471.738395 39.173828  -27.045986    25.964596  -53.010582 97276.436491 97532.247500 97788.058509 249.166642 10.743132 18.070755 37.059440 -282.013326  2461.314160 -0.109200
2025-02-16 09:00:00 97163.870000 97365.740000 97061.580000 97365.740000  271.705590 2025-02-16 09:59:59.999     26406649.160423   69957         135.819530     13201228.468939      0 97356.049487 97476.966169 97352.644500 97446.709815 46.570596  -32.336938    14.304289  -46.641227 97263.826316 97514.690000 97765.553684 253.094739 12.152689 19.034989 25.395827 -192.874415  2733.019750  0.032894
2025-02-16 10:00:00 97365.730000 97388.890000 97166.660000 97180.980000  225.846230 2025-02-16 10:59:59.999     21970781.910385   48669          78.704530      7655997.642004      0 97297.692991 97448.777010 97365.470833 97428.366285 41.586328  -50.852448     1.272942  -52.125390 97207.254120 97494.058500 97780.862880 250.890115 13.291462 22.561268 19.889004 -164.813414  2507.173520 -0.007683
2025-02-16 11:00:00 97180.980000 97336.030000 97152.000000 97336.000000  391.601880 2025-02-16 11:59:59.999     38083799.114343   57097         227.364850     22112672.912593      0 97310.461994 97438.036342 97377.601833 97407.386946 46.737171  -52.413119    -9.464270  -42.948848 97191.975167 97479.197500 97766.419833 246.114392 14.411582 34.226282 25.274180 -120.383599  2898.775400  0.075524
2025-02-16 12:00:00 97335.990000 97336.000000 97096.000000 97125.630000  349.358850 2025-02-16 12:59:59.999     33960392.136639   51596          95.131210      9247839.264756      0 97248.851329 97408.283357 97383.848500 97383.339960 41.401809  -69.820219   -21.535460  -48.284759 97134.382332 97458.709500 97783.036668 245.677650 15.695163 22.632375 26.473309 -141.482518  2549.416550  0.042295
2025-02-16 13:00:00 97125.640000 97212.430000 96788.210000 96842.370000  697.900500 2025-02-16 13:59:59.999     67699930.066036   86427         243.275130     23607395.963038      0 97113.357553 97354.386847 97389.066833 97305.696676 35.521747 -105.258827   -38.280133  -66.978694 97009.043675 97430.314000 97851.584325 258.430675 17.956680 18.747782 25.202147 -202.430571  1851.516050 -0.044420
2025-02-16 14:00:00 96842.370000 97029.900000 96645.350000 96969.580000  530.026770 2025-02-16 14:59:59.999     51317240.871700  115501         222.388110     21535695.833741      0 97065.431702 97317.738576 97396.418667 97255.140250 39.665992 -121.676781   -54.959463  -66.717318 96938.914378 97401.753500 97864.592622 267.439198 20.431231 15.716437 19.032198 -182.186544  2381.542820  0.004549
2025-02-16 15:00:00 96969.580000 97092.350000 96911.000000 96911.010000  305.788140 2025-02-16 15:59:59.999     29661831.788942   61437         129.958440     12605906.350918      0 97013.957801 97279.002521 97392.769167 97236.884626 38.440912 -137.825472   -71.532665  -66.292807 96865.591961 97370.709000 97875.826039 261.289970 22.240244 20.937426 18.467215 -129.326151  2075.754680 -0.032920
2025-02-16 16:00:00 96911.010000 97115.000000 96880.000000 97052.640000  239.191430 2025-02-16 16:59:59.999     23201181.219539   57517         106.678750     10347050.236782      0 97026.851868 97257.444186 97397.813167 97226.293179 43.023460 -137.608800   -84.747892  -52.860908 96829.344775 97346.371000 97863.397225 259.412115 24.010368 32.062944 22.905602 -101.873447  2314.946110 -0.016539
2025-02-16 17:00:00 97052.640000 97169.150000 96931.060000 96982.950000  229.879090 2025-02-16 17:59:59.999     22309722.660443   56898         125.505570     12179643.811498      0 97012.217912 97231.301882 97402.807500 97217.549938 41.390717 -141.430167   -96.084347  -45.345820 96795.571210 97311.307000 97827.042790 257.889107 25.211210 32.492838 28.497736  -89.511657  2085.067020 -0.065988
2025-02-16 18:00:00 96982.940000 97000.000000 96609.050000 96872.590000  410.329770 2025-02-16 18:59:59.999     39737465.761636  119591         229.284000     22206597.926596      0 96965.675274 97197.138846 97403.445833 97189.107486 38.874745 -151.616022  -107.190682  -44.425340 96740.105287 97277.648500 97815.191713 267.393456 27.224979 32.137999 32.231260 -134.783488  1674.737250 -0.027862
2025-02-16 19:00:00 96872.580000 97108.180000 96763.110000 97058.470000  308.170230 2025-02-16 19:59:59.999     29887184.449349   81769         215.627260     20913091.491442      0 96996.606850 97183.932289 97405.352167 97178.080733 44.944979 -143.040541  -114.360654  -28.679888 96723.985551 97252.089000 97780.192449 272.941781 28.312185 33.778490 32.803109  -82.178587  1982.907480 -0.013658
2025-02-16 20:00:00 97058.470000 97160.740000 96861.380000 96909.540000  304.097550 2025-02-16 20:59:59.999     29507867.930600   61335         136.374320     13232692.952552      0 96967.584566 97157.799690 97405.978333 97168.297595 41.397702 -146.572224  -120.802968  -25.769256 96694.186941 97217.837500 97741.488059 274.828796 28.955110 34.328696 33.415062  -74.199172  1678.809930 -0.035899
2025-02-16 21:00:00 96909.550000 97282.380000 96852.010000 97165.090000  315.917710 2025-02-16 21:59:59.999     30652665.360416   81227         190.033530     18441421.791135      0 97033.419711 97158.494005 97406.924667 97164.999878 48.856709 -127.283118  -122.098998   -5.184120 96707.804408 97193.942000 97680.079592 285.938882 28.744075 49.908873 39.338686  -31.225098  1994.727640 -0.026536
2025-02-16 22:00:00 97165.100000 97187.180000 96570.470000 96865.790000  334.518830 2025-02-16 22:59:59.999     32396408.736037   79837         145.947690     14135593.189271      0 96977.543141 97130.617434 97404.397833 97150.902848 42.098273 -134.595834  -124.598365   -9.997469 96679.718873 97160.988000 97642.257127 309.565391 29.448655 47.200589 43.812719  -94.891955  1660.208810 -0.009411
2025-02-16 23:00:00 96865.790000 96884.890000 96046.180000 96118.120000 1297.464420 2025-02-16 23:59:59.999    124927508.048759  188399         607.032280     58436926.070752      0 96691.068760 97034.189107 97391.573833 97024.002672 30.680674 -198.434506  -139.365593  -59.068912 96457.961625 97089.535500 97721.109375 347.361434 31.219908 37.581263 44.896909 -228.895923   362.744390 -0.205043
2025-02-17 00:00:00 96118.120000 96443.500000 96023.170000 96319.220000  559.724830 2025-02-17 00:59:59.999     53885155.011256  135946         308.630940     29717393.433428      0 96567.119174 96966.096811 97386.017833 96261.963333 35.729700 -230.147031  -157.521881  -72.625151 96347.825607 97028.956000 97710.086393 352.573475 32.903335 21.330663 35.370838 -222.047580   922.469220 -0.167112
2025-02-17 01:00:00 96319.220000 96533.520000 96060.500000 96508.630000  408.534260 2025-02-17 01:59:59.999     39349829.700849  102102         224.497600     21627401.930213      0 96547.622782 96922.528543 97381.383667 96306.513156 40.151339 -237.260640  -173.469633  -63.791007 96310.800152 96974.222500 97637.644848 361.176798 33.938777 21.628653 26.846859 -172.771520  1331.003480 -0.118592
2025-02-17 02:00:00 96508.630000 96638.050000 96156.550000 96228.980000  411.700540 2025-02-17 02:59:59.999     39686742.134052   75560         244.940320     23612085.316069      0 96441.408522 96856.476301 97363.684167 96316.859725 36.192333 -262.438417  -191.263389  -71.175027 96216.519102 96911.308500 97606.097898 369.771312 34.307282 25.290837 22.750051 -152.021289   919.302940 -0.137785
2025-02-17 03:00:00 96228.970000 96280.000000 96032.990000 96215.330000  486.612630 2025-02-17 03:59:59.999     46795051.902622   52496         272.952490     26248893.873562      0 96366.049014 96795.414748 97351.866500 96280.165611 36.005713 -280.262733  -209.063258  -71.199475 96120.626142 96859.626000 97598.625858 361.002647 34.940442 22.860956 23.260148 -160.358215   432.690310 -0.086812
2025-02-17 04:00:00 96215.320000 96259.840000 96013.000000 96026.010000  488.422420 2025-02-17 04:59:59.999     46937308.647381   55143         204.132970     19620321.643468      0 96252.702676 96722.138106 97324.655000 96242.720026 33.430931 -306.136226  -228.477852  -77.658374 95994.250212 96802.733500 97611.216788 352.848172 35.575088 10.876549 19.676114 -145.207563   -55.732110 -0.112502
2025-02-17 05:00:00 96026.010000 96328.140000 95800.000000 96242.660000  913.038020 2025-02-17 05:59:59.999     87729691.004147  139989         417.849470     40155644.552605      0 96249.355118 96676.473524 97286.599333 96209.439725 38.822414 -305.636128  -243.909507  -61.726621 95946.346196 96746.579500 97546.812804 365.369017 36.632889 15.382237 16.373247 -118.234141   857.305910 -0.067115
2025-02-17 06:00:00 96242.670000 96445.450000 96208.000000 96376.770000  512.870160 2025-02-17 06:59:59.999     49414098.652515   72429         218.577800     21058221.976792      0 96291.826745 96647.930331 97256.331500 96227.612011 41.956264 -291.063047  -253.340215  -37.722832 95916.738164 96706.369000 97495.999836 356.231945 36.919387 23.264909 16.507898  -67.436993  1370.176070 -0.021598
2025-02-17 07:00:00 96376.780000 96463.200000 95900.940000 96068.220000  811.650710 2025-02-17 07:59:59.999     77996688.820341   91902         306.114500     29409862.451465      0 96217.291163 96592.719824 97225.127667 96212.856309 37.230869 -300.942108  -262.860594  -38.081515 95862.208595 96642.980000 97423.751405 370.948234 37.839988 28.954564 22.533903  -92.599425   558.525360 -0.093316
2025-02-17 08:00:00 96068.210000 96298.720000 95937.050000 96144.030000  549.749740 2025-02-17 08:59:59.999     52837866.048062  107974         258.955440     24890356.193156      0 96192.870776 96549.987459 97207.593333 96203.634880 39.047304 -299.205053  -270.129485  -29.075567 95817.260691 96593.900000 97370.539309 370.285503 38.694775 26.736734 26.318736  -86.263327  1108.275100 -0.057601
2025-02-17 09:00:00 96144.030000 96318.620000 96076.920000 96166.260000  367.320570 2025-02-17 09:59:59.999     35338981.736141   80767         170.793900     16432913.205327      0 96184.000517 96513.441987 97186.084500 96202.543630 39.599271 -292.661034  -274.635795  -18.025239 95770.901814 96560.094500 97349.287186 361.100824 39.365722 22.003130 25.898143  -68.319125  1475.595670 -0.016223
2025-02-17 10:00:00 96166.260000 96395.680000 96050.000000 96106.170000  523.654210 2025-02-17 10:59:59.999     50396688.643900  109619         260.311780     25050378.087837      0 96158.057011 96474.654179 97168.944167 96200.929808 38.582192 -288.992290  -277.507094  -11.485196 95727.592547 96516.924000 97306.255453 359.999337 39.505844 22.856488 23.865451  -63.278668   951.941460 -0.089580
2025-02-17 11:00:00 96106.180000 96300.000000 95990.000000 96063.180000  841.855310 2025-02-17 11:59:59.999     80908607.660836   92400         408.097330     39220322.358353      0 96126.431341 96435.466162 97144.989167 96190.741641 37.833515 -286.253960  -279.256467   -6.997493 95683.348606 96474.532500 97265.716394 356.427956 39.790457 21.444606 22.101408  -70.597133   110.086150 -0.098365
2025-02-17 12:00:00 96063.170000 96510.660000 96059.400000 96457.760000  726.173840 2025-02-17 12:59:59.999     69928747.476158  106791         405.443660     39040958.848575      0 96236.874227 96437.589384 97128.103833 96205.249726 47.838374 -249.369924  -273.279159   23.909235 95699.370672 96444.788500 97190.206328 363.201673 38.800806 33.418480 25.906524  -22.552298   836.259990 -0.052856
2025-02-17 13:00:00 96457.750000 96482.350000 96253.900000 96411.950000  372.700670 2025-02-17 13:59:59.999     35914469.626478   71684         193.743770     18670563.089687      0 96295.232818 96435.147538 97104.899000 96213.545211 46.894771 -221.284711  -262.880269   41.595558 95712.903983 96416.238500 97119.573017 353.576554 37.881886 50.874065 35.245717   -8.071674   463.559320 -0.027252
2025-02-17 14:00:00 96411.960000 97046.590000 96400.000000 96799.990000 1627.341880 2025-02-17 14:59:59.999    157501601.540208  209798        1076.099800    104170110.530759      0 96463.485212 96469.894439 97087.581500 96304.276222 54.993055 -165.804107  -243.465037   77.660930 95718.037813 96412.608500 97107.179187 374.506086 35.799358 71.289309 51.860618   85.881493  2090.901200 -0.004529
2025-02-17 15:00:00 96800.000000 96898.900000 95564.000000 95659.460000 1708.388190 2025-02-17 15:59:59.999    164204933.933504  255055         648.553200     62346966.205689      0 96195.476808 96392.710207 97054.352667 96264.474907 37.089992 -211.429341  -237.057898   25.628556 95640.607242 96342.658000 97044.708758 443.105651 34.988753 53.225823 58.463066  -95.317879   382.513010 -0.128193
2025-02-17 16:00:00 95659.450000 95945.490000 95303.210000 95334.750000 1651.994500 2025-02-17 16:59:59.999    157879827.279320  260200         692.077370     66149751.523802      0 95908.567872 96291.952092 97017.804667 96170.586581 33.723865 -270.668948  -243.780108  -26.888840 95484.829097 96263.918500 97043.007903 457.332390 34.738043 29.488632 51.334588 -229.234351 -1269.481490 -0.202688
2025-02-17 17:00:00 95334.750000 95725.000000 95288.000000 95479.780000  718.309890 2025-02-17 17:59:59.999     68602389.071124  149141         383.985830     36673969.248373      0 95765.638581 96214.602369 96982.281500 96135.249139 36.496045 -302.427855  -255.509657  -46.918198 95445.398124 96179.653000 96913.907876 455.880077 34.533678  6.384396 29.699617 -226.161079  -551.171600 -0.212485
2025-02-17 18:00:00 95479.780000 95770.860000 95249.740000 95340.830000  628.417420 2025-02-17 18:59:59.999     59970956.418148  163121         287.253760     27412918.270577      0 95624.035721 96131.385953 96946.485167 96105.320815 34.986153 -334.948048  -271.397335  -63.550713 95353.442867 96103.405000 96853.367133 460.540071 34.169540  5.927961 13.933663 -214.105293 -1179.589020 -0.233768
2025-02-17 19:00:00 95340.830000 95596.240000 95205.000000 95531.360000  483.410930 2025-02-17 19:59:59.999     46102995.586800  136126         242.939040     23167996.966907      0 95593.143814 96074.240624 96916.236833 96083.714823 38.729344 -341.410786  -285.400025  -56.010760 95283.874543 96074.067000 96864.259457 455.590066 33.927577 11.232132  7.848163 -172.755462  -696.178090 -0.152124
2025-02-17 20:00:00 95531.360000 96267.450000 95488.900000 95971.360000  569.508580 2025-02-17 20:59:59.999     54624214.524507  122743         318.246370     30521747.771146      0 95719.215876 96064.442469 96890.667667 96077.246211 46.403747 -307.483748  -289.816770  -17.666978 95273.549617 96056.674000 96839.798383 478.658633 31.505636 21.468370 12.876155  -43.353877  -126.669510 -0.158266
2025-02-17 21:00:00 95971.350000 96413.430000 95917.510000 96409.330000  465.722470 2025-02-17 21:59:59.999     44775372.786927   98770         203.037810     19522989.952686      0 95949.253917 96097.288901 96871.447333 96082.234163 52.748104 -242.460869  -280.345590   37.884720 95278.918213 96051.709000 96824.499787 479.891588 29.630211 41.577296 24.759266   45.572210   339.052960 -0.151433
2025-02-17 22:00:00 96409.330000 96413.430000 95829.630000 95875.480000  351.442770 2025-02-17 22:59:59.999     33769787.229908   74911         140.207380     13473184.843887      0 95924.662612 96076.164244 96841.806167 96081.306149 45.654084 -231.340257  -270.544523   39.204266 95262.099865 96034.034000 96805.968135 487.313617 27.642240 47.805972 36.950546   -4.642183   -12.389810 -0.152617
2025-02-17 23:00:00 95875.480000 96009.110000 95673.020000 95780.000000  313.500560 2025-02-17 23:59:59.999     30041520.740283   66570         122.973120     11784124.861833      0 95876.441741 96047.958125 96811.213000 96076.352425 44.501331 -227.607808  -261.957180   34.349372 95237.464175 96012.267500 96787.070825 476.511930 25.969290 44.342298 44.575189  -56.397630  -325.890370 -0.178063
2025-02-18 00:00:00 95780.010000 96058.620000 95538.010000 95637.930000  519.606900 2025-02-18 00:59:59.999     49755255.304766   95160         250.087670     23956566.954684      0 95796.937827 96008.907828 96775.948167 95744.853333 42.770802 -233.422923  -256.250329   22.827406 95201.155174 95992.863500 96784.571826 479.661792 24.772329 30.379726 40.842666  -66.996462  -845.497270 -0.169716
2025-02-18 01:00:00 95637.930000 96300.000000 95606.460000 96266.240000  463.755200 2025-02-18 01:59:59.999     44534317.312349  100998         296.999190     28519884.662867      0 95953.371885 96033.415654 96751.770667 95892.329461 51.713835 -185.197239  -242.039711   56.842472 95200.781006 95994.042500 96787.303994 494.938807 23.055719 37.452600 37.391541    9.668528  -381.742070 -0.189081
2025-02-18 02:00:00 96266.240000 96322.970000 96015.000000 96064.470000  338.796480 2025-02-18 02:59:59.999     32583208.767935   70488         159.170300     15308814.205330      0 95990.404590 96036.373210 96726.285000 95954.293902 49.062387 -161.398686  -225.911506   64.512820 95203.840886 95978.427500 96753.014114 481.583892 21.527385 42.601592 36.811306   31.795127  -720.538550 -0.223218
2025-02-18 03:00:00 96064.470000 96290.000000 96000.000000 96200.000000  280.185120 2025-02-18 03:59:59.999     26953943.181083   60630         125.522100     12075153.741707      0 96060.269727 96051.956714 96702.398000 95990.846446 50.884027 -130.102285  -206.749662   76.647377 95205.261988 95985.016500 96764.771012 467.899329 20.061271 52.775229 44.276474   38.785507  -440.353430 -0.199788
2025-02-18 04:00:00 96200.000000 96300.730000 95968.100000 96070.810000  359.460210 2025-02-18 04:59:59.999     34575729.394984   69088         139.974470     13465647.117653      0 96063.783151 96053.752265 96677.988333 96013.267661 49.082147 -114.405420  -188.280813   73.875393 95203.937637 95981.355500 96758.773363 458.237234 18.661788 50.604268 48.660363   26.444483  -799.813640 -0.218942
2025-02-18 05:00:00 96070.810000 96110.630000 95539.140000 95609.490000  605.160980 2025-02-18 05:59:59.999     57962051.870808  131850         239.440360     22934841.460981      0 95912.352101 96011.441573 96647.975167 95951.930092 43.199401 -137.603997  -178.145450   40.541453 95164.785448 95953.517000 96742.248552 466.326717 18.602882 46.205054 49.861517  -56.748098 -1404.974620 -0.241698
2025-02-18 06:00:00 95609.500000 95641.790000 95254.120000 95382.750000 1410.874240 2025-02-18 06:59:59.999    134601240.892333  219640         622.052620     59345637.152820      0 95735.818067 95951.566185 96612.007833 95765.469352 40.622299 -172.298906  -176.976141    4.677236 95094.328077 95917.346000 96740.363923 460.708380 19.199658 33.098311 43.302544 -117.706149 -2815.848860 -0.235235
2025-02-18 07:00:00 95382.740000 95713.190000 95298.060000 95456.930000  800.990030 2025-02-18 07:59:59.999     76481761.121105  136145         339.766620     32448218.423297      0 95642.855378 95904.457977 96577.425000 95719.195646 41.844626 -191.600513  -179.901015  -11.699497 95043.335581 95887.033500 96730.731419 457.452781 19.490125 23.009745 34.104370  -91.881626 -2014.858830 -0.218086
2025-02-18 08:00:00 95456.920000 95582.110000 95050.000000 95238.890000  971.766620 2025-02-18 08:59:59.999     92593920.351186  135621         445.985450     42493433.911526      0 95508.200252 95841.070551 96539.083167 95646.724184 39.284734 -221.932877  -188.307388  -33.625489 94980.015541 95826.090000 96672.164459 462.785440 20.297612 16.470303 24.192786 -119.779410 -2986.625450 -0.271647
2025-02-18 09:00:00 95238.890000 95780.500000 95149.040000 95775.950000  719.875810 2025-02-18 09:59:59.999     68761078.472292  154834         395.164370     37743003.360061      0 95597.450168 95834.868594 96507.278500 95638.020940 47.761730 -200.326007  -190.711112   -9.614896 94992.009846 95794.290000 96596.570154 474.833623 20.319444 29.315377 22.931809  -55.885200 -2266.749640 -0.227559
2025-02-18 10:00:00 95775.940000 95872.170000 95634.050000 95742.500000  370.883410 2025-02-18 10:59:59.999     35514165.134041   88735         157.935540     15123235.889409      0 95645.800112 95826.071585 96477.224167 95644.068416 47.318597 -183.783007  -189.325491    5.542484 95085.122473 95741.415500 96397.708527 457.925507 20.018164 39.296480 28.360720   -6.230778 -2637.633050 -0.278901
2025-02-18 11:00:00 95742.500000 95782.100000 95566.840000 95640.340000  420.655390 2025-02-18 11:59:59.999     40240331.575727   69775         165.373820     15818908.346344      0 95643.980075 95808.382862 96445.068833 95645.170443 45.917396 -176.877089  -186.835810    9.958722 95083.636242 95740.459500 96397.282758 440.592256 19.909968 49.111188 39.241015  -24.940158 -3058.288440 -0.200832
2025-02-18 12:00:00 95640.350000 96281.050000 95600.170000 96194.000000  733.800880 2025-02-18 12:59:59.999     70443134.735968  125776         424.537090     40758555.293483      0 95827.320050 95845.108304 96421.726000 95680.035333 53.887036 -125.284166  -174.525481   49.241315 95125.962158 95783.422000 96440.881842 457.755667 18.742535 61.319249 49.908972   65.642142 -2324.487560 -0.040196
2025-02-18 13:00:00 96194.000000 96482.910000 96107.770000 96230.000000  963.651320 2025-02-18 13:59:59.999     92789383.905435  150574         555.276220     53473364.359689      0 95961.546700 95881.764656 96398.176000 95743.872959 54.358002  -80.562826  -155.732950   75.170124 95151.551320 95820.933000 96490.314680 451.854548 18.175499 71.838877 60.756438  116.730031 -1360.836240 -0.060413
2025-02-18 14:00:00 96230.000000 96753.910000 95375.120000 95536.830000 1540.361720 2025-02-18 14:59:59.999    147982802.132702  342435         686.543050     65997655.549002      0 95819.974467 95848.913736 96365.042000 95765.107867 44.857912  -99.902257  -144.566812   44.664555 95184.412029 95830.733000 96477.053971 518.064223 17.900687 66.929941 66.696022   13.213740 -2901.197960 -0.116803
2025-02-18 15:00:00 95536.830000 95730.770000 95200.000000 95546.480000 1236.230660 2025-02-18 15:59:59.999    118035411.191932  373317         588.156390     56167619.728832      0 95728.809644 95820.110523 96331.697167 95736.383630 45.002018 -113.145945  -138.282638   25.136694 95186.536578 95831.489000 96476.441422 518.971778 17.983096 46.686312 61.818377  -96.175415 -1664.967300 -0.106189
2025-02-18 16:00:00 95546.490000 95633.150000 94617.450000 94639.980000 2070.633740 2025-02-18 16:59:59.999    196699494.444680  330695         747.817840     71042928.553834      0 95365.866430 95707.717140 96283.516667 95620.475773 35.592220 -194.546031  -149.535317  -45.010714 94941.352237 95764.920000 96588.487763 554.452366 19.013743 19.587861 44.401371 -197.254035 -3735.601040 -0.237116
2025-02-18 17:00:00 94639.980000 94878.740000 94102.150000 94102.160000 1522.903880 2025-02-18 17:59:59.999    143842014.604078  281028         669.599840     63273963.060641      0 94944.630953 95554.806936 96225.164333 95495.355999 31.397549 -299.006999  -179.429653 -119.577346 94603.170159 95649.561500 96695.952841 570.319339 20.626593 10.064205 25.446126 -266.433985 -5258.504920 -0.345291
2025-02-18 18:00:00 94102.160000 94350.870000 93600.000000 93924.030000 1837.496750 2025-02-18 18:59:59.999    172613044.982715  334488         853.647120     80191671.262696      0 94604.430635 95399.494847 96165.777167 95330.835657 30.130947 -391.651951  -221.874113 -169.777838 94270.529978 95551.989000 96833.448022 583.215815 22.644781  3.776280 11.142782 -258.550149 -7096.001670 -0.313383
2025-02-18 19:00:00 93924.030000 94403.880000 93388.090000 94104.140000 1415.120540 2025-02-18 19:59:59.999    132690924.295235  257052         711.981110     66775290.726788      0 94437.667090 95276.127719 96113.363167 95226.849183 33.070930 -445.406008  -266.580492 -178.825516 94045.906402 95468.196000 96890.485598 614.113971 24.714748 10.516151  8.118879 -201.693501 -5680.881130 -0.257463
2025-02-18 20:00:00 94104.150000 94458.400000 93730.720000 94196.020000 1086.138900 2025-02-18 20:59:59.999    102242322.056168  217635         577.637640     54375999.491507      0 94357.118060 95173.260317 96063.899167 95166.188772 34.583158 -475.115699  -308.287533 -166.828166 93872.932392 95396.100500 96919.268608 622.225830 26.478183 18.517344 10.936592 -146.996833 -4594.742230 -0.217309
2025-02-18 21:00:00 94196.770000 95351.400000 94118.800000 95065.460000 1602.568260 2025-02-18 21:59:59.999    152160128.213466  269230         889.273550     84432809.707145      0 94593.232040 95162.993620 96025.561167 95142.006723 46.826528 -423.621062  -331.354239  -92.266823 93860.914579 95336.061500 96811.208421 665.823985 25.924185 31.704508 20.246001  -57.238950 -2992.173970 -0.183402
2025-02-18 22:00:00 95065.460000 95534.250000 94855.670000 95304.430000 1040.646820 2025-02-18 22:59:59.999     99033328.647712  120333         627.348960     59705712.543792      0 94830.298027 95176.463752 95994.285333 95146.178500 49.617647 -359.385536  -336.960498  -22.425038 93861.269275 95298.059500 96734.849725 666.735129 25.042390 43.591557 31.271136   -9.895303 -1951.527150 -0.150317
2025-02-18 23:00:00 95304.420000 95685.000000 95257.150000 95671.740000 1056.630850 2025-02-18 23:59:59.999    100905810.303305   98721         763.182350     72890318.017901      0 95110.778684 95223.632918 95966.547667 95163.893687 53.645292 -275.661913  -324.700781   49.038868 93883.552968 95271.646500 96659.740032 649.671906 23.923095 58.206321 44.500795   30.238671  -894.896300 -0.104301
2025-02-19 00:00:00 95671.740000 95849.060000 95279.940000 95330.150000  904.118120 2025-02-19 00:59:59.999     86440360.180699  126145         483.902050     46276784.615351      0 95183.902456 95233.777402 95936.623000 95486.383333 49.668686 -234.174380  -306.595501   72.421121 93895.109878 95234.613500 96574.117122 643.918198 22.558732 60.827673 54.208517   28.952149 -1799.014420 -0.128967
2025-02-19 01:00:00 95330.150000 95480.000000 95055.000000 95479.990000  488.980030 2025-02-19 01:59:59.999     46577226.677449  123254         252.970530     24100965.241203      0 95282.598304 95257.226221 95913.916667 95434.416339 51.371545 -187.048201  -282.686041   95.637840 93894.707700 95228.138500 96561.569300 628.281184 21.685282 62.566329 60.533441   13.395071 -1310.034390 -0.087058
2025-02-19 02:00:00 95480.000000 95961.540000 95458.030000 95831.760000  399.442420 2025-02-19 02:59:59.999     38214856.031256  120483         179.372620     17163449.079614      0 95465.652203 95311.943724 95894.953000 95504.838504 55.203336 -119.932952  -250.135423  130.202471 93892.607984 95250.589000 96608.570016 619.368957 20.326099 64.151084 62.515029   62.915069  -910.591970 -0.059673
2025-02-19 03:00:00 95831.760000 95837.820000 95565.570000 95710.260000  366.087600 2025-02-19 03:59:59.999     35041196.353353   62400         124.938850     11959127.190525      0 95547.188135 95349.878607 95874.940500 95538.708118 53.631408  -75.675331  -215.243405  139.568074 93893.140599 95263.255500 96633.370401 594.574745 19.064004 67.915496 64.877636   55.006337 -1276.679570 -0.050757
2025-02-19 04:00:00 95710.250000 95768.950000 95213.850000 95213.850000  432.620130 2025-02-19 04:59:59.999     41315331.361144   71781         109.870480     10496256.951237      0 95436.075423 95336.923502 95844.294000 95515.363764 47.660079  -79.737817  -188.142287  108.404470 93891.756071 95262.003500 96632.250929 591.755121 18.177377 70.847073 67.637884   16.301981 -1709.299700 -0.059572
2025-02-19 05:00:00 95213.840000 95340.050000 95029.990000 95289.330000 2130.119330 2025-02-19 05:59:59.999    202722288.232406  155579         547.211980     52074488.778493      0 95387.160282 95332.390787 95816.067000 95382.011008 48.597240  -75.990787  -165.711987   89.721200 93887.660954 95237.672500 96587.684046 571.634041 17.677921 71.272579 70.011716   -3.672768   420.819630 -0.022210
2025-02-19 06:00:00 95289.340000 95652.000000 95249.650000 95616.310000  436.366040 2025-02-19 06:59:59.999     41637852.595536   62437         236.134120     22533038.142902      0 95463.543522 95359.430712 95795.129000 95392.499872 52.560018  -46.105214  -141.790633   95.685419 93889.694246 95231.363000 96573.031754 559.542324 16.566813 77.136658 73.085437   34.348771   857.185670 -0.004065
2025-02-19 07:00:00 95616.310000 95846.150000 95588.000000 95687.710000  442.084070 2025-02-19 07:59:59.999     42314285.202759   66842         224.430210     21481590.790221      0 95538.265681 95390.695406 95772.283000 95417.351078 53.404745  -16.469449  -116.726396  100.256947 93889.019380 95233.731500 96578.443620 538.014300 15.609702 83.274463 77.227900   59.562614  1299.269740 -0.002549
2025-02-19 08:00:00 95687.710000 95866.000000 95616.600000 95629.990000  345.761520 2025-02-19 08:59:59.999     33112281.668576   56156         166.966420     15988842.161552      0 95568.840454 95413.485368 95750.957167 95434.032408 52.589508    2.332697   -92.914577   95.247275 93920.209774 95205.531000 96490.852226 517.398993 14.760184 87.686957 82.699359   62.645138   953.508220 -0.042694
2025-02-19 09:00:00 95629.990000 95676.000000 95629.700000 95675.990000    8.777180 2025-02-19 09:59:59.999       839490.911073    2733           4.061840       388510.307439      0 95604.556969 95438.485809 95726.138833 95434.366332 53.202623   20.706656   -70.190331   90.896986 93959.905884 95177.830500 96395.755116 483.749065 13.971348 87.891904 86.284441   63.267716   962.285400 -0.027780

==================================================

=== 4h 데이터 불러오기 ===
                             open          high           low         close       volume              close_time  quote_asset_volume   trades  taker_base_volume  taker_quote_volume ignore         EMA_5        EMA_20        SMA_60          VWAP    RSI_14         MACD  MACD_signal   MACD_hist           BBL           BBM           BBU      ATR_14    ADX_14   STOCH_K   STOCH_D      CCI_20           OBV    CMF_20
open_time                                                                                                                                                                                                                                                                                                                                                                                                                  
2025-01-22 12:00:00 105100.380000 105584.230000 103662.580000 104180.010000  6007.848660 2025-01-22 15:59:59.999    627899413.191177  1210571        2854.808690    298392068.382408      0 103537.638000 104381.948500 103584.062167 104475.606667 52.985864  -808.366931  -493.753298 -314.613633 102288.238884 104381.948500 106475.658116 2006.889286 20.285962 68.553408 62.958834   50.403040   6007.848660  0.027301
2025-01-22 16:00:00 104180.010000 104754.640000 103339.120000 104630.000000  4362.471090 2025-01-22 19:59:59.999    454226377.517008  1054260        2223.350880    231556473.099168      0 103537.638000 104381.948500 103584.062167 104377.021506 52.985864  -808.366931  -493.753298 -314.613633 102288.238884 104381.948500 106475.658116 2006.889286 20.285962 68.553408 62.958834   50.403040  10370.319750  0.027301
2025-01-22 20:00:00 104630.000000 104830.120000 103611.660000 103706.660000  2956.507090 2025-01-22 23:59:59.999    307997288.324692   666905        1438.900400    149894463.513256      0 103537.638000 104381.948500 103584.062167 104304.357638 52.985864  -808.366931  -493.753298 -314.613633 102288.238884 104381.948500 106475.658116 2006.889286 20.285962 68.553408 62.958834   50.403040   7413.812660  0.027301
2025-01-23 00:00:00 103706.660000 103819.990000 102100.000000 102461.250000  4960.281640 2025-01-23 03:59:59.999    510050641.849114   670198        2250.753690    231466178.072947      0 103537.638000 104381.948500 103584.062167 102793.746667 52.985864  -808.366931  -493.753298 -314.613633 102288.238884 104381.948500 106475.658116 2006.889286 20.285962 68.553408 62.958834   50.403040   2453.531020  0.027301
2025-01-23 04:00:00 102461.240000 102968.310000 101575.500000 102710.270000  3922.180530 2025-01-23 07:59:59.999    401074797.107297   586937        1914.788040    195901929.051102      0 103537.638000 104381.948500 103584.062167 102627.842029 52.985864  -808.366931  -493.753298 -314.613633 102288.238884 104381.948500 106475.658116 2006.889286 20.285962 68.553408 62.958834   50.403040   6375.711550  0.027301
2025-01-23 08:00:00 102710.280000 102724.940000 101262.280000 101944.490000  3213.961750 2025-01-23 11:59:59.999    327750359.448277   579337        1525.319210    155577360.401031      0 103006.588667 104381.948500 103584.062167 102454.979308 52.985864  -808.366931  -493.753298 -314.613633 102288.238884 104381.948500 106475.658116 2006.889286 20.285962 68.553408 62.958834   50.403040   3161.749800  0.027301
2025-01-23 12:00:00 101944.500000 106050.860000 101281.620000 105263.520000 17241.028110 2025-01-23 15:59:59.999   1793739429.297199  1931073        8847.546800    920650373.673367      0 103758.899111 104381.948500 103584.062167 103479.709156 52.985864  -808.366931  -493.753298 -314.613633 102288.238884 104381.948500 106475.658116 2006.889286 20.285962 68.553408 62.958834   50.403040  20402.777910  0.027301
2025-01-23 16:00:00 105263.520000 106850.000000 103399.980000 103770.040000 10175.265170 2025-01-23 19:59:59.999   1073142531.419490  1418924        5035.722790    531266562.116118      0 103762.612741 104381.948500 103584.062167 103787.091468 52.985864  -808.366931  -493.753298 -314.613633 102288.238884 104381.948500 106475.658116 2006.889286 20.285962 68.553408 62.958834   50.403040  10227.512740  0.027301
2025-01-23 20:00:00 103770.050000 106421.030000 102195.700000 103910.340000 14440.403110 2025-01-23 23:59:59.999   1505003089.010262  1774914        7471.795930    778962547.257317      0 103811.855160 104381.948500 103584.062167 103891.098788 52.985864  -808.366931  -493.753298 -314.613633 102288.238884 104381.948500 106475.658116 2006.889286 20.285962 68.553408 62.958834   50.403040  24667.915850  0.027301
2025-01-24 00:00:00 103910.350000 104298.000000 102750.000000 103891.750000  3785.233690 2025-01-24 03:59:59.999    391922831.880924   708199        1842.911480    190816880.762152      0 103838.486774 104381.948500 103584.062167 103646.583333 52.985864  -808.366931  -493.753298 -314.613633 102288.238884 104381.948500 106475.658116 2006.889286 20.285962 68.553408 62.958834   50.403040  20882.682160  0.027301
2025-01-24 04:00:00 103891.750000 105355.000000 103804.770000 105046.800000  3142.496910 2025-01-24 07:59:59.999    329147151.326356   691715        1648.319530    172648699.105904      0 104241.257849 104381.948500 103584.062167 104140.538827 52.985864  -808.366931  -493.753298 -314.613633 102288.238884 104381.948500 106475.658116 2006.889286 20.285962 68.553408 62.958834   50.403040  24025.179070  0.027301
2025-01-24 08:00:00 105046.790000 105759.000000 104922.410000 105420.100000  2980.394200 2025-01-24 11:59:59.999    313980597.472293   569422        1485.283500    156462712.321495      0 104634.205233 104381.948500 103584.062167 104509.513230 52.985864  -808.366931  -493.753298 -314.613633 102288.238884 104381.948500 106475.658116 2006.889286 20.285962 68.553408 62.958834   50.403040  27005.573270  0.027301
2025-01-24 12:00:00 105420.110000 106321.660000 104669.170000 105859.980000  4922.315030 2025-01-24 15:59:59.999    519530559.953713  1118989        2524.753660    266523147.397879      0 105042.796822 104381.948500 103584.062167 104877.073942 52.985864  -808.366931  -493.753298 -314.613633 102288.238884 104381.948500 106475.658116 2006.889286 20.285962 68.553408 62.958834   50.403040  31927.888300  0.027301
2025-01-24 16:00:00 105859.990000 107120.000000 105589.000000 105760.940000  5483.370320 2025-01-24 19:59:59.999    582989986.386448  1070374        2868.444600    305061794.818541      0 105282.177881 104381.948500 103584.062167 105222.473010 52.985864  -808.366931  -493.753298 -314.613633 102288.238884 104381.948500 106475.658116 2006.889286 20.285962 68.553408 62.958834   50.403040  26444.517980  0.027301
2025-01-24 20:00:00 105760.930000 105781.000000 104456.890000 104870.500000  3295.430020 2025-01-24 23:59:59.999    346247447.354014   640187        1523.747730    160087788.942498      0 105144.951921 104381.948500 103584.062167 105196.462840 52.985864  -808.366931  -493.753298 -314.613633 102288.238884 104381.948500 106475.658116 2006.889286 20.285962 68.553408 62.958834   50.403040  23149.087960  0.027301
2025-01-25 00:00:00 104870.510000 105280.820000 104361.890000 105202.400000  2029.858390 2025-01-25 03:59:59.999    212495941.134055   360315        1056.108630    110577690.911286      0 105164.101281 104381.948500 103584.062167 104948.370000 54.395611  -808.366931  -493.753298 -314.613633 102288.238884 104381.948500 106475.658116 1929.177908 20.285962 68.553408 62.958834   50.403040  25178.946350  0.027301
2025-01-25 04:00:00 105202.400000 105202.400000 104216.810000 104385.980000  1407.204520 2025-01-25 07:59:59.999    147074140.746556   303337         628.598210     65700799.742449      0 104904.727520 104381.948500 103584.062167 104806.448427 50.392738  -808.366931  -493.753298 -314.613633 102288.238884 104381.948500 106475.658116 1861.778772 20.285962 60.729203 62.958834   50.403040  23771.741830  0.027301
2025-01-25 08:00:00 104385.990000 104700.010000 104106.090000 104670.990000  1254.596900 2025-01-25 11:59:59.999    130965373.634691   269678         642.198310     67043469.454742      0 104826.815014 104381.948500 103584.062167 104722.458922 51.728203  -808.366931  -493.753298 -314.613633 102288.238884 104381.948500 106475.658116 1771.217431 20.285962 59.593892 62.958834   50.403040  25026.338730  0.027301
2025-01-25 12:00:00 104670.990000 105111.110000 104456.000000 104897.790000  1464.116620 2025-01-25 15:59:59.999    153367905.429030   315327         744.566230     77996684.972431      0 104850.473342 104381.948500 103584.062167 104746.046995 52.816740  -808.366931  -493.753298 -314.613633 102288.238884 104381.948500 106475.658116 1691.495472 20.285962 57.860510 59.394535   50.403040  26490.455350  0.027301
2025-01-25 16:00:00 104897.790000 105286.520000 104449.750000 105055.160000  1831.577750 2025-01-25 19:59:59.999    192089815.974154   320857         880.859740     92379151.775129      0 104918.702228 104381.948500 103584.062167 104788.338507 53.598626  -808.366931  -493.753298 -314.613633 102288.238884 104381.948500 106475.658116 1630.443652 20.285962 61.629554 59.694652   50.403040  28322.033100  0.027301
2025-01-25 20:00:00 105055.160000 105250.000000 104696.000000 104746.850000  1080.969590 2025-01-25 23:59:59.999    113518354.439316   201251         510.273260     53587199.520060      0 104861.418152 104416.701024 103584.062167 104801.364769 51.787974  -808.366931  -493.753298 -314.613633 102312.939392 104410.290500 106507.641608 1553.554820 20.285962 59.501424 59.663829   44.558437  27241.063510  0.048849
2025-01-26 00:00:00 104746.860000 105273.240000 104503.700000 105062.420000  1315.607420 2025-01-26 03:59:59.999    137839074.251163   227337         724.137400     75881803.854007      0 104928.418768 104478.198069 103584.062167 104946.453333 53.518793  -808.366931  -493.753298 -314.613633 102317.103725 104431.911500 106546.719275 1497.553761 20.285962 58.218830 59.783269   45.159415  28556.670930  0.017490
2025-01-26 04:00:00 105062.410000 105500.000000 104950.000000 104998.350000  1228.947090 2025-01-26 07:59:59.999    129179950.270598   212403         631.980940     66436142.285711      0 104951.729179 104527.736348 103584.062167 105044.494920 53.101971  -808.366931  -493.753298 -314.613633 102395.377284 104496.496000 106597.614716 1429.871350 20.285962 53.824269 57.181508   58.294773  27327.723840  0.034455
2025-01-26 08:00:00 104998.360000 105221.360000 104444.010000 104818.690000  1340.566860 2025-01-26 11:59:59.999    140410140.952346   260160         631.188520     66122717.887823      0 104907.382786 104555.446220 103584.062167 104969.799930 51.881745  -808.366931  -493.753298 -314.613633 102729.841225 104614.368000 106498.894775 1383.262682 20.285962 46.749715 52.930938   25.049149  25987.156980  0.068972
2025-01-26 12:00:00 104818.680000 105126.110000 104703.580000 104967.010000  1136.957990 2025-01-26 15:59:59.999    119295350.300675   213966         660.629480     69324710.926906      0 104927.258524 104594.642770 103584.062167 104961.295157 52.845106  -808.366931  -493.753298 -314.613633 103053.805511 104727.205000 106400.604489 1314.638919 20.285962 36.866081 45.813355   29.033465  27124.114970  0.044856
2025-01-26 16:00:00 104967.020000 105260.360000 104896.000000 105081.630000   866.435020 2025-01-26 19:59:59.999     91032860.508508   188842         409.230950     42999262.604675      0 104978.715683 104641.022507 103584.062167 104978.662784 53.617921  -808.366931  -493.753298 -314.613633 103798.579510 104884.062000 105969.544490 1246.761853 20.285962 30.505503 38.040433   40.501971  27990.549990  0.049054
2025-01-26 20:00:00 105081.640000 105200.000000 102520.440000 102620.000000  3923.998000 2025-01-26 23:59:59.999    406594989.188263   710303        1585.005180    164106452.777027      0 104192.477122 104448.544173 103584.062167 104366.080201 38.880359  -808.366931  -493.753298 -314.613633 103301.097273 104751.886000 106202.674727 1349.104578 20.285962 21.032454 29.468013 -229.590637  24066.551990 -0.167435
2025-01-27 00:00:00 102620.010000 103260.000000 100720.530000 101395.640000  8353.887190 2025-01-27 03:59:59.999    849469493.238986  1503652        3746.949910    381105547.035457      0 103260.198081 104157.791394 103584.062167 101792.056667 33.890737  -808.366931  -493.753298 -314.613633 102606.226606 104633.166000 106660.105394 1434.130680 20.285962 15.957777 22.498578 -324.944096  15712.664800 -0.109607
2025-01-27 04:00:00 101395.640000 101399.990000  97777.770000  99048.020000 12651.634190 2025-01-27 07:59:59.999   1259364955.180779  1576060        5331.190380    530521483.664812      0 101856.138721 103671.146500 103584.062167 100356.495718 26.791162  -808.366931  -493.753298 -314.613633 101226.770463 104390.050000 107553.329537 1590.422774 24.345501 10.651558 15.880597 -354.215871   3061.030610 -0.129352
2025-01-27 08:00:00  99048.010000  99533.330000  98263.490000  98761.130000  6790.389190 2025-01-27 11:59:59.999    672110256.443784  1340740        3288.503920    325545752.860393      0 100824.469147 103203.525881 103584.062167  99989.114420 26.072369  -808.366931  -493.753298 -314.613633 100129.721764 104133.519000 108137.316236 1567.524004 27.850127 14.174755 13.594697 -267.978638  -3729.358580 -0.172629
2025-01-27 12:00:00  98761.120000 102317.940000  98714.280000 101112.030000 11346.074600 2025-01-27 15:59:59.999   1145142235.516751  2235709        5731.240300    578455374.382690      0 100920.322765 103004.335797 103584.062167 100199.454171 40.224957  -808.366931  -493.753298 -314.613633  99749.343231 103936.780500 108124.217769 1712.962290 27.201299 24.120278 16.315530 -138.747001   7616.716020 -0.128780
2025-01-27 16:00:00 101112.030000 101250.560000  98864.000000  99700.020000  6873.597730 2025-01-27 19:59:59.999    685571475.566885  1549386        2963.517670    295535090.770536      0 100513.555177 102689.639054 103584.062167 100160.428220 35.792819  -808.366931  -493.753298 -314.613633  99138.856921 103650.776500 108162.696079 1761.076412 26.633242 26.934664 21.743232 -138.693039    743.118290 -0.155782
2025-01-27 20:00:00  99700.010000 102405.000000  99606.460000 102082.830000  4742.551200 2025-01-27 23:59:59.999    481227906.882060  1163363        2467.822150    250406512.128006      0 101036.646784 102631.847716 103584.062167 100272.954439 46.504780  -808.366931  -493.753298 -314.613633  99020.035966 103461.919000 107903.802034 1835.180954 24.972472 41.272922 30.775955  -75.116421   5485.669490 -0.137282
2025-01-28 00:00:00 102082.830000 102892.000000 101334.550000 102636.320000  3670.236370 2025-01-28 03:59:59.999    374813977.569288   832457        1748.933230    178635680.091416      0 101569.871190 102632.273647 103584.062167 102287.623333 48.647911  -808.366931  -493.753298 -314.613633  98979.960822 103305.688000 107631.415178 1815.343029 23.059884 47.852585 38.686724  -36.526700   9155.905860 -0.052848
2025-01-28 04:00:00 102636.320000 103371.240000 102527.390000 102789.720000  2654.457460 2025-01-28 07:59:59.999    273380067.140036   543027        1298.843690    133776289.003478      0 101976.487460 102647.268538 103584.062167 102543.006394 49.254689  -691.615708  -533.325780 -158.289928  98931.738411 103201.649000 107471.559589 1745.950670 21.005110 61.189406 50.104971  -11.558372  11810.363320 -0.050232
2025-01-28 08:00:00 102789.720000 103181.820000 102393.940000 102762.010000  2051.602140 2025-01-28 11:59:59.999    210861820.053220   536553        1007.681470    103574325.240931      0 102238.328306 102658.196296 103584.062167 102600.871060 49.141730  -594.472775  -545.555179  -48.917596  98907.023961 103079.629500 107252.235039 1677.517050 19.224649 64.121115 57.721035  -12.217956   9758.761180 -0.074145
2025-01-28 12:00:00 102762.020000 103800.000000 101815.260000 102777.990000  5106.451000 2025-01-28 15:59:59.999    524846223.687400  1308769        2629.115830    270315679.486626      0 102418.215538 102669.605221 103584.062167 102675.436922 49.214064  -510.314264  -538.506996   28.192732  98868.652847 102999.230000 107129.807153 1699.461547 18.005561 65.423886 63.578136   -8.457401  14865.212180 -0.061020
2025-01-28 16:00:00 102777.990000 103108.000000 101820.150000 102424.240000  4696.054030 2025-01-28 19:59:59.999    481314138.982279  1247430        2336.894180    239536873.040541      0 102420.223692 102646.237104 103584.062167 102617.406540 47.600116  -466.781934  -524.161984   57.380050  98822.614561 102886.892500 106951.170439 1670.060722 16.910297 64.488618 64.677873  -18.460164  10169.158150 -0.075606
2025-01-28 20:00:00 102424.240000 102538.000000 100272.680000 101335.520000  3843.256650 2025-01-28 23:59:59.999    388761096.603987   960408        1735.179010    175518803.428995      0 102058.655795 102521.406904 103584.062167 102401.816868 42.933509  -514.205414  -522.170670    7.965255  98700.778618 102708.779000 106716.779382 1712.579242 16.385361 58.822948 62.911817  -55.009990   6325.901500 -0.082245
2025-01-29 00:00:00 101335.520000 102319.690000 101328.010000 102038.200000  1696.383360 2025-01-29 03:59:59.999    172677997.398030   469104         779.678810     79364213.878400      0 102051.837196 102475.387199 103584.062167 101895.300000 46.574094  -489.446427  -515.625821   26.179394  98689.871918 102557.931000 106425.990082 1661.086439 15.911193 55.681688 59.664418  -29.334775   8022.284860 -0.083375
2025-01-29 04:00:00 102038.210000 102853.530000 101955.510000 102755.820000  1764.206430 2025-01-29 07:59:59.999    180648217.834702   374651         942.743670     96549459.964131      0 102286.498131 102502.095085 103584.062167 102214.597530 50.076878  -407.224583  -493.945573   86.720991  98720.492691 102458.379500 106196.266309 1606.581693 14.958421 62.536407 59.013681    2.204518   9786.491290 -0.056418
2025-01-29 08:00:00 102755.810000 103000.000000 102180.650000 102646.000000  2209.713780 2025-01-29 11:59:59.999    226744653.085938   441607        1248.244350    128088506.230597      0 102406.332087 102515.800315 103584.062167 102368.250463 49.541571  -346.925593  -464.541577  117.615984  98792.951069 102337.558500 105882.165931 1550.350858 13.952189 73.633282 63.950459   12.407501   7576.777510 -0.059224
2025-01-29 12:00:00 102646.000000 102842.040000 101582.370000 101980.780000  4382.662760 2025-01-29 15:59:59.999    447568403.731488  1018611        1969.218480    201136250.599080      0 102264.481392 102464.845999 103584.062167 102266.590861 46.312119  -348.795210  -441.392304   92.597094  98857.613997 102186.680000 105515.746003 1529.587940 13.574228 76.880099 71.016596   -3.802118   3194.114750 -0.063783
2025-01-29 16:00:00 101980.780000 103999.000000 101400.010000 103583.990000  7259.917800 2025-01-29 19:59:59.999    745368226.435629  1569966        3809.680160    391304331.018529      0 102704.317594 102571.431142 103584.062167 102571.759572 54.081042  -218.393739  -396.792591  178.398852  98951.234973 102124.945000 105298.655027 1605.973801 12.832080 80.042013 76.851798   50.761393  10454.032550 -0.007886
2025-01-29 20:00:00 103584.000000 104782.680000 102868.000000 103733.240000  5842.473890 2025-01-29 23:59:59.999    607376196.286350  1315760        2925.606350    304193876.123630      0 103047.291730 102682.079605 103584.062167 102880.312217 54.737686  -101.832544  -337.800581  235.968038  99070.086054 102063.256500 105056.426946 1628.024244 12.787128 80.519132 79.147081  104.287052  16296.506440 -0.015885
2025-01-30 00:00:00 103733.250000 105300.000000 103278.540000 105196.000000  3876.903170 2025-01-30 03:59:59.999    404868395.657468   720819        2264.892740    236621632.636077      0 103763.527820 102921.500595 103584.062167 104591.513333 60.673337   107.338222  -248.772821  356.111043  99052.414183 102068.975000 105085.535817 1656.126798 13.131854 90.863123 83.808089  156.323353  20173.409610  0.017945
2025-01-30 04:00:00 105196.000000 105595.810000 104799.660000 105132.070000  2795.084940 2025-01-30 07:59:59.999    294033349.060241   473329        1322.346470    139127999.134395      0 104219.708546 103132.031014 103584.062167 104836.307130 60.301140   264.895395  -146.039178  410.934573  98900.292737 102194.578500 105488.864263 1594.699884 13.662373 90.576865 87.319707  175.609718  17378.324670  0.049050
2025-01-30 08:00:00 105132.070000 105534.000000 104925.260000 105300.630000  1690.215830 2025-01-30 11:59:59.999    177890973.323789   356679         723.718120     76166603.589706      0 104580.015698 103338.564251 103584.062167 104920.591407 60.980795   398.765255   -37.078291  435.843546  98854.056534 102389.828000 105925.599466 1524.274178 14.148107 94.638781 92.026257  156.050420  19068.540500  0.097342
2025-01-30 12:00:00 105300.630000 106457.440000 104660.000000 105564.000000  5586.811480 2025-01-30 15:59:59.999    589809189.370799  1093270        3002.431110    317086368.645601      0 104908.010465 103550.510513 103584.062167 105176.877376 62.073369   520.114288    74.360225  445.754063  99271.989774 102715.627000 106159.264226 1543.786022 15.257211 90.432381 91.882676  158.480783  24655.351980  0.147958
2025-01-30 16:00:00 105563.990000 106013.010000 104762.590000 105711.270000  3142.753130 2025-01-30 19:59:59.999    331428217.427736   805752        1656.602250    174736316.330722      0 105175.763643 103756.297131 103584.062167 105235.486867 62.702278   621.009123   183.690004  437.319118  99894.102764 103063.134000 106232.165236 1522.831306 16.274823 89.314760 91.461974  138.477364  27798.105110  0.190593
2025-01-30 20:00:00 105711.280000 105821.620000 104693.820000 104722.940000  2282.306170 2025-01-30 23:59:59.999    240082478.672608   540226        1170.937650    123194324.655519      0 105024.822429 103848.358356 103584.062167 105217.106579 55.991982   614.139616   269.779927  344.359689 100128.875800 103243.679500 106358.483200 1494.614784 17.119183 81.814924 87.187355   99.707366  25515.798940  0.135591
2025-01-31 00:00:00 104722.940000 105029.720000 103930.090000 104344.460000  2510.547870 2025-01-31 03:59:59.999    262206160.636561   456102        1222.931590    127744105.592650      0 104798.034953 103895.606132 103584.062167 104434.756667 53.625228   571.566644   330.137270  241.429374 100789.429301 103475.901500 106162.373699 1466.401585 16.937314 75.242100 82.123928   57.043019  23005.251070  0.163876
2025-01-31 04:00:00 104344.460000 104814.460000 103972.130000 104188.560000  1868.938670 2025-01-31 07:59:59.999    195018287.898871   349720         852.025630     88908296.955575      0 104594.876635 103923.506500 103584.062167 104387.939527 52.638230   519.261705   367.962157  151.299548 100957.023624 103581.188000 106205.352376 1421.825044 16.770022 64.519454 73.858826   44.545302  21136.312400  0.104567
2025-01-31 08:00:00 104188.570000 104848.650000 103936.540000 104736.000000  1992.810200 2025-01-31 11:59:59.999    207844013.050268   402042        1090.951630    113802528.063947      0 104641.917757 104000.886834 103584.062167 104425.193150 55.720197   516.034967   397.576719  118.458248 101053.622826 103686.172000 106318.721174 1385.416826 16.570035 62.521754 67.427770   49.003622  23129.122600  0.092832
2025-01-31 12:00:00 104736.010000 106012.000000 104106.000000 105464.010000  4829.652220 2025-01-31 15:59:59.999    507009250.966997   851907        2657.780460    279238684.492032      0 104915.948504 104140.231897 103584.062167 104756.660988 59.495000   565.701027   431.201581  134.499446 101112.449845 103819.886500 106527.323155 1422.601339 17.402673 67.362194 64.801134   79.136127  27958.774820  0.133949
2025-01-31 16:00:00 105464.000000 105574.400000 102122.000000 102312.320000  6376.848320 2025-01-31 19:59:59.999    660854891.058339  1397008        2788.480680    289087993.066156      0 104048.072336 103966.145050 103584.062167 104241.391994 42.574059   346.749581   414.311181  -67.561600 101048.052651 103797.402000 106546.751349 1567.586957 16.177991 54.786061 61.556670  -24.741251  21581.926500  0.050992
2025-01-31 20:00:00 102312.310000 102482.940000 101560.000000 102429.560000  4404.384650 2025-01-31 23:59:59.999    449241398.584182   875125        2085.229690    212704265.958925      0 103508.568224 103819.803616 103584.062167 103823.879100 43.220977   180.607342   367.570413 -186.963071 101000.760108 103779.980500 106559.200892 1521.540746 15.521712 39.584400 53.910885  -86.586983  25986.311150  0.106887
2025-02-01 00:00:00 102429.560000 102783.710000 102198.520000 102249.190000  1810.342850 2025-02-01 03:59:59.999    185582515.131180   336147         985.251050    101004713.476101      0 103088.775483 103670.221367 103584.062167 102410.473333 42.429064    33.992227   300.854776 -266.862549 100973.940562 103771.228000 106568.515438 1454.658550 14.631837 17.489545 37.286669  -72.544607  24175.968300  0.094090
2025-02-01 04:00:00 102249.190000 102588.570000 102118.560000 102166.490000  1052.218010 2025-02-01 07:59:59.999    107700928.787356   228096         511.258910     52329964.235724      0 102781.346989 103527.008856 103584.062167 102366.633380 42.048646   -87.861691   223.111482 -310.973174 101139.498733 103812.776500 106486.054267 1384.326511 13.882594 15.604483 24.226143  -84.985808  23123.750290  0.089072
2025-02-01 08:00:00 102166.490000 102276.990000 101412.000000 102028.810000  2029.145040 2025-02-01 11:59:59.999    206693049.239182   418187         804.831630     81975798.684763      0 102530.501326 103384.323251 103584.062167 102175.528838 41.383413  -193.313033   139.826579 -333.139612 101137.779737 103812.307000 106486.834263 1347.231046 13.809443 12.893790 15.329273 -106.942811  21094.605250  0.090575
2025-02-01 12:00:00 102028.820000 102329.010000 101730.790000 102073.890000  1704.675190 2025-02-01 15:59:59.999    174005124.681801   385831         854.363040     87219460.456851      0 102378.297550 103259.520084 103548.960167 102141.683970 41.708594  -270.132482    57.834767 -327.967249 101034.193085 103778.210500 106522.227915 1293.730257 13.684396 12.575831 13.691368  -95.576698  22799.280440  0.073957
2025-02-01 16:00:00 102073.890000 102297.990000 101448.000000 101669.600000  1472.580580 2025-02-01 19:59:59.999    150124193.360052   389744         644.318010     65705650.521034      0 102142.065034 103108.099124 103499.620167 102080.275243 39.587521  -359.491282   -25.630443 -333.860839 100874.050673 103729.390500 106584.730327 1262.034524 13.819982 10.149759 11.873127 -102.854303  21326.699860  0.059751
2025-02-01 20:00:00 101669.600000 101669.600000 100279.510000 100635.650000  4221.995800 2025-02-01 23:59:59.999    426248417.037659   830781        1825.870670    184304428.774538      0 101639.926689 102872.627778 103448.436667 101661.650570 34.723999  -507.885312  -122.081416 -385.803896 100590.067904 103662.134000 106734.200096 1271.181344 14.859203  8.145247 10.290279 -142.011718  17104.704060  0.053179
2025-02-02 00:00:00 100635.660000 101456.600000  99148.910000  99206.860000  4565.346380 2025-02-02 03:59:59.999    457702884.681870   867109        1812.044870    181817610.348026      0 100828.904459 102523.507038 103394.196833  99937.456667 29.356725  -732.338125  -244.132758 -488.205367  99808.078824 103443.277500 107078.476176 1345.217676 16.522663  4.053845  7.449617 -160.593294  12539.357680 -0.089417
2025-02-02 04:00:00  99206.850000 100515.990000  99031.190000  99643.300000  3478.783380 2025-02-02 07:59:59.999    347318860.624854   763506        1613.687910    161133751.612467      0 100433.702973 102249.201606 103343.080667  99847.808660 32.774915  -865.030008  -368.312208 -496.717800  99248.975558 103238.780500 107228.585442 1355.187842 18.128679  5.274801  5.824631 -143.564765  16018.141060 -0.093629
2025-02-02 08:00:00  99643.300000 100100.000000  98645.000000  98864.600000  4107.223300 2025-02-02 11:59:59.999    408162838.480608   839920        1667.436560    165789702.630869      0  99910.668649 101926.858595 103291.749167  99629.927434 29.986946 -1021.251511  -498.900069 -522.351443  98611.963803 102922.210500 107232.457197 1362.317282 19.836617  4.197900  4.508849 -141.878048  11910.917760 -0.195754
2025-02-02 12:00:00  98864.600000  99439.050000  98157.000000  99346.870000  5265.385920 2025-02-02 15:59:59.999    520363064.165777  1014883        2492.838420    246407417.334489      0  99722.735766 101681.145396 103193.138333  99433.737218 33.745875 -1093.537402  -617.827535 -475.709866  98180.596366 102632.950500 107085.304634 1356.583905 21.685891  8.965753  6.146151 -133.827341  17176.303680 -0.111073
2025-02-02 16:00:00  99346.870000  99361.970000  96821.540000  98273.160000  9695.737360 2025-02-02 19:59:59.999    947896583.265200  2232176        4447.302010    434938058.661474      0  99239.543844 101356.575358 103101.523667  98975.452925 29.897312 -1223.361761  -738.934380 -484.427381  97622.407992 102281.577000 106940.746008 1441.144340 24.022207 11.307883  8.157178 -147.958912   7480.566320 -0.085111
2025-02-02 20:00:00  98273.170000  98628.740000  96150.000000  97700.590000  7507.023050 2025-02-02 23:59:59.999    730640081.365319  1484745        3553.856920    345989550.715689      0  98726.559229 101008.386276 102998.027833  98654.016084 28.059567 -1356.809658  -862.509436 -494.300222  97078.858506 101888.406500 106697.954494 1515.258316 26.448126 15.798573 12.024070 -151.905801    -26.456730 -0.057988
2025-02-03 00:00:00  97700.590000  97782.790000  91231.000000  94038.740000 29729.491100 2025-02-03 03:59:59.999   2805369829.046283  3573247       13713.739450   1294554303.141598      0  97163.952819 100344.610441 102833.811000  94350.843333 19.713615 -1738.014026 -1037.610354 -700.403672  95721.781871 101304.780000 106887.778129 1875.010579 29.874085 18.850507 15.318988 -208.505150 -29755.947830 -0.100928
2025-02-03 04:00:00  94038.750000  95426.630000  92646.360000  95333.010000  7783.318000 2025-02-03 07:59:59.999    730761199.630084  1470890        3931.159030    369275127.950890      0  96553.638546  99867.315161 102671.914500  94375.289822 27.878814 -1913.625379 -1212.813359 -700.812020  94912.125214 100835.283500 106758.441786 1939.671966 33.047783 25.421191 20.023424 -172.770802 -21972.629830 -0.007148
2025-02-03 08:00:00  95333.010000  95950.680000  94799.290000  95107.890000  6292.624710 2025-02-03 11:59:59.999    600101528.133079  1227512        2973.776380    283658939.821295      0  96071.722364  99414.036574 102500.044333  94506.106098 27.357647 -2047.363216 -1379.723330 -667.639885  94182.461126 100373.455000 106564.448874 1883.366112 35.422300 31.315165 25.195621 -130.709728 -28265.254540 -0.027785
2025-02-03 12:00:00  95107.890000  99500.000000  94131.140000  98842.000000 14148.562070 2025-02-03 15:59:59.999   1366477661.698379  2039763        7136.987520    689828793.252664      0  96995.148243  99359.556900 102383.078000  95234.832673 45.542777 -1830.934076 -1469.965479 -360.968597  94139.502011 100106.127000 106072.751989 2132.329961 34.657535 46.073875 34.270077  -67.141621 -14116.692470  0.069629
2025-02-03 16:00:00  98842.000000 101880.000000  98038.580000 101880.000000 10494.444550 2025-02-03 19:59:59.999   1043286149.212646  1418976        5673.210760    564279643.206070      0  98623.432162  99599.599100 102318.395667  96057.342043 55.338661 -1398.154163 -1455.603216   57.449053  94318.752022  99963.327000 105607.901978 2254.407821 32.582110 66.222952 47.870664   20.007578  -3622.247920  0.133781
2025-02-03 20:00:00 101879.990000 102500.010000 100918.000000 101328.520000  6716.298070 2025-02-03 23:59:59.999    682592812.991150   894874        3307.696320    336248887.108749      0  99525.128108  99764.258233 102259.362667  96551.010176 53.458765 -1087.140907 -1381.910754  294.769847  94656.410188  99756.552500 104856.694812 2206.379405 30.346503 84.712775 65.669867   56.366281 -10338.545990  0.092115
2025-02-04 00:00:00 101328.510000 101732.310000 100534.030000 100629.700000  3827.797560 2025-02-04 03:59:59.999    387102722.895314   433487        1654.251330    167321785.893635      0  99893.318739  99846.681259 102183.151000 100965.346667 51.090317  -886.826808 -1282.893965  396.067157  94689.528032  99672.421500 104655.314968 2134.372305 28.461818 89.653843 80.196523   43.256035 -14166.343550  0.112774
2025-02-04 04:00:00 100629.700000 100764.110000  98229.820000  98448.020000  7495.210520 2025-02-04 07:59:59.999    743682967.593726   957550        3393.088640    336486606.855943      0  99411.552492  99713.475425 102084.185000  99761.910487 44.466765  -893.816424 -1205.078457  311.262033  94630.806945  99473.344500 104315.882055 2162.937854 27.722937 79.016820 84.461146   -9.438328 -21661.554070  0.034452
2025-02-04 08:00:00  98448.010000  99445.170000  97860.000000  98967.700000  4539.233910 2025-02-04 11:59:59.999    447617298.451671   889605        2477.108320    244304424.141378      0  99263.601662  99642.449194 101989.130167  99474.517677 46.254185  -847.650723 -1133.592910  285.942187  94634.597838  99309.270000 103983.942162 2121.668722 27.182893 72.033598 80.234754  -17.193847 -17122.320160  0.058015
2025-02-04 12:00:00  98967.700000 100415.000000  98275.980000  99347.190000  8422.367250 2025-02-04 15:59:59.999    837153150.474074  1398359        4007.371580    398391145.064792      0  99291.464441  99614.329271 101896.620167  99429.964940 47.581003  -771.548470 -1061.184022  289.635552  94680.474604  99168.305000 103656.135396 2122.908099 26.119203 68.239978 73.096799    8.979706  -8699.952910  0.060965
2025-02-04 16:00:00  99347.180000 100777.930000  98778.580000  98859.770000  6617.950490 2025-02-04 19:59:59.999    658596623.724685  1272303        3347.602580    333191026.293872      0  99147.566294  99542.466483 101793.363667  99438.986964 46.009896  -742.014130  -997.350044  255.335914  94717.681695  99009.853000 103302.024305 2114.082520 24.926126 69.457920 69.910499   19.275653 -15317.903400  0.012176
2025-02-04 20:00:00  98859.780000  99444.020000  96150.000000  97763.130000  9365.427240 2025-02-04 23:59:59.999    915545881.125462  1667607        4212.159090    411762206.110211      0  98686.087529  99373.005865 101676.968333  99054.473512 42.601556  -797.899941  -957.460023  159.560082  94711.410752  98794.315000 102877.219248 2198.363769 24.900095 65.894845 67.864248  -40.090243 -24683.330640  0.008731
2025-02-05 00:00:00  97763.140000  98930.440000  97131.430000  98040.000000  4039.384420 2025-02-05 03:59:59.999    395840052.172433   831919        1826.612990    179003253.717572      0  98470.725020  99246.052926 101559.928000  98033.956667 43.734812  -810.505749  -928.069168  117.563419  94740.017861  98612.835000 102485.652139 2169.838500 24.875948 62.028223 65.793663  -23.436673 -20643.946220  0.013298
2025-02-05 04:00:00  98040.010000  98332.410000  97352.770000  97864.430000  3233.501560 2025-02-05 07:59:59.999    316415929.842290   553580        1342.528340    131410232.114715      0  98268.626680  99114.469790 101441.029333  97952.112331 43.152980  -825.151145  -907.485564   82.334418  94703.918328  98474.274000 102244.629672 2084.824321 24.853547 59.084043 62.335704  -25.903172 -23877.447780  0.027383
2025-02-05 08:00:00  97864.430000  98256.000000  97257.050000  98198.000000  3128.596940 2025-02-05 11:59:59.999    305995540.813293   506034        1552.727510    151841658.012991      0  98245.084453  99027.186953 101330.684500  97937.545676 44.659365  -800.612454  -886.110942   85.498488  94667.059391  98423.831000 102180.602609 2007.261870 24.873386 58.542549 59.884938  -19.620417 -20748.850840  0.073190
2025-02-05 12:00:00  98198.000000  99149.000000  97734.690000  98116.240000  5192.004860 2025-02-05 15:59:59.999    510707494.172101   836692        2248.698760    221320059.840380      0  98202.136302  98940.430100 101216.505000  98069.319293 44.349157  -778.785360  -864.645825   85.860465  94631.093290  98347.478000 102063.862710 1964.908165 24.262501 54.274481 57.300358    3.538559 -25940.855700  0.061099
2025-02-05 16:00:00  98116.240000  98277.020000  96500.000000  97370.000000  4822.001480 2025-02-05 19:59:59.999    469607207.068193  1017892        2181.659180    212467038.739858      0  97924.757535  98790.865329 101087.977833  97907.059397 41.514737  -812.338431  -854.184347   41.845916  94540.886984  98272.748000 102004.609016 1951.487581 24.262611 47.553456 53.456829  -38.389558 -30762.857180  0.078301
2025-02-05 20:00:00  97370.000000  97706.370000  96155.000000  96612.430000  5817.815180 2025-02-05 23:59:59.999    563775929.761375   725646        1880.324960    182274045.717044      0  97487.315023  98583.395297 100987.851667  97667.000097 38.803434  -889.801966  -861.307870  -28.494095  94371.374811  98136.026000 101900.677189 1922.907754 24.412876 31.200590 44.342842  -59.724409 -36580.672360  0.034627
2025-02-06 00:00:00  96612.440000  97493.070000  96430.780000  97355.670000  2552.151940 2025-02-06 03:59:59.999    247622714.829299   517373        1290.537050    125191943.971197      0  97443.433349  98466.469079 100920.518833  97093.173333 42.753596  -881.062775  -865.258851  -15.803924  94310.970286  98090.151500 101869.332714 1861.435057 24.552315 21.656844 33.470297  -43.078352 -34028.520420  0.039600
2025-02-06 04:00:00  97355.660000  98436.610000  97273.710000  98195.610000  2075.460630 2025-02-06 07:59:59.999    203290934.224141   327823         984.887530     96446902.686866      0  97694.158899  98440.672976 100906.312000  97485.817162 46.923215  -797.171469  -851.641375   54.469906  94339.769010  98114.902500 101890.035990 1811.539696 23.951562 20.971252 24.609562   -3.032760 -31953.059790  0.036492
2025-02-06 08:00:00  98195.600000  99120.000000  97910.010000  98877.990000  2729.433750 2025-02-06 11:59:59.999    269205952.965163   451779        1425.060680    140577980.958566      0  98088.769266  98482.322216 100908.259667  97912.530237 50.102914  -667.925215  -814.898143  146.972928  95068.873239  98356.865000 101644.856761 1768.571861 22.901521 38.192544 26.940213   20.579788 -29223.626040  0.094093
2025-02-06 12:00:00  98877.990000  99040.090000  96930.170000  97333.090000  6201.572090 2025-02-06 15:59:59.999    607804168.413764  1171515        3009.790540    295033956.866350      0  97836.876177  98372.871529 100845.277333  97846.324497 43.717417  -682.292108  -788.376936  106.084828  95431.679773  98456.869000 101482.058227 1792.953871 22.470894 40.384954 33.182917  -38.251747 -35425.198130  0.001126
2025-02-06 16:00:00  97333.090000  97547.710000  95676.640000  95983.000000  6034.559580 2025-02-06 19:59:59.999    582521980.785142  1090072        2832.165630    273427219.670189      0  97218.917452  98145.264717 100783.327000  97401.621413 39.035358  -793.472299  -789.396009   -4.076291  95650.188536  98500.624500 101351.060464 1798.533594 22.686733 30.171964 36.249821 -127.815965 -41459.757710 -0.008568
2025-02-06 20:00:00  95982.990000  97093.500000  95800.000000  96554.350000  3922.026060 2025-02-06 23:59:59.999    378626170.000051   684245        1719.089060    165933635.222840      0  96997.394968  97993.749029 100691.185667  97248.343536 41.872545  -825.959090  -796.708625  -29.250465  95418.592897  98386.242000 101353.891103 1762.459766 22.887063 16.258439 28.938452 -115.408977 -37537.731650 -0.102907
2025-02-07 00:00:00  96554.350000  97805.600000  96409.650000  97444.040000  3156.675800 2025-02-07 03:59:59.999    306683262.962648   619055        1594.534240    154983909.790803      0  97146.276645  97941.395789 100604.647667  97219.763333 46.080552  -771.026642  -791.572228   20.545586  95645.229099  98164.444000 100683.658901 1736.280497 22.499997 23.374809 23.268404  -66.806467 -34381.055850 -0.200295
2025-02-07 04:00:00  97444.040000  97883.120000  96566.000000  96757.050000  2473.499680 2025-02-07 07:59:59.999    240043155.632339   507722        1040.392240    100972483.951191      0  97016.534430  97828.600952 100504.103167  97153.407073 43.464046  -774.004392  -788.058661   14.054269  95807.176881  97935.870500 100064.564119 1706.340462 22.078306 31.744487 23.792578  -74.636839 -36854.555530 -0.193762
2025-02-07 08:00:00  96757.040000  97750.000000  96613.240000  97750.000000  2223.552350 2025-02-07 11:59:59.999    216288865.491790   399461        1176.731320    114486996.999040      0  97261.022953  97821.115147 100420.569667  97215.034768 48.055063  -688.307138  -768.108357   79.801218  96058.687330  97791.885500  99525.083670 1665.656143 21.686880 45.912737 33.677344  -44.721207 -34631.003180 -0.139219
2025-02-07 12:00:00  97749.990000 100137.990000  97165.510000  98283.980000 12394.345520 2025-02-07 15:59:59.999   1223798079.542419  1528584        6029.888210    595427286.665584      0  97602.008636  97865.197514 100345.669500  98019.443262 50.388258  -570.724764  -728.631638  157.906874  96061.465248  97783.683500  99505.901752 1759.000704 20.694442 49.755940 42.471055   71.244771 -22236.657660 -0.100614
2025-02-07 16:00:00  98283.980000  98563.550000  96856.780000  96898.560000  6759.226470 2025-02-07 19:59:59.999    660963581.194110  1201919        3311.014550    323868959.172517      0  97367.525757  97773.136798 100253.574833  97874.331045 44.769606  -582.615670  -699.428444  116.812775  96007.046291  97680.226500  99353.406709 1755.269940 19.554445 48.514089 48.060922  -31.738802 -28995.884130 -0.179791
2025-02-07 20:00:00  96898.560000  96944.100000  95620.340000  96506.800000  4786.920830 2025-02-07 23:59:59.999    459815489.850529   755715        2096.793140    201374951.980716      0  97080.617171  97652.533293 100173.096167  97645.894540 43.299302  -616.543922  -682.851540   66.307618  95976.641649  97538.207000  99099.772351 1724.447801 18.630770 35.151339 44.473789 -130.709412 -33782.804960 -0.169976
2025-02-08 00:00:00  96506.800000  96880.000000  96335.420000  96699.230000  2006.381230 2025-02-08 03:59:59.999    193863659.869091   368221         747.653700     72250179.615922      0  96953.488114  97561.742504 100084.113333  96638.216667 44.267512  -620.749203  -670.431072   49.681870  95952.588127  97430.180000  98907.771873 1640.171529 17.773307 23.630944 35.765457  -95.148119 -31776.423730 -0.105713
2025-02-08 04:00:00  96699.240000  96699.240000  95785.090000  96209.920000  1789.486040 2025-02-08 07:59:59.999    172143203.656159   315437         801.249600     77077045.955418      0  96705.632076  97432.997503  99975.015000  96446.438907 42.290019  -656.003150  -667.545488   11.542338  95792.138494  97352.519500  98912.900506 1588.312849 17.332860 18.851468 25.877917 -125.625557 -33565.909770 -0.114319
2025-02-08 08:00:00  96209.920000  96293.480000  95865.710000  96120.000000  1164.017050 2025-02-08 11:59:59.999    111824536.414989   226649         606.747830     58292972.300746      0  96510.421384  97307.950122  99866.248333  96363.506490 41.919422  -683.321050  -670.700600  -12.620449  95641.830719  97256.519500  98871.208281 1505.416931 16.923971 15.997477 19.493296 -123.887233 -34729.926820 -0.116133
2025-02-08 12:00:00  96120.000000  96517.520000  95688.000000  95843.740000  2499.532560 2025-02-08 15:59:59.999    240154119.791108   349708        1112.104610    106867736.561453      0  96288.194256  97168.501539  99763.964333  96247.203300 40.738250  -718.974663  -680.355413  -38.619250  95454.995033  97155.485000  98855.974967 1457.138579 16.348613  9.685271 14.844739 -117.063335 -37229.459380 -0.138039
2025-02-08 16:00:00  95843.740000  96750.000000  95749.880000  96579.990000  1536.635540 2025-02-08 19:59:59.999    147946201.793067   302670         801.397210     77160020.606689      0  96385.459504  97112.452821  99647.231000  96266.462951 45.172197  -679.982768  -680.280884    0.298116  95427.053633  97074.584500  98722.115367 1424.494395 15.606779 12.415821 12.699523  -75.260949 -35692.823840 -0.162632
2025-02-08 20:00:00  96579.990000  96712.000000  96358.500000  96444.740000  1151.190520 2025-02-08 23:59:59.999    111108545.991451   195207         381.373870     36804809.864514      0  96405.219669  97048.861124  99525.756000  96293.533721 44.513323  -652.473646  -674.719436   22.245791  95394.528865  96991.009500  98587.490135 1347.994795 14.918063 14.811904 12.304332  -54.571015 -36844.014360 -0.147599
2025-02-09 00:00:00  96444.750000  97300.000000  96360.140000  97300.000000  2064.373000 2025-02-09 03:59:59.999    199922569.320512   304317        1049.373310    101679341.456998      0  96703.479780  97072.779112  99394.156000  96986.713333 49.526788  -555.259448  -650.827439   95.567991  95394.063648  96987.509500  98580.955352 1318.842310 13.973821 25.556871 17.594866   -1.406548 -34779.641360 -0.123631
2025-02-09 04:00:00  97299.990000  97323.090000  96777.770000  97057.830000  1130.185660 2025-02-09 07:59:59.999    109700343.859096   186657         554.205120     53801812.026329      0  96821.596520  97071.355387  99259.585333  97010.127977 48.198805  -492.085140  -619.078979  126.993839  95425.501134  97009.779500  98594.057866 1263.590716 13.118665 29.082598 23.150458    4.627452 -35909.827020 -0.096856
2025-02-09 08:00:00  97057.830000  97294.460000  96509.960000  96554.010000  1810.788460 2025-02-09 11:59:59.999    175461936.539514   257198         790.689230     76619458.642716      0  96732.401013  97022.084398  99113.808333  96929.096872 45.467364  -477.172561  -590.697695  113.525134  95381.890318  96969.696500  98557.502682 1229.369951 12.305177 29.888843 28.176104  -22.922678 -37720.615480 -0.149443
2025-02-09 12:00:00  96554.010000  96703.990000  95700.000000  96488.150000  3215.856870 2025-02-09 15:59:59.999    309537258.180202   407464        1441.429650    138796060.354331      0  96650.984009  96971.233503  98962.544167  96681.990603 45.107503  -465.304842  -565.619124  100.314283  95388.402747  96884.323500  98380.244253 1213.271383 12.301804 23.898635 27.623359  -69.895305 -40936.472350 -0.138026
2025-02-09 16:00:00  96488.140000  96567.800000  95888.880000  96064.740000  1504.318200 2025-02-09 19:59:59.999    144760315.229720   327136         720.671890     69351794.530867      0  96455.569339  96884.900788  98801.768667  96603.386048 42.764141  -484.480448  -549.391389   64.910941  95519.717642  96743.661000  97967.604358 1175.103427 12.298672 16.571152 23.452877  -80.036765 -42440.790550 -0.175353
2025-02-09 20:00:00  96064.730000  96760.000000  94713.000000  96462.750000  4395.393940 2025-02-09 23:59:59.999    420112729.181752   810420        2107.359550    201547131.164036      0  96457.962893  96844.695951  98664.098833  96408.904752 45.623817  -462.232841  -531.959679   69.726839  95501.495045  96700.144000  97898.792955 1237.381754 13.253505 24.829285 21.766358  -98.932349 -38045.396610 -0.074849
2025-02-10 00:00:00  96462.750000  97131.470000  95256.000000  96814.980000  4441.970070 2025-02-10 03:59:59.999    427665815.197679   858227        2171.246040    209042943.684375      0  96576.968595  96841.865861  98538.607500  96400.816667 48.095380  -411.436649  -507.855073   96.418424  95588.653339  96741.743000  97894.832661 1282.959485 13.696477 45.270463 28.890300  -40.972716 -33603.426540  0.031970
2025-02-10 04:00:00  96814.970000  97640.020000  96632.810000  97429.830000  3716.175330 2025-02-10 07:59:59.999    360930695.999734   511724        1824.813030    177286940.226310      0  96861.255730  96897.862445  98425.962000  96780.446197 52.181286  -317.902463  -469.864551  151.962088  95598.242545  96785.517000  97972.791455 1263.263094 13.528328 72.931131 47.676960   65.570284 -29887.251210  0.055627
2025-02-10 08:00:00  97429.830000  97954.690000  97358.790000  97661.160000  3520.473250 2025-02-10 11:59:59.999    344066791.557972   385421        1741.322750    170203635.015098      0  97127.890487  96970.557451  98308.048000  97045.045617 53.659346  -222.544198  -420.400481  197.856283  95581.560733  96796.373000  98011.185267 1215.594301 13.027885 88.098996 68.766863  113.194073 -26366.777960  0.032564
2025-02-10 12:00:00  97661.150000  98345.000000  96866.660000  97218.690000  4536.336850 2025-02-10 15:59:59.999    442413669.071137   815734        2063.049110    201298613.405929      0  97158.156991  96994.189122  98170.626000  97165.829650 50.447392  -180.593942  -372.439173  191.845231  95591.041877  96819.455000  98047.868123 1234.361851 13.016990 84.251131 81.760419   84.220270 -30903.114810  0.022254
2025-02-10 16:00:00  97218.680000  97643.290000  96866.390000  97376.000000  2785.340590 2025-02-10 19:59:59.999    270982603.374169   619175        1172.509040    114062553.964824      0  97230.771327  97030.552063  98088.354000  97184.798552 51.557606  -133.119937  -324.575326  191.455389  95619.075810  96800.755000  97982.434190 1201.686005 13.007123 77.751634 83.367254   63.232293 -28117.774220  0.001910
2025-02-10 20:00:00  97376.000000  97490.710000  97128.790000  97430.820000  1572.579280 2025-02-10 23:59:59.999    153052477.468095   285638         634.683320     61770932.208484      0  97297.454218  97068.672819  98005.041667  97197.434614 51.961527   -90.035061  -277.667273  187.632212  95743.951059  96758.097000  97772.242941 1141.702719 12.997962 72.379864 78.127543   87.430573 -26545.194940  0.075327
2025-02-11 00:00:00  97430.820000  98149.920000  97416.620000  97607.300000  2024.921770 2025-02-11 03:59:59.999    198062671.642674   517016        1025.626140    100317230.812689      0  97400.736146  97119.970645  97927.676833  97724.613333 53.311190   -41.174887  -230.368796  189.193908  95714.760603  96793.534000  97872.307397 1112.531096 12.166381 75.946402 75.359300  132.838681 -24520.273170  0.187868
2025-02-11 04:00:00  97607.310000  98478.420000  97558.990000  98268.970000  2586.681330 2025-02-11 07:59:59.999    254063580.910861   407323        1172.270190    115082458.106591      0  97690.147430  97229.399155  97862.718167  97936.363276 58.067964    50.357897  -174.223457  224.581354  95635.994632  96881.642500  98127.290368 1098.738160 11.575766 82.985421 77.103896  155.130459 -21933.591840  0.191858
2025-02-11 08:00:00  98268.980000  98330.000000  97885.620000  98151.520000  1703.700260 2025-02-11 11:59:59.999    167139035.934222   279844         662.200800     64970236.193275      0  97843.938287  97317.220188  97798.096667  97986.545622 56.958647   112.128507  -116.953064  229.081572  95595.430279  96954.257000  98313.083721 1051.998292 11.027371 88.481594 82.471139  134.870683 -23637.292100  0.186138
2025-02-11 12:00:00  98151.510000  98158.890000  96595.330000  97007.530000  4245.102450 2025-02-11 15:59:59.999    412484516.142201   969337        1947.170210    189213700.636247      0  97565.135525  97287.725885  97713.657333  97692.041317 47.450174    67.988005   -79.964850  147.952856  95678.915721  96994.137500  98309.359279 1088.538414 11.380632 82.230933 84.565983   35.206128 -27882.394550  0.140839
2025-02-11 16:00:00  97007.540000  97045.530000  94876.880000  95040.820000  4884.737110 2025-02-11 19:59:59.999    468375432.506709   873247        2121.035410    203301428.400943      0  96723.697016  97073.734848  97603.177667  97047.612621 36.247298  -124.258348   -88.823550  -35.434798  95414.259560  96940.178500  98466.097440 1165.689241 13.001141 53.653776 74.788768 -138.007834 -32767.131660  0.052452
2025-02-11 20:00:00  95040.810000  96512.700000  94928.470000  95778.200000  3202.620870 2025-02-11 23:59:59.999    306409609.249653   669819        1666.197910    159435000.726626      0  96408.531344  96950.350577  97522.220167  96823.003383 41.795870  -214.640325  -113.986905 -100.653420  95401.327019  96936.901500  98472.475981 1195.585010 14.505825 32.643990 56.176233 -124.116712 -29564.510790  0.083811
2025-02-12 00:00:00  95778.210000  96263.990000  95100.000000  95299.270000  2407.321340 2025-02-12 03:59:59.999    230476795.902529   489956        1032.308770     98826749.308211      0  96038.777563  96793.104807  97457.093667  95554.420000 39.397497  -321.211614  -155.431847 -165.779767  95183.937801  96872.865500  98561.793199 1193.328223 15.902967 17.521640 34.606469 -130.331640 -31971.832130  0.036882
2025-02-12 04:00:00  95299.280000  96188.680000  95267.710000  96069.580000  1939.805510 2025-02-12 07:59:59.999    185796757.150356   373404        1107.510970    106106724.558031      0  96049.045042  96724.197683  97397.531667  95682.741507 44.876463  -339.597876  -192.265052 -147.332823  95138.454694  96854.107500  98569.760306 1173.874065 17.200258 25.658414 25.274681  -93.421707 -30032.026620  0.071525
2025-02-12 08:00:00  96069.580000  96469.780000  95913.490000  96094.650000  2296.457750 2025-02-12 11:59:59.999    220887353.122280   363581         865.529640     83271161.885535      0  96064.246695  96664.240761  97351.365833  95847.473624 45.050581  -348.133119  -223.438666 -124.694453  95060.482859  96793.840000  98527.197141 1129.760917 17.971695 27.499571 23.559875  -57.528092 -27735.568870  0.021772
2025-02-12 12:00:00  96094.650000  96631.660000  94088.230000  95816.180000 11805.540030 2025-02-12 15:59:59.999   1123671853.417590  1986948        5459.266600    519786248.864450      0  95981.557796  96583.473069  97292.521000  95632.819980 43.410333  -373.067078  -253.364348 -119.702730  94952.337453  96731.757500  98511.177547 1230.737280 19.923913 35.429405 29.529130 -102.289967 -39541.108900  0.079679
2025-02-12 16:00:00  95816.180000  97700.000000  95120.300000  97205.060000  6689.558760 2025-02-12 19:59:59.999    647518208.126673  1058047        3303.858190    319635165.134021      0  96389.391864  96642.671825  97274.719333  95910.182446 52.666811  -277.556908  -258.202860  -19.354048  94975.293158  96764.310000  98553.326842 1327.091760 20.371361 48.055719 36.994898   -2.993877 -32851.550140  0.152376
2025-02-12 20:00:00  97205.060000  98119.990000  96854.970000  97869.990000  4012.482860 2025-02-12 23:59:59.999    391791200.674938   720801        2052.231360    200418207.289885      0  96882.924576  96759.559270  97277.542667  96144.838044 56.348160  -146.521112  -235.866511   89.345399  94986.583323  96833.402000  98680.220677 1322.658063 20.311336 65.498608 49.661244   69.287221 -28839.067280  0.158731
2025-02-13 00:00:00  97870.000000  98083.910000  97367.450000  97498.420000  2127.337420 2025-02-13 03:59:59.999    207882415.592454   404120         899.121010     87871103.571414      0  97088.089717  96829.926958  97335.204000  97649.926667 53.828716   -71.828895  -203.058987  131.230093  95071.928512  96905.086000  98738.243488 1279.358201 20.255599 78.271328 63.941885   65.574155 -30966.404700  0.149071
2025-02-13 04:00:00  97498.430000  97564.830000  95800.000000  96070.230000  3383.937880 2025-02-13 07:59:59.999    326501660.725474   608209        1480.826600    142845595.501234      0  96748.803145  96757.574867  97347.491000  96930.577484 45.422084  -126.420475  -187.731285   61.310810  95025.570128  96885.460000  98745.349872 1314.034758 21.272340 69.654920 71.141619  -33.644953 -34350.342580  0.077123
2025-02-13 08:00:00  96070.230000  96336.000000  95599.570000  95925.110000  3154.647280 2025-02-13 11:59:59.999    302866725.097700   557117        1240.371930    119117331.259789      0  96474.238763  96678.292499  97361.111333  96574.914770 44.658878  -179.327491  -186.050526    6.723035  94934.469034  96840.966500  98747.463966 1272.777276 22.333232 54.888057 67.604768  -73.954642 -37504.989860  0.032918
2025-02-13 12:00:00  95925.120000  96480.060000  95336.000000  95998.000000  5428.604690 2025-02-13 15:59:59.999    520722252.518180  1095503        2517.769960    241581123.703327      0  96315.492509  96613.502737  97313.711333  96329.610343 45.157325  -212.920652  -191.424551  -21.496100  94849.219361  96769.375000  98689.530639 1263.583185 23.474097 44.003206 56.182061  -67.676492 -32076.385170  0.014512
2025-02-13 16:00:00  95998.000000  96361.580000  95217.360000  95627.760000  3689.677440 2025-02-13 19:59:59.999    353040155.949945   797271        1677.174600    160507173.037586      0  96086.248339  96519.622476  97209.507333  96206.364486 43.036951  -266.348448  -206.409330  -59.939118  94731.923146  96667.705000  98603.486854 1255.057243 24.605194 41.561222 46.817495  -76.192130 -35766.062610 -0.000225
2025-02-13 20:00:00  95627.750000  96774.710000  95600.000000  96608.140000  2137.571450 2025-02-13 23:59:59.999    205975036.508367   447236        1036.898050     99901240.020585      0  96260.212226  96528.052717  97130.834333  96219.374631 49.763596  -226.965571  -210.520579  -16.444993  94717.928590  96637.177500  98556.426410 1249.318154 25.082931 48.448198 44.670875  -25.290770 -33628.491160  0.053976
2025-02-14 00:00:00  96608.130000  97190.000000  96356.410000  97129.980000  1805.794700 2025-02-14 03:59:59.999    174652922.975676   309700         868.965020     84072865.685352      0  96550.134817  96585.379125  97072.505667  96892.130000 52.948568  -151.895277  -198.795518   46.900241  94721.639720  96624.876500  98528.113280 1219.623286 24.976637 58.588788 49.532736   23.591381 -31822.696460  0.064241
2025-02-14 04:00:00  97129.980000  97248.600000  96561.360000  96944.090000  1782.533030 2025-02-14 07:59:59.999    172651073.545573   234558         775.684480     75141757.138968      0  96681.453212  96619.542065  97047.440167  96904.989427 51.691357  -106.177351  -180.271885   74.094534  94726.930743  96600.540000  98474.149257 1181.595908 24.799968 69.593428 58.876805   28.481140 -33605.229490  0.052143
2025-02-14 08:00:00  96944.090000  97196.000000  96799.990000  96887.560000  1758.385120 2025-02-14 11:59:59.999    170577450.286664   263934         841.454230     81635598.297100      0  96750.155474  96645.067583  97012.771167  96923.470040 51.292501   -73.657980  -158.949104   85.291124  94742.742267  96564.553000  98386.363733 1125.482629 24.635921 71.903586 66.695267   37.671354 -35363.614610  0.052213
2025-02-14 12:00:00  96887.550000  97568.280000  96252.820000  96924.390000  3999.367830 2025-02-14 15:59:59.999    387327436.626032   766397        1918.946410    185890680.795159      0  96808.233650  96671.669718  96972.391167  96919.915440 51.554776   -44.402428  -136.039769   91.637341  94840.277089  96497.324000  98154.370911 1139.052441 24.966790 70.203832 70.566948   42.783520 -31364.246780  0.032922
2025-02-14 16:00:00  96924.570000  98826.000000  96494.170000  97940.450000  6009.559210 2025-02-14 19:59:59.999    588552572.193928  1194586        3236.188730    316966431.287406      0  97185.639100  96792.505935  96957.069167  97246.161444 58.236115    60.077819   -96.816251  156.894070  94869.795358  96486.770500  98103.745642 1224.250838 23.633358 73.695378 71.934265  134.123649 -25354.687570  0.045535
2025-02-14 20:00:00  97940.440000  98264.850000  96697.560000  97500.480000  2817.386570 2025-02-14 23:59:59.999    274311763.241143   730389        1420.077950    138218016.440437      0  97290.586066  96859.932037  96952.691667  97283.596610 54.717078   106.153593   -56.222282  162.375875  94849.051641  96511.418000  98173.784359 1248.753636 22.395188 71.961471 71.953560  102.916500 -28172.074140  0.073957
2025-02-15 00:00:00  97500.470000  97972.260000  97223.580000  97653.190000  1506.432250 2025-02-15 03:59:59.999    147063478.647204   330846         790.857510     77200666.284821      0  97411.454044  96935.480414  96946.244833  97616.343333 55.717296   153.225112   -14.332803  167.557916  95053.510735  96642.036500  98230.562265 1213.034090 21.245472 71.012967 72.223272  103.710522 -26665.641890  0.138143
2025-02-15 04:00:00  97653.190000  97780.730000  97345.500000  97346.260000  1029.429860 2025-02-15 07:59:59.999    100411749.054310   211318         410.146560     40006726.294313      0  97389.722696  96974.602279  96937.608667  97565.391362 53.175010   163.873908    21.308539  142.565370  95155.585056  96720.439500  98285.293944 1157.476655 20.177890 63.574903 68.849780   82.992188 -27695.071750  0.124406
2025-02-15 08:00:00  97346.270000  97731.090000  97301.770000  97615.590000   874.178380 2025-02-15 11:59:59.999     85267521.473995   215600         410.736210     40064205.940482      0  97465.011797  97035.648729  96927.901833  97561.313271 55.110578   191.834488    55.413729  136.420759  95369.479995  96836.255500  98303.031005 1105.465466 19.241732 64.317490 66.301787   81.588603 -26820.893370  0.156313
2025-02-15 12:00:00  97615.590000  97962.510000  97426.570000  97633.220000  2009.358170 2025-02-15 15:59:59.999    196270566.113743   389111        1074.570330    104974945.482841      0  97521.081198  97092.560279  96919.851500  97603.131368 55.241004   212.961158    86.923215  126.037944  95452.776493  96914.437500  98376.098507 1064.785075 18.029358 64.133025 64.008473   87.811669 -24811.535200  0.128374
2025-02-15 16:00:00  97633.210000  97714.390000  97304.380000  97531.900000   921.837880 2025-02-15 19:59:59.999     89879693.316884   266360         411.904150     40158294.479601      0  97524.687466  97134.402157  96922.549833  97590.594292 54.265187   219.003978   113.339367  105.664611  95551.853172  96986.300000  98420.746828 1018.015427 17.077229 65.847799 64.766105   65.040178 -25733.373080  0.144484
2025-02-15 20:00:00  97531.910000  97741.350000  97414.050000  97569.660000  1008.140290 2025-02-15 23:59:59.999     98352385.171957   281092         480.927260     46917939.751920      0  97539.678310  97175.855285  96938.503667  97588.457911 54.587151   224.254803   135.522454   88.732348  95724.486543  97073.974000  98423.461457  968.678611 16.149177 65.423539 65.134788   64.528514 -24725.232790  0.095954
2025-02-16 00:00:00  97569.670000  97704.470000  97411.110000  97547.170000   935.384930 2025-02-16 03:59:59.999     91249516.083402   191250         420.492070     41020071.074740      0  97542.175540  97211.218591  96941.695333  97554.250000 54.341773   224.019013   153.221766   70.797247  95726.787674  97091.079500  98455.371326  920.441567 15.292144 63.227572 64.832970   56.427068 -25660.617720  0.023755
2025-02-16 04:00:00  97547.170000  97682.040000  97212.000000  97248.980000   746.427030 2025-02-16 07:59:59.999     72769664.189790   135438         310.377730     30265231.796809      0  97444.443693  97214.814916  96925.918167  97477.360603 51.064214   197.494117   162.076236   35.417881  95740.528393  97060.029000  98379.529607  888.270027 14.824155 54.752353 61.134488   37.913587 -26407.044750 -0.039436
2025-02-16 08:00:00  97248.980000  97388.890000  97061.580000  97336.000000  1186.969650 2025-02-16 11:59:59.999    115415662.991685   228479         541.624540     52667258.910389      0  97408.295796  97226.356352  96900.218333  97388.319130 51.974544   181.403625   165.941714   15.461911  95741.330755  97051.908000  98362.485245  848.201453 14.634012 47.055610 55.011845   26.697056 -25220.075100  0.006376
2025-02-16 12:00:00  97335.990000  97336.000000  96645.350000  96911.010000  1883.074260 2025-02-16 15:59:59.999    182639394.863317   314961         690.752890     66996837.412452      0  97242.533864  97196.323366  96893.183667  97220.216712 47.342548   132.827500   159.318871  -26.491371  95860.344262  97093.947000  98327.549738  836.947778 15.088036 35.462346 45.756770  -14.404202 -27103.149360  0.049406
2025-02-16 16:00:00  96911.010000  97169.150000  96609.050000  97058.470000  1187.570520 2025-02-16 19:59:59.999    115135554.090967   315775         677.095580     65646383.466318      0  97181.179243  97183.194474  96911.108167  97165.299258 49.039583   105.018769   148.458851  -43.440081  96038.883736  97150.615000  98262.346264  817.172937 15.562401 32.994453 38.504137  -26.225212 -25915.578840  0.077053
2025-02-16 20:00:00  97058.470000  97282.380000  96046.180000  96118.120000  2251.998510 2025-02-16 23:59:59.999    217484450.075812   410798        1079.387820    104246634.003709      0  96826.826162  97081.758810  96903.837667  96977.507943 40.152764     7.020832   120.171247 -113.150415  96068.821831  97156.621000  98244.420169  847.103441 16.757992 19.825434 29.427411 -105.774103 -28167.577350  0.011326
2025-02-17 00:00:00  96118.120000  96638.050000  96023.170000  96215.330000  1866.572260 2025-02-17 03:59:59.999    179716778.748778   366104        1051.021350    101205774.553272      0  96622.994108  96999.241781  96883.359167  96292.183333 41.336283   -62.083544    83.720289 -145.803833  96242.825494  97185.999500  98129.173506  830.516053 17.896762 14.156529 22.325472 -151.279052 -26301.005090  0.020967
2025-02-17 04:00:00  96215.320000  96463.200000  95800.000000  96068.220000  2725.981310 2025-02-17 07:59:59.999    262077787.124384   359463        1146.674740    110244050.624330      0  96438.069405  96910.573040  96871.878667  96184.326548 40.045651  -127.252915    41.525648 -168.778563  96124.709562  97159.003500  98193.297438  818.564906 19.233716  7.835863 13.939275 -175.100879 -29026.986400 -0.032934
2025-02-17 08:00:00  96068.210000  96395.680000  95937.050000  96063.180000  2282.579830 2025-02-17 11:59:59.999    219482144.088938   390760        1098.158450    105593969.844673      0  96313.106270  96829.868941  96843.765000  96166.943904 39.999573  -177.263415    -2.232164 -175.031250  95966.198413  97105.663500  98245.128587  792.855270 20.475167 11.029923 11.007438 -149.684183 -31309.566230 -0.098868
2025-02-17 12:00:00  96063.170000  97046.590000  95564.000000  95659.460000  4434.604580 2025-02-17 15:59:59.999    427549752.576348   643328        2323.840430    224228598.674710      0  96095.224180  96718.401422  96800.023000  96136.780351 36.387696  -246.630918   -51.111915 -195.519003  95739.526606  97041.432000  98343.337394  842.122036 20.024035  9.499199  9.454995 -135.838031 -35744.170810 -0.190679
2025-02-17 16:00:00  95659.450000  95945.490000  95205.000000  95531.360000  3482.132740 2025-02-17 19:59:59.999    332556168.355393   708588        1606.256000    153404636.009660      0  95907.269453  96605.349858  96777.236333  96001.146497 35.298545  -308.386872  -102.566907 -205.819966  95514.892059  96973.622000  98432.351941  834.862605 20.150485  9.328468  9.952530 -171.415564 -39226.303550 -0.169903
2025-02-17 20:00:00  95531.360000  96413.430000  95488.900000  95780.000000  1700.174380 2025-02-17 23:59:59.999    163210895.281626   362994         784.464680     75302047.429553      0  95864.846302  96526.745110  96765.123000  95990.112043 39.108308  -333.422256  -148.737977 -184.684280  95367.448435  96916.402500  98465.356565  841.267419 19.302296 12.828553 10.552073 -114.799165 -37526.129170 -0.196930
2025-02-18 00:00:00  95780.010000  96322.970000  95538.010000  96200.000000  1602.343700 2025-02-18 03:59:59.999    153826724.566133   327276         831.779260     79860419.564588      0  95976.564202  96495.626528  96756.802500  96020.326667 44.999628  -315.732916  -182.136964 -133.595952  95325.425584  96829.380000  98333.334416  837.245461 18.514694 24.578430 15.578484  -88.744231 -35923.785470 -0.230199
2025-02-18 04:00:00  96200.000000  96300.730000  95254.120000  95456.930000  3176.485460 2025-02-18 07:59:59.999    303620783.279230   556723        1341.234070    128194344.154752      0  95803.352801  96396.703049  96744.252667  95787.859087 37.995531  -357.551890  -217.219950 -140.331940  95143.925305  96727.202500  98310.479695  852.200071 18.257951 23.993104 20.466696 -108.866272 -39100.270930 -0.282684
2025-02-18 08:00:00  95456.920000  95872.170000  95050.000000  95640.340000  2483.181230 2025-02-18 11:59:59.999    237109495.533247   448965        1164.459180    111178581.507339      0  95749.015201  96324.668473  96736.258333  95696.553095 40.458946  -371.610381  -248.098036 -123.512345  95035.643762  96626.560000  98217.476238  850.055065 18.342313 23.912643 24.161392 -109.712091 -36617.089700 -0.252608
2025-02-18 12:00:00  95640.350000  96753.910000  95200.000000  95546.480000  4474.044580 2025-02-18 15:59:59.999    429250731.966036   992102        2254.512750    216397194.931006      0  95681.503467  96250.555285  96731.304000  95748.746316 39.592054  -385.877399  -275.653908 -110.223491  94915.354377  96536.571000  98157.787623  900.330418 17.333877 17.911830 21.939192  -73.045889 -41091.134280 -0.266745
2025-02-18 16:00:00  95546.490000  95633.150000  93388.090000  94104.140000  6846.154910 2025-02-18 19:59:59.999    645845478.326708  1203263        2983.045910    281283853.603959      0  95155.715645  96046.134782  96690.039833  95242.670184 29.228148  -507.716261  -322.066379 -185.649882  94502.093381  96360.998500  98219.903619  996.382531 18.063150 20.597866 20.807446 -187.016662 -47937.289190 -0.294070
2025-02-18 20:00:00  94104.150000  95685.000000  93730.720000  95671.740000  4785.984830 2025-02-18 23:59:59.999    454341589.220651   705919        2857.442500    271404839.760345      0  95327.723763  96010.478136  96677.156500  95198.940301 45.826198  -472.337406  -352.120584 -120.216821  94477.326519  96262.924500  98048.522481 1064.803779 18.655551 32.668531 23.726076 -118.690012 -43151.304360 -0.174079
2025-02-19 00:00:00  95671.740000  95961.540000  95055.000000  95710.260000  2158.628170 2025-02-19 03:59:59.999    206273639.242756   432282        1041.184050     99500326.126694      0  95455.235842  95981.885932  96650.660833  95575.600000 46.160342  -436.163347  -368.929137  -67.234210  94470.606399  96171.842500  97873.078601 1053.499223 18.747693 45.469518 32.911972  -63.005935 -40992.676190 -0.153071
2025-02-19 04:00:00  95710.250000  95846.150000  95029.990000  95687.710000  3441.189570 2025-02-19 07:59:59.999    327989757.391844   356639        1117.646790    106585374.662852      0  95532.727228  95953.869177  96627.825500  95542.221423 45.981540  -404.650185  -376.073346  -28.576839  94491.906100  96077.745000  97663.583900 1036.546421 18.861371 60.376006 46.171352  -64.134448 -44433.865760 -0.105969
2025-02-19 08:00:00  95687.710000  95866.000000  95616.600000  95675.990000   354.538700 2025-02-19 11:59:59.999     33951772.579649    58889         171.028260     16377352.468991      0  95580.481485  95927.404493  96613.191833  95552.778862 45.882065  -376.283917  -376.115461   -0.168457  94541.857563  95984.186000  97426.514437  980.321677 18.930953 61.674531 55.840018  -36.368555 -44788.404460 -0.109351

==================================================

=== 1d 데이터 불러오기 ===
                    open          high           low         close       volume              close_time  quote_asset_volume    trades  taker_base_volume  taker_quote_volume ignore         EMA_5        EMA_20 SMA_60          VWAP    RSI_14  MACD  MACD_signal  MACD_hist          BBL           BBM           BBU      ATR_14    ADX_14   STOCH_K   STOCH_D      CCI_20           OBV    CMF_20
open_time                                                                                                                                                                                                                                                                                                                                                                                          
2025-01-23 103706.660000 106850.000000 101262.280000 103910.340000 53953.120310 2025-01-23 23:59:59.999   5610760848.131639   6961383       27045.926460   2813824950.571884      0 103646.104000 100183.488000   None 104007.540000 34.219361   NaN          NaN        NaN 93647.576133 100183.488000 106719.399867 4266.042143 56.222572 34.007070 34.184979  -87.455831  53953.120310 -0.038499
2025-01-24 103910.350000 107120.000000 102750.000000 104870.500000 23609.240170 2025-01-24 23:59:59.999   2483818574.373748   4798886       11893.460500   1251601023.348469      0 103646.104000 100183.488000   None 104913.500000 34.219361   NaN          NaN        NaN 93647.576133 100183.488000 106719.399867 4266.042143 56.222572 34.007070 34.184979  -87.455831  77562.360480 -0.038499
2025-01-25 104870.510000 105286.520000 104106.090000 104746.850000  9068.323770 2025-01-25 23:59:59.999    949511531.357802   1770765        4462.604380    467284996.376097      0 103646.104000 100183.488000   None 104713.153333 34.219361   NaN          NaN        NaN 93647.576133 100183.488000 106719.399867 4266.042143 56.222572 34.007070 34.184979  -87.455831  68494.036710 -0.038499
2025-01-26 104746.860000 105500.000000 102520.440000 102620.000000  9812.512380 2025-01-26 23:59:59.999   1024352365.471552   1813011        4642.172470    484871090.336150      0 103646.104000 100183.488000   None 103546.813333 34.219361   NaN          NaN        NaN 93647.576133 100183.488000 106719.399867 4266.042143 56.222572 34.007070 34.184979  -87.455831  58681.524330 -0.038499
2025-01-27 102620.010000 103260.000000  97777.770000 102082.830000 50758.134100 2025-01-27 23:59:59.999   5092886322.829244   9368910       23529.224330   2361569760.841894      0 103646.104000 100183.488000   None 101040.200000 34.219361   NaN          NaN        NaN 93647.576133 100183.488000 106719.399867 4266.042143 56.222572 34.007070 34.184979  -87.455831   7923.390230 -0.038499
2025-01-28 102082.830000 103800.000000 100272.680000 101335.520000 22022.057650 2025-01-28 23:59:59.999   2253977324.036209   5428644       10756.647410   1101357650.291988      0 102875.909333 100183.488000   None 101802.733333 34.219361   NaN          NaN        NaN 93647.576133 100183.488000 106719.399867 4266.042143 56.222572 34.007070 34.184979  -87.455831 -14098.667420 -0.038499
2025-01-29 101335.520000 104782.680000 101328.010000 103733.240000 23155.358020 2025-01-29 23:59:59.999   2380383694.772136   5189699       11675.171820   1200636637.814367      0 103161.686222 100183.488000   None 103281.310000 34.219361   NaN          NaN        NaN 93647.576133 100183.488000 106719.399867 4266.042143 56.222572 34.007070 34.184979  -87.455831   9056.690600 -0.038499
2025-01-30 103733.250000 106457.440000 103278.540000 104722.940000 19374.074720 2025-01-30 23:59:59.999   2038112603.512641   3990075       10140.928340   1066933244.992021      0 103682.104148 100183.488000   None 104819.640000 34.219361   NaN          NaN        NaN 93647.576133 100183.488000 106719.399867 4266.042143 56.222572 34.007070 34.184979  -87.455831  28430.765320 -0.038499
2025-01-31 104722.940000 106012.000000 101560.000000 102429.560000 21983.181930 2025-01-31 23:59:59.999   2282174002.195218   4331904       10697.399680   1111485874.129284      0 103264.589432 100183.488000   None 103333.853333 34.219361   NaN          NaN        NaN 93647.576133 100183.488000 106719.399867 4266.042143 56.222572 34.007070 34.184979  -87.455831   6447.583390 -0.038499
2025-02-01 102429.560000 102783.710000 100279.510000 100635.650000 12290.957470 2025-02-01 23:59:59.999   1250354228.237230   2588786        5625.893310    572540016.149011      0 102388.276288 100183.488000   None 101232.956667 34.219361   NaN          NaN        NaN 93647.576133 100183.488000 106719.399867 4266.042143 56.222572 34.007070 34.184979  -87.455831  -5843.374080 -0.038499
2025-02-02 100635.660000 101456.600000  96150.000000  97700.590000 34619.499390 2025-02-02 23:59:59.999   3412084312.583628   7202339       15587.166690   1536076091.303013      0 100825.714192 100183.488000   None  98435.730000 34.219361   NaN          NaN        NaN 93647.576133 100183.488000 106719.399867 4266.042143 56.222572 34.007070 34.184979  -87.455831 -40462.873470 -0.038499
2025-02-03  97700.590000 102500.010000  91231.000000 101328.520000 75164.738500 2025-02-03 23:59:59.999   7228589180.711620  10625262       36736.569460   3537845694.481266      0 100993.316128 100183.488000   None  98353.176667 34.219361   NaN          NaN        NaN 93647.576133 100183.488000 106719.399867 4266.042143 56.222572 34.007070 34.184979  -87.455831  34701.865030 -0.038499
2025-02-04 101328.510000 101732.310000  96150.000000  97763.130000 40267.986970 2025-02-04 23:59:59.999   3989698644.264930   6618911       19091.581540   1891457194.359833      0  99916.587419 100183.488000   None  98548.480000 34.219361   NaN          NaN        NaN 93647.576133 100183.488000 106719.399867 4266.042143 56.222572 34.007070 34.184979  -87.455831  -5566.121940 -0.038499
2025-02-05  97763.140000  99149.000000  96155.000000  96612.430000 26233.304440 2025-02-05 23:59:59.999   2562342153.829685   4471763       11032.551740   1078316288.142559      0  98815.201612 100183.488000   None  97305.476667 34.219361   NaN          NaN        NaN 93647.576133 100183.488000 106719.399867 4266.042143 56.222572 34.007070 34.184979  -87.455831 -31799.426380 -0.038499
2025-02-06  96612.440000  99120.000000  95676.640000  96554.350000 23515.204050 2025-02-06 23:59:59.999   2289071921.217560   4242807       11261.530490   1096611639.376009      0  98061.584408 100183.488000   None  97116.996667 34.219361   NaN          NaN        NaN 93647.576133 100183.488000 106719.399867 4266.042143 56.222572 34.007070 34.184979  -87.455831 -55314.630430 -0.038499
2025-02-07  96554.350000 100137.990000  95620.340000  96506.800000 31794.220650 2025-02-07 23:59:59.999   3107592434.673834   5012456       15249.353700   1491114588.559852      0  97543.322939 100183.488000   None  97421.710000 34.144343   NaN          NaN        NaN 93647.576133 100183.488000 106719.399867 4284.014133 56.222572 34.007070 34.184979  -87.455831 -87108.851080 -0.038499
2025-02-08  96506.800000  96880.000000  95688.000000  96444.740000 10147.242940 2025-02-08 23:59:59.999    977040267.515863   1757892        4450.526820    428452764.904741      0  97177.128626 100183.488000   None  96337.580000 34.039456   NaN          NaN        NaN 93647.576133 100183.488000 106719.399867 4063.155980 56.222572 34.131222 34.184979  -87.455831 -97256.094020 -0.038499
2025-02-09  96444.750000  97323.090000  94713.000000  96462.750000 14120.916130 2025-02-09 23:59:59.999   1359495152.310797   2293192        6663.728750    641795598.175276      0  96939.002417 100183.488000   None  96166.280000 34.102720   NaN          NaN        NaN 93647.576133 100183.488000 106719.399867 3959.365553 56.222572 34.416646 34.184979  -87.455831 -83135.177890 -0.038499
2025-02-10  96462.750000  98345.000000  95256.000000  97430.820000 20572.875370 2025-02-10 23:59:59.999   1999112052.668786   3475919        9607.623290    933665618.505019      0  97102.941612 100183.488000   None  97010.606667 37.568921   NaN          NaN        NaN 93647.576133 100183.488000 106719.399867 3897.196585 56.222572 36.439487 34.995785  -87.455831 -62562.302520 -0.038499
2025-02-11  97430.820000  98478.420000  94876.880000  95778.200000 18647.763790 2025-02-11 23:59:59.999   1806534846.386320   3716586        8594.500660    832320054.876372      0  96661.361074 100183.488000   None  96377.833333 34.256259   NaN          NaN        NaN 93647.576133 100183.488000 106719.399867 3876.078258 56.222572 34.980315 35.278816  -87.455831 -81210.066310 -0.038499
2025-02-12  95778.210000  98119.990000  94088.230000  97869.990000 29151.166250 2025-02-12 23:59:59.999   2800142168.394365   4992737       13820.705530   1328044257.040133      0  97064.237383  99963.154857   None  96692.736667 41.310330   NaN          NaN        NaN 93506.060311  99881.470500 106256.880689 3887.198382 56.222572 38.061009 36.493604  -73.284709 -52058.900060  0.014564
2025-02-13  97870.000000  98083.910000  95217.360000  96608.140000 19921.776160 2025-02-13 23:59:59.999   1916988246.392118   3909456        8852.162150    851823567.093935      0  96912.204922  99643.629633   None  96636.470000 38.618456   NaN          NaN        NaN 93375.073859  99468.352500 105561.631141 3814.294926 56.222572 36.614764 36.552029  -69.123851 -71980.676220  0.014876
2025-02-14  96608.130000  98826.000000  96252.820000  97500.480000 18173.026460 2025-02-14 23:59:59.999   1768073218.869015   3499564        9061.316820    881925349.644421      0  97108.296615  99439.520144   None  97526.433333 41.520519   NaN          NaN        NaN 93466.446863  99106.034000 104745.621137 3725.643860 56.222572 44.749643 39.808472  -43.256949 -53807.649760  0.012074
2025-02-15  97500.470000  97972.260000  97223.580000  97569.660000  7349.376830 2025-02-15 23:59:59.999    717245393.778092   1694327        3579.142020    349322778.233977      0  97262.084410  99261.438225   None  97588.500000 41.750450   NaN          NaN        NaN 93417.306800  98853.517000 104289.727200 3513.003584 56.222572 48.965268 43.443225  -37.583862 -46458.272930  0.028697
2025-02-16  97569.670000  97704.470000  96046.180000  96118.120000  8191.424900 2025-02-16 23:59:59.999    794694242.294973   1596701        3719.730630    360842416.664417      0  96880.762940  98962.074585   None  96622.923333 38.343845   NaN          NaN        NaN 93206.693785  98555.281500 103903.869215 3380.524043 56.222572 51.294954 48.336622  -62.785196 -54649.697830 -0.045185
2025-02-17  96118.120000  97046.590000  95205.000000  95780.000000 16492.045100 2025-02-17 23:59:59.999   1584593526.175468   2831237        8010.415650    769979077.136197      0  96513.841960  98659.019862   None  96010.530000 37.574744   NaN          NaN        NaN 92958.366023  98277.505500 103596.644977 3270.600182 56.222572 40.582716 46.947646  -79.191948 -71141.742930 -0.040288
2025-02-18  95780.010000  96753.910000  93388.090000  95671.740000 23368.194710 2025-02-18 23:59:59.999   2223994802.892005   4234248       11432.473670   1088319233.521990      0  96233.141307  98374.517018   None  95271.246667 37.316654   NaN          NaN        NaN 93073.559544  97874.430500 102675.301456 3277.401598 56.222572 33.110635 41.662768 -104.178033 -94509.937640 -0.041852
2025-02-19  95671.740000  95961.540000  95029.990000  95675.990000  5954.356440 2025-02-19 23:59:59.999    568215169.214249    847810        2329.859100    222463053.258537      0  96047.424204  98117.514445   None  95555.840000 37.334851   NaN          NaN        NaN 93705.081447  97422.083000 101139.084553 3109.840770 56.222572 29.953146 34.548832 -101.035363 -88555.581200 -0.034186

==================================================

=== 바이낸스 선물 펀딩비 이력 조회 ===
            fundingTime  symbol fundingRate
2025-02-12 08:00:00.000 BTCUSDT  0.00004899
2025-02-12 16:00:00.001 BTCUSDT  0.00004960
2025-02-13 00:00:00.001 BTCUSDT  0.00010000
2025-02-13 08:00:00.000 BTCUSDT  0.00004117
2025-02-13 16:00:00.001 BTCUSDT  0.00000805
2025-02-14 00:00:00.000 BTCUSDT  0.00004100
2025-02-14 08:00:00.001 BTCUSDT  0.00005510
2025-02-14 16:00:00.000 BTCUSDT  0.00007093
2025-02-15 00:00:00.000 BTCUSDT  0.00000055
2025-02-15 08:00:00.000 BTCUSDT  0.00003297
2025-02-15 16:00:00.000 BTCUSDT  0.00003735
2025-02-16 00:00:00.000 BTCUSDT  0.00003390
2025-02-16 08:00:00.000 BTCUSDT  0.00000182
2025-02-16 16:00:00.000 BTCUSDT  0.00003799
2025-02-17 00:00:00.000 BTCUSDT  0.00006239
2025-02-17 08:00:00.000 BTCUSDT  0.00006397
2025-02-17 16:00:00.000 BTCUSDT  0.00002009
2025-02-18 00:00:00.000 BTCUSDT  0.00009488
2025-02-18 08:00:00.000 BTCUSDT  0.00010000
2025-02-18 16:00:00.000 BTCUSDT  0.00010000
2025-02-19 00:00:00.000 BTCUSDT  0.00007007

=== 바이낸스 선물 미결제약정 (Open Interest) 조회 ===
 symbol sumOpenInterest sumOpenInterestValue           timestamp
BTCUSDT  79669.95800000  7588883236.71407200 2025-02-12 04:00:00
BTCUSDT  79588.76400000  7643076143.32440000 2025-02-12 08:00:00
BTCUSDT  79391.07000000  7626650662.35679800 2025-02-12 12:00:00
BTCUSDT  79764.19100000  7638777512.29038700 2025-02-12 16:00:00
BTCUSDT  77305.67100000  7510160901.41190000 2025-02-12 20:00:00
BTCUSDT  78374.69700000  7667447857.01435500 2025-02-13 00:00:00
BTCUSDT  78402.78400000  7641401898.10560000 2025-02-13 04:00:00
BTCUSDT  78475.02300000  7535339925.19408800 2025-02-13 08:00:00
BTCUSDT  79045.94300000  7579331811.02612200 2025-02-13 12:00:00
BTCUSDT  79096.27500000  7589279676.62250000 2025-02-13 16:00:00
BTCUSDT  78814.71300000  7533725023.30140000 2025-02-13 20:00:00
BTCUSDT  78469.96100000  7577098669.14050000 2025-02-14 00:00:00
BTCUSDT  77949.15100000  7568472816.34500000 2025-02-14 04:00:00
BTCUSDT  77726.79000000  7531287449.84458100 2025-02-14 08:00:00
BTCUSDT  77726.40200000  7527547440.00670900 2025-02-14 12:00:00
BTCUSDT  77945.83200000  7551906646.65120000 2025-02-14 16:00:00
BTCUSDT  79039.22500000  7737805760.81750000 2025-02-14 20:00:00
BTCUSDT  76975.29000000  7501172900.37424700 2025-02-15 00:00:00
BTCUSDT  76576.96800000  7475397669.97920000 2025-02-15 04:00:00
BTCUSDT  76793.65100000  7472982162.93750000 2025-02-15 08:00:00
BTCUSDT  77200.01200000  7532366570.83400000 2025-02-15 12:00:00
BTCUSDT  77193.89800000  7533692158.97120000 2025-02-15 16:00:00
BTCUSDT  77015.74100000  7508795998.70290000 2025-02-15 20:00:00
BTCUSDT  76875.53800000  7498278537.89020000 2025-02-16 00:00:00
BTCUSDT  76824.89800000  7490803997.00020000 2025-02-16 04:00:00
BTCUSDT  76876.72500000  7472986557.76500000 2025-02-16 08:00:00
BTCUSDT  76554.44100000  7448429773.56285900 2025-02-16 12:00:00
BTCUSDT  76235.21900000  7384070671.12290800 2025-02-16 16:00:00
BTCUSDT  76438.86400000  7416278184.90279500 2025-02-16 20:00:00
BTCUSDT  76101.56600000  7311338253.01526300 2025-02-17 00:00:00
BTCUSDT  76659.19300000  7372856036.96157100 2025-02-17 04:00:00
BTCUSDT  76998.90100000  7394325072.39761100 2025-02-17 08:00:00
BTCUSDT  77861.96400000  7476360816.11615600 2025-02-17 12:00:00
BTCUSDT  77802.30400000  7439137319.03360000 2025-02-17 16:00:00
BTCUSDT  78183.09200000  7466413865.45618100 2025-02-17 20:00:00
BTCUSDT  76980.36100000  7370338401.25910000 2025-02-18 00:00:00
BTCUSDT  78308.31600000  7530370422.33960000 2025-02-18 04:00:00
BTCUSDT  79194.16900000  7556422400.79280950 2025-02-18 08:00:00
BTCUSDT  79850.52800000  7634269890.08050500 2025-02-18 12:00:00
BTCUSDT  79398.27300000  7583114630.07804800 2025-02-18 16:00:00
BTCUSDT  84008.47400000  7902021883.08280000 2025-02-18 20:00:00
BTCUSDT  81978.87700000  7838865299.83524800 2025-02-19 00:00:00
